Hour_of_Day,Day_of_Week,Month,Consumption_Pattern,Voltage,Line_Voltage,Apparent_Power,Energy_Consumption_kWh,Television,Dryer,Oven,Microwave,Refrigerator,Datetime,Transaction_ID
17,2,7,2,231,236,1917,38.82486083,1,0,0,1,0,7/26/2022 17:56,32115
5,1,2,2,214,220,1695,96.21805222,1,1,0,1,0,2/15/2021 5:33,14084
8,2,2,0,232,233,1942,34.06561354,1,1,1,1,0,2/15/2022 8:32,26588
2,3,1,2,223,229,1757,11.89881961,0,1,0,0,1,1/12/2022 2:29,25415
7,7,1,1,227,228,1656,24.68912252,0,0,1,1,0,1/24/2021 7:15,13333
21,4,1,1,217,224,1932,97.96005708,1,0,1,0,1,1/16/2020 21:56,546
5,1,3,2,213,222,1695,68.2587759,1,1,0,0,1,3/23/2020 5:29,2817
6,5,8,2,220,224,1753,24.66218608,0,1,0,0,0,8/4/2023 6:03,44906
2,6,5,0,222,228,1816,72.09020208,1,1,1,0,0,5/2/2020 2:06,4182
7,6,11,1,231,232,1703,95.29343607,0,0,1,1,1,11/5/2022 7:22,35593
0,6,9,2,228,234,1880,95.82361333,0,1,0,0,0,9/4/2021 0:21,20960
20,7,5,2,220,221,1939,92.76650269,1,0,0,0,0,5/29/2022 20:13,30132
7,3,1,1,220,226,1912,24.8772778,0,0,1,0,1,1/26/2022 7:47,25902
11,3,4,2,231,239,1715,22.96493122,1,1,0,1,1,4/22/2020 11:32,3853
22,1,4,2,220,220,1524,70.80608774,1,0,0,0,0,4/18/2022 22:23,28731
7,6,12,1,227,229,1537,62.15024306,0,0,1,0,0,12/17/2022 7:50,37032
16,4,3,2,221,225,1531,28.9285503,1,1,0,0,1,3/5/2020 16:18,2216
4,2,12,1,231,233,1776,43.30349656,0,0,1,0,1,12/21/2021 4:10,24664
20,6,4,2,219,222,1798,47.24055855,1,1,0,1,1,4/22/2023 20:28,41365
19,4,5,2,212,221,1975,40.96322866,1,1,0,1,1,5/28/2020 19:20,5097
23,5,1,2,220,224,1897,29.3775793,1,1,0,1,1,1/27/2023 23:12,38458
13,6,5,0,219,222,1986,47.10938961,0,1,1,1,0,5/23/2020 13:12,4917
15,2,5,2,220,221,1722,96.13448025,1,1,0,1,1,5/11/2021 15:26,17009
2,2,9,1,223,229,1896,90.44886663,0,1,1,1,1,9/6/2022 2:59,33532
18,7,3,0,217,225,1865,99.22070751,0,1,1,1,0,3/12/2023 18:25,39958
16,3,1,1,231,238,1937,95.55298839,0,0,0,0,1,1/25/2023 16:32,38380
1,6,3,1,218,224,1663,66.46290708,0,1,1,1,1,3/12/2022 1:25,27434
13,7,1,1,237,237,1899,91.55195921,0,0,1,1,0,1/10/2021 13:10,12862
7,6,12,0,221,222,1624,39.69074247,0,1,1,1,0,12/10/2022 7:38,36792
19,6,11,1,238,239,1587,12.13046452,0,0,1,1,1,11/27/2021 19:31,23864
8,5,1,2,221,225,1666,18.6124589,0,1,0,1,0,1/21/2022 8:38,25732
7,2,2,0,233,237,1671,66.74190214,1,1,1,1,0,2/22/2022 7:20,26826
23,1,12,1,237,238,1947,18.62046021,0,0,1,1,1,12/6/2021 23:34,24178
9,6,1,0,222,229,1632,11.98910398,0,1,1,0,0,1/30/2021 9:43,13542
0,1,6,2,217,223,1652,89.53082603,0,1,0,0,1,6/15/2020 0:07,5686
20,2,1,2,225,228,1630,46.99785878,0,1,0,1,1,1/17/2023 20:01,38111
13,6,6,1,221,229,1564,72.99481232,0,1,1,1,1,6/3/2023 13:56,42794
18,3,8,0,221,221,1525,68.54810623,1,1,1,0,0,8/4/2021 18:19,19924
15,4,9,1,227,232,1867,25.13805643,0,0,1,0,1,9/10/2020 15:58,8688
15,3,5,0,213,220,1575,11.00759514,1,1,1,0,0,5/3/2023 15:46,41735
22,2,4,2,224,230,1789,68.69274632,1,1,0,1,0,4/25/2023 22:03,41470
16,2,10,0,217,222,1824,15.55450685,0,1,1,0,0,10/18/2022 16:04,34989
4,1,4,2,227,235,1898,56.84244201,0,1,0,1,0,4/24/2023 4:42,41411
12,5,6,0,225,230,1774,78.86872415,1,0,1,0,0,6/24/2022 12:14,31011
5,6,9,1,219,221,1944,74.88227699,0,0,1,0,0,9/9/2023 5:27,46138
2,6,5,1,220,225,1879,86.28554276,0,0,0,1,1,5/9/2020 2:59,4423
19,5,3,1,232,232,1518,59.97531896,0,0,0,0,1,3/3/2023 19:16,39651
8,1,3,0,213,222,1610,82.75525017,1,1,1,1,1,3/23/2020 8:17,2821
2,7,10,2,214,222,1580,16.894757,0,1,0,0,0,10/23/2022 2:36,35141
14,2,5,1,236,239,1760,14.25525573,0,0,1,1,0,5/18/2021 14:14,17247
5,7,6,2,227,229,1956,35.6335031,0,0,0,0,0,6/19/2022 5:23,30830
4,7,4,2,213,222,1583,39.84072566,0,1,0,1,0,4/2/2023 4:17,40657
6,5,11,2,223,224,1609,10.54440074,0,1,0,0,1,11/3/2023 6:29,48023
17,3,6,1,227,227,1977,45.02970692,0,0,0,0,1,6/10/2020 17:48,5540
1,5,9,1,223,227,1691,97.49171377,0,0,0,1,1,9/1/2023 1:13,45858
1,6,8,1,223,230,1993,11.1034307,0,0,1,0,1,8/7/2021 1:40,20003
14,5,3,2,230,231,1899,59.38852724,0,1,0,1,1,3/4/2022 14:01,27178
21,3,11,2,219,226,1876,99.18942712,0,1,0,1,1,11/29/2023 21:37,48935
4,6,8,1,221,230,1825,46.32170497,1,0,0,0,1,8/6/2022 4:49,32473
15,1,6,0,237,239,1596,79.88768766,1,1,1,1,1,6/7/2021 15:41,17934
17,2,6,0,234,234,1737,18.54417017,0,1,1,1,0,6/15/2021 17:07,18210
23,5,5,2,213,220,1850,15.13286569,0,1,0,1,0,5/7/2021 23:50,16884
0,5,7,1,222,228,1932,85.33694159,0,0,0,0,1,7/29/2022 0:36,32193
5,1,6,1,232,237,1757,87.26420641,0,0,0,0,1,6/5/2023 5:52,42851
18,5,5,1,231,233,1761,48.6513684,0,0,1,0,0,5/27/2022 18:28,30061
6,1,12,2,237,237,1589,65.5804731,1,1,0,1,0,12/14/2020 6:36,11928
6,5,8,2,230,232,1835,10.59893474,0,1,0,0,0,8/4/2023 6:45,44907
12,5,5,1,229,237,1698,29.73823826,0,0,1,1,0,5/8/2020 12:58,4403
12,3,7,0,222,228,1753,60.93346558,1,1,1,1,0,7/8/2020 12:16,6491
18,1,10,2,217,223,1906,19.46657506,0,0,0,1,0,10/25/2021 18:54,22733
3,3,1,1,220,229,1577,62.2827048,1,0,0,0,1,1/13/2021 3:32,12951
19,4,11,1,230,233,1818,62.4109562,0,1,1,1,1,11/10/2022 19:49,35782
21,3,7,1,225,234,1510,72.53014818,0,0,0,1,1,7/22/2020 21:47,6984
22,3,6,2,220,220,1944,73.31970181,1,1,0,0,0,6/29/2022 22:35,31197
5,1,2,0,224,233,1701,25.50959266,0,1,1,1,0,2/28/2022 5:36,27029
3,6,9,2,221,225,1531,66.48110251,1,1,0,0,1,9/24/2022 3:23,34149
23,1,9,2,217,226,1757,55.12763916,0,1,0,0,1,9/19/2022 23:10,34006
5,2,6,2,221,224,1539,54.60222225,1,1,0,1,0,6/8/2021 5:00,17953
7,7,7,2,234,237,1946,62.7706629,0,0,0,0,0,7/23/2023 7:25,44497
23,1,9,0,220,225,1744,79.14521479,1,1,1,1,1,9/14/2020 23:41,8836
2,2,2,0,217,220,1961,60.06843594,1,1,1,0,1,2/8/2022 2:44,26340
22,7,8,0,218,221,1653,28.79236375,1,0,1,1,0,8/6/2023 22:31,44998
9,7,2,2,219,228,1671,95.49251938,1,1,0,1,1,2/13/2022 9:35,26521
3,6,10,1,218,221,1730,69.11149659,1,0,0,1,1,10/28/2023 3:19,47813
23,6,10,2,236,237,1850,39.40584394,1,1,0,0,1,10/30/2021 23:38,22911
19,5,4,2,230,235,1901,41.44927172,1,0,0,1,0,4/29/2022 19:05,29103
0,2,10,2,223,226,1760,44.3115193,1,1,0,1,1,10/25/2022 0:09,35206
22,1,8,1,229,238,1921,78.96821192,1,0,0,1,1,8/24/2020 22:24,8115
1,4,2,2,233,233,1868,31.8985369,0,1,0,1,1,2/25/2021 1:44,14421
6,1,4,1,220,227,1713,95.77571375,0,0,1,1,1,4/5/2021 6:55,15764
12,1,6,0,234,234,1602,94.24376185,1,1,1,1,1,6/22/2020 12:14,5943
12,7,10,2,235,239,1799,20.67318504,0,1,0,1,1,10/9/2022 12:01,34675
21,4,5,1,220,224,1886,81.33631168,1,0,0,0,1,5/27/2021 21:47,17566
6,3,8,2,221,225,1678,51.1568632,1,0,0,1,0,8/24/2022 6:38,33092
23,6,7,0,232,233,1990,80.86693776,1,1,1,0,1,7/15/2023 23:30,44246
23,2,6,0,226,233,1867,42.68406254,0,1,1,0,0,6/2/2020 23:23,5274
7,2,5,1,217,223,1946,36.20729277,1,0,1,1,1,5/10/2022 7:22,29463
5,3,9,1,215,222,1960,27.1142412,1,0,1,1,1,9/27/2023 5:09,46754
19,7,4,1,231,238,1929,29.66931786,0,0,1,0,1,4/17/2022 19:45,28693
23,4,12,0,217,225,1654,88.17983878,1,1,1,1,1,12/9/2021 23:45,24281
12,1,8,2,229,235,1561,90.35500428,1,1,0,1,1,8/10/2020 12:54,7622
0,6,5,1,238,239,1562,48.49682018,0,0,1,0,0,5/29/2021 0:25,17604
11,2,10,2,229,234,1787,50.27251217,0,0,0,0,0,10/3/2023 11:07,46968
6,4,1,2,220,221,1544,52.36964684,1,1,0,0,0,1/20/2022 6:00,25694
5,7,11,1,237,238,1978,71.43243776,0,0,1,1,1,11/21/2021 5:08,23638
6,7,10,1,214,221,1828,36.5703743,0,0,0,0,1,10/23/2022 6:06,35146
23,3,6,2,227,234,1597,76.7208617,1,1,0,0,1,6/9/2021 23:03,18013
9,6,2,2,223,230,1743,64.81633435,0,0,0,1,0,2/19/2022 9:15,26726
14,5,1,1,237,237,1943,59.05389663,0,0,1,1,0,1/1/2021 14:01,12555
11,7,1,1,224,231,1558,17.84200266,1,0,1,0,1,1/12/2020 11:25,394
7,3,11,1,228,234,1862,54.27740933,1,0,1,0,1,11/11/2020 7:23,10799
7,5,10,2,222,229,1664,74.26856687,1,1,0,0,0,10/9/2020 7:28,9669
21,7,6,2,223,230,1532,60.59314199,0,1,0,0,0,6/19/2022 21:30,30853
3,6,10,0,219,221,1652,58.30309897,1,0,1,1,0,10/15/2022 3:16,34868
23,2,12,0,223,232,1739,46.58479739,1,0,1,1,0,12/13/2022 23:57,36918
23,3,1,1,218,225,1760,21.83501006,0,0,0,0,1,1/5/2022 23:18,25205
13,5,12,1,221,225,1650,59.87691659,0,0,1,0,1,12/10/2021 13:46,24301
4,4,3,1,230,232,1606,80.4857999,1,0,1,1,1,3/26/2020 4:58,2919
8,5,7,2,227,236,1981,93.42584477,1,1,0,1,0,7/17/2020 8:37,6794
9,3,3,1,216,220,1925,96.78151447,0,0,1,0,1,3/25/2020 9:21,2891
7,3,2,2,229,238,1520,88.2502557,1,0,0,0,0,2/17/2021 7:19,14155
17,7,4,0,220,222,1698,27.95305328,0,1,1,0,0,4/16/2023 17:18,41155
5,7,9,2,223,224,1547,18.79520997,0,0,0,0,0,9/24/2023 5:40,46652
11,6,8,0,212,220,1571,21.69474382,1,1,1,1,1,8/8/2020 11:50,7552
16,5,10,1,219,220,1549,92.430027,1,0,0,1,1,10/22/2021 16:37,22627
17,6,12,1,228,237,1616,40.56207623,1,0,1,0,1,12/24/2022 17:51,37286
19,4,6,0,228,235,1893,78.14247174,1,1,1,0,1,6/22/2023 19:46,43453
18,7,6,2,219,223,1611,58.47352921,0,1,0,1,1,6/7/2020 18:19,5438
12,3,3,2,219,223,1964,17.48304112,1,0,0,1,0,3/2/2022 12:57,27108
0,5,7,2,223,227,1746,71.22106493,0,1,0,1,0,7/2/2021 0:52,18769
22,3,5,1,217,220,1740,47.76063983,0,0,0,1,1,5/12/2021 22:58,17054
2,7,10,1,217,224,1901,70.48062116,1,0,1,0,1,10/15/2023 2:03,47366
13,1,11,1,230,232,1971,39.46578006,1,0,1,1,1,11/23/2020 13:01,11218
10,5,6,2,235,238,1900,51.75069685,0,0,0,1,0,6/30/2023 10:40,43714
10,2,10,1,233,233,1686,60.87348671,0,0,0,0,1,10/5/2021 10:26,22036
4,5,9,2,222,229,1787,30.802844,1,1,0,0,1,9/29/2023 4:48,46822
9,4,10,0,232,232,1883,66.63773275,1,1,1,0,1,10/1/2020 9:32,9398
18,5,1,1,214,222,1854,99.35711974,0,0,0,0,1,1/24/2020 18:27,815
9,1,2,0,218,222,1946,16.41711207,1,1,1,1,1,2/20/2023 9:57,39261
8,4,7,2,222,229,1509,30.91751421,1,0,0,0,0,7/29/2021 8:08,19704
6,7,8,1,220,220,1944,70.53655475,0,0,1,1,1,8/28/2022 6:38,33229
23,7,3,2,226,234,1967,14.56016278,1,0,0,1,0,3/12/2023 23:19,39965
6,6,4,2,233,236,1600,60.18996334,0,1,0,0,0,4/17/2021 6:15,16174
17,4,2,2,222,222,1853,93.1095873,0,0,0,1,0,2/9/2023 17:27,38895
6,3,2,1,220,220,1581,58.63261695,0,1,1,1,1,2/1/2023 6:55,38606
9,2,3,2,237,238,1693,77.05320218,0,1,0,1,0,3/23/2021 9:52,15323
3,6,1,0,224,231,1786,41.94058819,1,1,1,1,1,1/25/2020 3:34,828
0,2,4,1,234,237,1757,40.26989651,1,0,0,0,1,4/7/2020 0:06,3323
19,7,7,1,235,236,1586,93.89907627,0,0,1,1,0,7/5/2020 19:06,6398
17,3,10,0,221,221,1607,32.1745133,0,1,1,1,0,10/27/2021 17:51,22800
22,1,4,2,221,224,1726,39.52223773,1,1,0,1,1,4/26/2021 22:14,16505
8,5,7,2,227,235,1680,61.51639834,1,1,0,0,0,7/7/2023 8:04,43950
20,3,11,1,216,224,1860,35.60401167,1,0,1,0,1,11/4/2020 20:30,10578
22,5,6,2,220,225,1736,91.63127526,1,1,0,1,0,6/24/2022 22:45,31026
1,7,7,2,236,238,1757,71.30728834,1,1,0,1,0,7/19/2020 1:16,6852
19,7,2,0,238,238,1834,29.58206691,0,1,1,0,0,2/21/2021 19:14,14309
7,7,8,1,225,233,1848,41.04990789,0,0,1,1,0,8/29/2021 7:42,20765
23,6,9,0,225,233,1887,91.03943071,1,1,1,0,1,9/24/2022 23:43,34178
0,5,1,2,220,221,1829,17.46466885,0,1,0,0,1,1/17/2020 0:44,550
6,3,2,1,216,223,1823,90.41655225,0,0,0,1,1,2/17/2021 6:37,14154
4,7,11,1,214,221,1802,72.8006285,0,1,1,0,1,11/12/2023 4:14,48328
4,3,1,1,224,225,1834,13.13926076,0,0,1,0,0,1/6/2021 4:02,12712
4,3,11,1,222,228,1723,35.42596408,0,0,1,0,0,11/25/2020 4:16,11274
12,4,6,1,231,234,1965,40.49161136,1,0,0,0,1,6/23/2022 12:24,30977
16,3,6,2,231,232,1931,13.52199327,0,1,0,0,1,6/24/2020 16:05,6017
0,6,11,1,230,231,1564,17.28925313,0,0,1,0,0,11/28/2020 0:15,11371
4,3,10,2,232,235,1933,67.85994194,1,0,0,0,0,10/11/2023 4:50,47233
22,7,11,2,221,222,1999,58.77144025,0,0,0,1,0,11/19/2023 22:39,48594
7,1,7,2,226,227,1669,93.33642932,0,0,0,1,0,7/24/2023 7:56,44532
9,2,3,1,214,220,1705,26.02943596,0,0,0,0,1,3/7/2023 9:28,39774
4,3,6,0,230,238,1628,73.94806663,1,1,1,1,0,6/3/2020 4:17,5281
11,7,2,1,222,226,1633,90.69732359,1,0,0,0,1,2/23/2020 11:53,1833
12,1,5,2,227,235,1827,34.08066389,1,1,0,0,0,5/8/2023 12:06,41901
6,6,7,2,218,227,1725,58.99358511,0,0,0,1,0,7/4/2020 6:39,6346
9,5,4,0,217,226,1777,26.68036728,1,1,1,0,0,4/3/2020 9:12,3199
0,2,11,0,233,238,1960,15.4328898,1,1,1,0,1,11/23/2021 0:35,23700
12,4,1,0,218,222,1752,84.28711109,1,1,1,0,1,1/30/2020 12:31,1012
3,3,12,1,229,231,1508,30.90076715,0,0,1,1,0,12/30/2020 3:51,12472
9,1,3,1,229,238,1612,32.88811425,0,1,1,1,1,3/6/2023 9:38,39740
17,1,3,0,216,224,1861,81.29046793,1,1,1,1,1,3/8/2021 17:21,14820
7,2,2,2,226,231,1894,65.5397142,0,1,0,1,1,2/7/2023 7:59,38813
22,5,5,2,235,236,1791,14.14454727,0,1,0,0,1,5/7/2021 22:26,16882
15,3,9,1,232,233,1929,11.94523046,0,0,1,0,1,9/21/2022 15:07,34063
15,7,3,2,213,220,1854,99.34045559,1,1,0,0,1,3/19/2023 15:49,40194
13,4,8,1,224,227,1593,40.71787762,1,0,1,0,1,8/27/2020 13:28,8205
11,2,2,0,229,237,1785,56.51160482,0,1,1,0,0,2/28/2023 11:22,39537
8,1,3,1,232,236,1854,30.39536658,0,0,1,0,1,3/27/2023 8:07,40457
23,6,7,2,227,231,1729,36.17171196,0,1,0,0,0,7/3/2021 23:07,18835
4,1,7,1,223,232,1812,67.65307766,1,0,0,0,1,7/3/2023 4:33,43808
9,1,3,2,238,238,1510,66.71045103,1,1,0,0,0,3/8/2021 9:39,14809
5,2,4,1,228,236,1538,72.73435348,0,0,0,1,1,4/27/2021 5:14,16515
5,7,10,1,215,222,1529,31.8483125,0,0,1,0,1,10/3/2021 5:52,21961
12,3,7,0,217,225,1973,98.58974325,0,1,1,1,0,7/28/2021 12:30,19676
5,1,11,1,219,225,1940,19.02135042,0,1,1,0,1,11/14/2022 5:49,35899
4,5,10,2,226,229,1828,15.63423652,1,1,0,0,0,10/1/2021 4:49,21891
12,3,6,2,221,227,1724,93.74190253,0,0,0,1,0,6/8/2022 12:11,30463
15,5,9,2,227,229,1793,38.8549774,0,0,0,0,0,9/11/2020 15:05,8721
11,4,2,0,220,227,1564,87.97440653,1,0,1,0,0,2/4/2021 11:39,13716
15,4,12,1,220,226,1788,85.97161058,1,0,0,0,1,12/8/2022 15:42,36735
6,5,1,2,224,228,1895,26.96355421,0,0,0,0,0,1/10/2020 6:09,318
4,6,2,1,230,234,1567,83.60682639,0,1,1,0,1,2/19/2022 4:20,26719
14,3,1,2,232,238,1697,15.05266982,0,1,0,1,1,1/13/2021 14:45,12967
16,2,5,2,219,221,1772,70.65109754,0,1,0,1,0,5/30/2023 16:43,42661
14,3,4,1,235,237,1966,67.37423128,0,0,0,1,1,4/7/2021 14:17,15843
14,5,5,2,223,227,1845,54.50462727,0,1,0,0,1,5/28/2021 14:37,17590
10,6,7,2,223,229,1826,25.48593192,0,0,0,1,0,7/4/2020 10:10,6351
21,6,12,2,224,225,1895,78.63704848,0,1,0,0,0,12/25/2021 21:42,24826
5,2,8,1,215,221,1995,98.61540105,0,0,1,1,0,8/25/2020 5:24,8125
5,7,12,2,228,230,1893,40.8619626,0,1,0,0,0,12/12/2021 5:01,24357
21,1,9,1,220,225,1599,34.42461911,0,0,0,0,1,9/13/2021 21:56,21299
22,3,11,2,213,221,1954,41.80063017,1,0,0,1,0,11/3/2021 22:57,23047
21,7,3,0,221,226,1746,16.75108532,0,1,1,0,0,3/1/2020 21:11,2086
20,7,8,2,225,227,1594,26.3491933,1,1,0,1,1,8/13/2023 20:37,45235
18,5,11,1,227,229,1942,53.98298698,0,0,1,0,0,11/17/2023 18:47,48520
4,4,3,0,233,235,1883,70.22382781,1,1,1,0,1,3/30/2023 4:48,40555
23,7,4,1,228,235,1578,88.76743981,0,0,0,0,1,4/24/2022 23:27,28938
19,3,11,0,233,233,1798,71.93793572,1,1,1,0,0,11/8/2023 19:38,48213
8,5,3,0,221,221,1649,52.33408312,1,0,1,1,0,3/3/2023 8:45,39636
21,1,3,0,225,230,1871,46.75764248,1,1,1,0,1,3/30/2020 21:48,3080
6,1,7,0,232,234,1950,75.23168621,0,1,1,0,0,7/25/2022 6:54,32065
2,5,4,1,225,231,1854,43.86613055,1,0,1,1,1,4/7/2023 2:43,40826
22,5,4,1,227,234,1544,79.87825336,0,0,0,1,1,4/15/2022 22:54,28629
23,4,9,0,226,233,1768,62.0122317,1,1,1,0,1,9/28/2023 23:54,46815
23,1,4,1,224,230,1813,52.40076891,0,0,0,1,1,4/13/2020 23:35,3562
0,7,10,2,213,222,1897,88.19298048,1,1,0,1,1,10/17/2021 0:39,22433
15,3,9,2,231,235,1527,15.02776709,1,1,0,0,1,9/29/2021 15:40,21838
4,5,11,2,238,238,1656,21.95525668,1,0,0,1,0,11/19/2021 4:05,23568
10,7,6,0,230,234,1939,71.71280067,1,1,1,1,1,6/27/2021 10:50,18612
19,4,7,0,214,223,1774,91.3429263,0,1,1,1,0,7/6/2023 19:27,43932
0,5,2,1,214,220,1669,41.0086757,1,0,0,1,1,2/26/2021 0:51,14454
6,3,6,1,223,223,1731,56.06323626,0,0,1,1,1,6/8/2022 6:35,30455
8,2,10,1,221,223,1865,87.9138098,0,0,0,0,1,10/13/2020 8:10,9807
6,3,6,2,220,224,1975,35.37107699,0,1,0,1,0,6/30/2021 6:49,18709
10,6,10,1,228,235,1633,33.76233265,0,1,1,1,1,10/15/2022 10:59,34879
11,2,11,0,224,229,1641,50.78199208,1,1,1,0,1,11/8/2022 11:03,35701
22,4,5,1,221,221,1550,71.39491005,0,0,0,1,1,5/12/2022 22:27,29553
6,3,4,2,229,232,1682,51.02370999,0,0,0,0,0,4/28/2021 6:28,16551
16,7,3,0,229,229,1824,65.26974447,1,0,1,0,0,3/6/2022 16:28,27250
11,2,8,0,227,236,1512,32.45302011,1,0,1,1,0,8/23/2022 11:00,33064
17,5,12,2,230,235,1662,10.88820665,1,0,0,1,0,12/17/2021 17:28,24546
21,5,3,1,230,234,1919,81.63609344,1,0,1,0,1,3/26/2021 21:58,15443
5,7,5,1,214,220,1836,47.38472789,1,0,1,0,1,5/28/2023 5:51,42577
13,6,7,2,236,236,1648,12.30728035,1,1,0,0,0,7/11/2020 13:10,6595
21,6,11,1,226,231,1746,99.76882896,0,0,0,1,1,11/20/2021 21:25,23627
8,5,12,2,227,236,1769,70.61074778,0,1,0,0,1,12/11/2020 8:31,11828
6,4,8,2,230,231,1932,53.7000564,0,1,0,1,0,8/26/2021 6:49,20661
6,1,11,0,220,228,1934,93.23011081,0,1,1,0,0,11/28/2022 6:54,36380
22,1,12,1,225,234,1960,18.60781931,0,0,0,0,1,12/20/2021 22:34,24656
10,3,7,2,227,231,1887,69.50147241,1,1,0,1,1,7/29/2020 10:45,7208
8,6,8,1,229,234,1507,90.88902104,1,0,1,0,1,8/27/2022 8:55,33198
10,5,10,2,232,237,1777,68.42785094,0,0,0,1,0,10/7/2022 10:58,34605
1,6,6,0,220,229,1853,39.79404021,1,1,1,1,0,6/17/2023 1:00,43255
14,4,8,0,231,239,1833,37.9347362,1,1,1,1,0,8/4/2022 14:59,32419
22,7,6,0,232,235,1556,85.40290277,1,1,1,0,1,6/4/2023 22:10,42840
20,7,5,2,223,226,1910,69.35343415,1,0,0,1,0,5/3/2020 20:51,4243
7,4,12,1,218,220,1766,63.56951819,0,0,1,0,0,12/8/2022 7:59,36724
13,5,2,1,237,237,1634,62.39018334,0,0,1,0,1,2/5/2021 13:35,13753
6,7,4,2,214,222,1714,12.06144304,0,0,0,0,0,4/24/2022 6:38,28914
0,4,12,1,224,224,1619,95.3637803,1,0,1,1,1,12/30/2021 0:31,24967
11,2,5,0,231,233,1661,76.59373906,1,0,1,1,0,5/10/2022 11:35,29469
14,2,6,1,228,228,1714,76.50077567,0,0,1,0,0,6/23/2020 14:10,5980
14,6,1,1,233,239,1669,60.01143491,1,0,0,1,1,1/23/2021 14:25,13309
22,7,7,1,212,220,1920,19.15682321,0,1,1,1,1,7/19/2020 22:18,6882
2,4,3,2,215,223,1929,78.57558787,0,1,0,1,0,3/5/2020 2:17,2196
22,7,8,2,218,221,1897,17.95308157,0,1,0,1,0,8/15/2021 22:01,20306
18,2,1,1,225,229,1726,58.75723858,0,0,1,0,1,1/19/2021 18:37,13178
18,3,10,0,220,220,1536,19.23674273,0,1,1,1,0,10/12/2022 18:30,34787
12,1,1,1,234,238,1664,30.85458624,1,0,0,0,1,1/11/2021 12:59,12896
21,6,7,1,222,225,1649,37.48009991,1,0,1,0,1,7/25/2020 21:16,7086
4,2,8,1,216,223,1954,47.20489708,0,0,1,1,1,8/31/2021 4:33,20829
2,4,7,1,226,232,1976,51.85674434,0,0,1,0,0,7/27/2023 2:31,44627
14,6,5,1,238,238,1800,34.90498043,1,0,1,0,1,5/28/2022 14:47,30090
5,6,1,2,218,221,1576,86.81383625,1,1,0,0,1,1/2/2021 5:26,12577
10,2,2,0,224,232,1556,97.92888274,1,1,1,1,0,2/25/2020 10:50,1900
5,2,10,0,230,233,1913,69.96004296,1,1,1,1,1,10/6/2020 5:53,9564
4,3,11,2,224,227,1768,85.14365897,1,1,0,0,0,11/18/2020 4:04,11034
23,6,7,2,224,225,1758,40.18058897,0,1,0,1,0,7/31/2021 23:12,19794
21,7,5,1,218,227,1638,30.67155792,0,0,1,0,1,5/15/2022 21:56,29655
7,2,12,0,224,224,1785,40.7951065,1,1,1,0,0,12/6/2022 7:38,36655
7,1,1,2,226,231,1899,42.59852424,0,0,0,1,0,1/2/2023 7:53,37580
2,5,12,1,230,238,1980,80.4573063,1,0,1,1,1,12/24/2021 2:57,24765
4,6,10,2,224,230,1745,96.95533953,1,0,0,1,0,10/28/2023 4:43,47815
16,4,6,1,224,225,1908,82.24931039,1,0,1,0,1,6/25/2020 16:37,6052
18,4,1,1,226,232,1701,24.09110504,0,1,1,1,1,1/21/2021 18:16,13246
16,4,7,0,231,237,1917,98.73353389,1,1,1,0,1,7/23/2020 16:42,7011
14,3,11,2,229,234,1926,25.00510532,0,0,0,0,0,11/15/2023 14:56,48446
11,6,5,0,222,224,1602,62.30151661,1,0,1,0,0,5/7/2022 11:24,29366
10,5,10,2,232,238,1774,33.39683173,1,0,0,1,0,10/1/2021 10:25,21899
23,2,3,2,234,234,1739,69.23399864,0,1,0,1,1,3/31/2020 23:44,3117
3,4,12,2,217,224,1897,99.92879821,0,0,0,0,0,12/30/2021 3:19,24971
4,3,9,1,219,225,1519,71.85866084,0,0,1,0,0,9/15/2021 4:46,21343
2,5,11,1,225,231,1768,41.44205119,0,1,1,0,1,11/11/2022 2:50,35792
10,7,8,2,224,228,1803,53.78403716,1,0,0,0,0,8/14/2022 10:27,32755
18,2,9,1,236,238,1799,86.90891916,0,0,1,0,0,9/21/2021 18:27,21568
17,3,11,1,229,234,1748,20.36116648,0,0,0,1,1,11/9/2022 17:11,35744
12,1,6,0,228,233,1681,73.35336336,1,1,1,0,0,6/27/2022 12:25,31114
3,1,6,0,226,227,1822,90.28053086,1,1,1,1,1,6/5/2023 3:04,42847
7,5,7,0,214,222,1597,15.72556891,1,1,1,1,0,7/10/2020 7:44,6553
4,7,12,2,216,222,1944,47.0441293,1,0,0,1,0,12/5/2021 4:07,24116
0,4,2,2,231,232,1832,47.38946898,1,1,0,1,0,2/4/2021 0:27,13700
18,4,6,1,234,236,1875,10.62611315,0,0,1,1,1,6/11/2020 18:20,5575
1,4,9,2,230,230,1917,65.74921519,1,1,0,1,0,9/16/2021 1:05,21372
2,6,4,2,222,223,1674,42.03780177,0,1,0,1,1,4/9/2022 2:12,28394
4,6,8,2,231,232,1815,18.91735287,0,1,0,0,0,8/28/2021 4:22,20726
0,3,5,0,222,227,1535,64.9368478,1,1,1,1,0,5/26/2021 0:14,17501
2,4,4,1,223,228,1590,28.10376519,0,1,1,1,1,4/1/2021 2:00,15620
20,7,1,2,218,226,1572,57.30043313,1,1,0,0,1,1/22/2023 20:33,38283
11,4,10,2,218,221,1798,43.45299285,1,1,0,1,0,10/12/2023 11:41,47277
9,2,10,1,219,224,1609,49.84110568,0,0,0,1,1,10/27/2020 9:58,10289
4,5,8,0,215,221,1543,14.07295823,1,1,1,1,1,8/4/2023 4:39,44904
15,3,1,1,234,235,1682,37.76250773,0,0,1,0,1,1/4/2023 15:15,37659
1,3,11,0,229,236,1900,67.39175649,0,1,1,1,0,11/2/2022 1:34,35482
9,5,12,0,212,221,1683,96.84327264,1,1,1,0,1,12/17/2021 9:46,24535
8,2,6,1,234,235,1902,51.4872635,0,0,0,0,1,6/15/2021 8:42,18198
22,1,1,0,234,235,1502,82.30234338,1,1,1,1,1,1/2/2023 22:36,37601
3,6,7,2,225,228,1864,47.92357504,0,1,0,0,0,7/29/2023 3:34,44697
6,6,4,0,221,226,1716,32.51794102,1,0,1,0,0,4/8/2023 6:03,40865
20,5,8,1,221,229,1816,52.11526591,0,0,1,0,1,8/11/2023 20:57,45167
0,2,2,1,225,234,1964,29.91316259,1,0,1,0,1,2/22/2022 0:19,26816
7,1,5,1,216,220,1581,51.36521109,0,0,1,0,1,5/8/2023 7:54,41895
11,5,7,1,220,223,1824,30.03199915,1,0,0,0,1,7/31/2020 11:49,7278
2,5,4,2,223,232,1902,42.66528171,1,0,0,1,0,4/17/2020 2:35,3669
5,4,4,0,222,229,1588,99.15146702,0,1,1,0,0,4/15/2021 5:12,16104
14,6,9,0,213,221,1789,46.35986157,1,1,1,1,0,9/19/2020 14:25,8994
0,5,3,1,223,229,1682,60.73216858,0,0,1,0,0,3/11/2022 0:12,27398
16,1,2,2,229,232,1850,63.90910021,1,1,0,0,0,2/22/2021 16:58,14340
4,1,3,1,219,224,1526,51.26598523,0,0,1,0,0,3/2/2020 4:54,2097
8,5,4,1,227,232,1709,14.09359367,0,0,1,1,1,4/24/2020 8:23,3917
7,1,5,2,219,222,1853,65.67760449,1,1,0,1,0,5/1/2023 7:42,41655
8,4,10,2,228,237,1617,86.4220534,1,1,0,0,1,10/20/2022 8:43,35047
2,7,1,0,225,229,1846,84.38610435,1,1,1,1,1,1/30/2022 2:11,26031
3,7,4,2,222,227,1621,59.14118835,0,1,0,0,1,4/5/2020 3:57,3260
19,3,7,2,225,233,1857,21.60707325,0,0,0,0,0,7/12/2023 19:07,44137
9,4,6,0,219,227,1940,79.4358941,1,1,1,1,0,6/29/2023 9:27,43678
16,5,9,1,227,232,1884,61.65956431,1,0,1,0,1,9/9/2022 16:29,33654
1,7,2,1,226,229,1727,44.4075378,0,1,1,1,1,2/14/2021 1:31,14044
2,6,11,2,220,220,1812,82.41315759,1,1,0,0,1,11/7/2020 2:28,10655
11,6,11,1,233,238,1918,68.71703087,0,0,0,1,1,11/5/2022 11:34,35599
8,3,9,2,221,230,1807,38.10552375,1,1,0,0,1,9/6/2023 8:04,46039
8,3,1,2,217,223,1709,46.46945715,1,1,0,0,1,1/15/2020 8:48,493
4,3,2,0,230,232,1958,76.11791004,1,1,1,0,0,2/10/2021 4:19,13911
7,6,9,0,228,228,1841,53.65497454,1,0,1,1,0,9/11/2021 7:33,21210
16,2,4,0,234,238,1724,52.99301927,1,0,1,1,0,4/6/2021 16:34,15812
17,4,4,0,223,230,1948,14.47644336,1,1,1,0,0,4/21/2022 17:39,28827
9,2,2,0,218,222,1880,17.2118573,0,1,1,0,0,2/16/2021 9:35,14124
19,1,7,0,213,221,1856,36.49237119,1,0,1,0,0,7/26/2021 19:52,19618
20,5,4,1,225,229,1591,70.53176574,0,1,1,1,1,4/17/2020 20:48,3695
23,3,6,2,228,230,1919,85.41517273,0,1,0,1,1,6/22/2022 23:05,30958
5,6,1,2,225,233,1748,28.23377716,1,0,0,0,0,1/4/2020 5:05,111
22,3,1,2,219,222,1504,73.23370448,1,1,0,0,1,1/26/2022 22:30,25923
22,4,4,1,223,226,1629,15.08258691,0,1,1,0,1,4/15/2021 22:43,16129
22,7,2,1,213,221,1934,64.22741138,0,0,1,0,0,2/21/2021 22:03,14313
8,4,11,0,236,238,1566,72.09613422,0,1,1,1,0,11/5/2020 8:25,10595
5,2,5,1,216,221,1888,59.49158258,1,0,0,0,1,5/9/2023 5:37,41926
22,6,3,1,223,230,1543,64.61449592,0,1,1,1,1,3/12/2022 22:27,27464
4,1,2,2,219,228,1504,61.16168227,1,1,0,0,0,2/27/2023 4:32,39493
8,1,7,2,219,223,1915,68.4582183,0,1,0,1,1,7/6/2020 8:25,6417
13,1,12,0,236,236,1751,20.45243696,1,1,1,0,1,12/12/2022 13:36,36869
22,5,3,0,220,223,1587,95.82310359,0,1,1,1,0,3/19/2021 22:28,15204
13,1,7,1,221,230,1737,93.13285138,0,0,1,0,1,7/13/2020 13:31,6664
16,2,9,1,231,235,1606,32.11854565,1,0,0,1,1,9/29/2020 16:54,9340
2,3,8,1,237,239,1935,59.88633146,0,0,1,0,0,8/31/2022 2:37,33326
7,5,3,0,221,224,1844,70.25514853,1,1,1,1,1,3/25/2022 7:36,27888
10,1,1,1,227,234,1506,79.61372173,0,0,1,1,0,1/30/2023 10:04,38542
4,2,11,0,231,232,1712,49.79140438,1,1,1,1,1,11/17/2020 4:57,11001
13,2,8,2,221,222,1973,59.74326359,1,1,0,1,1,8/16/2022 13:37,32828
7,3,1,1,228,234,1776,98.01408723,1,0,1,1,1,1/12/2022 7:23,25422
21,7,9,2,233,239,1504,41.72210323,0,1,0,1,1,9/11/2022 21:45,33730
14,2,3,2,216,220,1641,94.30866396,1,0,0,0,0,3/8/2022 14:44,27316
21,1,9,2,222,231,1511,60.13829116,0,1,0,1,1,9/6/2021 21:02,21058
8,4,7,1,217,220,1505,60.22714787,1,0,0,1,1,7/28/2022 8:29,32170
12,6,5,0,229,230,1901,81.40999551,1,0,1,1,0,5/20/2023 12:50,42313
4,2,6,0,211,220,1770,89.96124355,1,1,1,1,1,6/7/2022 4:39,30418
9,7,4,2,222,226,1904,55.28677067,1,1,0,1,1,4/25/2021 9:05,16452
12,6,6,2,230,231,1913,74.03247288,1,1,0,1,1,6/6/2020 12:11,5395
18,7,1,1,235,237,1721,18.01513452,1,0,0,0,1,1/23/2022 18:48,25815
9,1,11,2,217,220,1932,61.26137646,1,1,0,1,1,11/1/2021 9:59,22960
23,1,1,0,227,231,1595,74.87979362,0,1,1,0,0,1/31/2022 23:02,26095
10,3,3,0,228,231,1633,67.99786898,0,1,1,1,0,3/17/2021 10:54,15119
7,6,4,2,225,232,1577,40.72918284,0,0,0,0,0,4/9/2022 7:49,28402
19,7,7,2,225,234,1524,61.62801591,1,1,0,1,0,7/3/2022 19:48,31330
0,6,10,1,232,237,1591,27.11337494,0,0,1,0,0,10/1/2022 0:05,34384
5,7,11,0,238,238,1950,68.12645235,1,0,1,1,0,11/19/2023 5:08,48569
10,4,7,0,221,227,1685,18.896468,1,1,1,1,1,7/9/2020 10:00,6522
8,4,7,0,226,233,1635,35.83225737,1,0,1,1,0,7/20/2023 8:38,44396
16,5,2,2,229,230,1931,24.25621149,1,1,0,0,0,2/24/2023 16:58,39408
18,4,11,2,222,227,1641,12.82900236,1,1,0,1,0,11/12/2020 18:25,10849
5,1,5,1,220,222,1538,28.53743874,1,0,1,0,1,5/17/2021 5:18,17200
7,1,8,2,230,236,1900,60.54525874,1,1,0,0,0,8/30/2021 7:31,20799
4,5,1,2,227,233,1845,75.64340604,1,0,0,1,0,1/22/2021 4:47,13261
12,2,4,2,225,231,1878,33.77601754,1,1,0,1,1,4/25/2023 12:56,41457
15,4,2,2,225,225,1676,32.53955828,1,0,0,0,0,2/25/2021 15:03,14440
4,2,5,0,221,224,1901,67.830731,0,1,1,1,0,5/19/2020 4:46,4768
0,6,10,0,234,234,1600,16.56219935,1,0,1,1,0,10/16/2021 0:07,22398
14,1,6,0,223,225,1908,13.79167954,1,1,1,0,1,6/6/2022 14:38,30398
21,6,11,0,219,221,1709,43.61542919,1,1,1,1,1,11/14/2020 21:35,10922
6,1,10,0,235,239,1866,52.14684206,1,0,1,1,0,10/10/2022 6:14,34701
1,4,10,1,223,231,1864,71.97617423,0,0,1,0,0,10/20/2022 1:43,35037
18,5,10,1,226,228,1947,35.01460836,0,0,1,1,1,10/8/2021 18:19,22150
13,6,10,1,222,226,1561,93.94208756,0,0,1,1,1,10/28/2023 13:07,47827
0,6,10,2,218,222,1647,18.46518308,1,1,0,1,1,10/3/2020 0:47,9454
12,1,6,2,219,222,1566,35.30362834,1,1,0,0,1,6/21/2021 12:35,18409
11,1,9,1,215,224,1715,71.40188615,0,1,1,1,1,9/26/2022 11:27,34229
20,1,5,2,231,233,1735,28.88680016,1,1,0,0,1,5/25/2020 20:33,4996
13,6,4,2,220,224,1857,56.46468747,1,1,0,0,0,4/23/2022 13:06,28889
8,1,9,1,231,232,1841,40.55468921,1,0,1,0,1,9/11/2023 8:36,46211
16,7,6,2,232,235,1559,31.13025948,0,1,0,1,1,6/25/2023 16:27,43551
6,5,9,0,225,232,1531,16.62267104,1,0,1,1,0,9/24/2021 6:43,21654
4,3,8,2,223,224,1594,71.30362483,0,1,0,0,1,8/25/2021 4:11,20623
23,1,3,1,233,239,1736,23.63985403,0,0,0,1,1,3/23/2020 23:00,2842
22,2,7,2,216,221,1567,49.17146129,1,1,0,0,1,7/5/2022 22:57,31403
2,7,5,0,229,238,1972,65.01974835,0,1,1,0,0,5/2/2021 2:16,16682
3,3,7,1,219,222,1945,41.17111016,1,0,1,1,1,7/12/2023 3:42,44115
14,5,4,1,225,233,1703,29.28152152,0,0,1,1,0,4/3/2020 14:48,3207
22,7,5,2,220,223,1772,40.65333257,0,0,0,0,0,5/14/2023 22:17,42121
5,3,10,1,226,231,1606,48.75474388,1,0,0,0,1,10/7/2020 5:42,9598
15,5,9,0,238,238,1968,85.98770143,1,1,1,0,0,9/17/2021 15:38,21427
15,2,5,1,228,237,1833,47.14288428,0,1,1,0,1,5/3/2022 15:35,29235
7,6,8,1,216,222,1625,51.85371189,0,0,1,0,0,8/26/2023 7:52,45662
17,5,9,2,222,231,1519,21.10494773,0,1,0,0,1,9/11/2020 17:54,8725
15,6,1,1,227,227,1941,38.06094607,0,0,1,1,0,1/14/2023 15:38,38002
3,2,6,0,227,229,1701,55.57030398,1,1,1,1,1,6/23/2020 3:39,5965
10,5,10,2,222,225,1743,41.60680569,1,0,0,0,0,10/28/2022 10:51,35324
6,4,4,0,221,221,1865,49.30842339,0,1,1,1,0,4/9/2020 6:04,3400
23,5,10,0,236,236,1852,45.81394212,1,0,1,0,0,10/14/2022 23:04,34862
21,4,12,2,239,239,1997,98.06955125,0,1,0,0,0,12/24/2020 21:00,12291
12,7,12,0,215,223,1695,41.59934869,0,1,1,1,0,12/19/2021 12:13,24607
21,2,1,1,218,220,1861,72.51305996,0,0,1,0,1,1/18/2022 21:04,25647
6,3,12,0,219,220,1536,27.45694968,1,1,1,1,1,12/29/2021 6:18,24941
2,7,4,2,218,222,1685,28.08071251,1,1,0,1,0,4/17/2022 2:56,28669
20,5,6,2,226,230,1610,28.10948916,1,1,0,1,1,6/25/2021 20:18,18557
18,7,2,2,222,222,1985,85.97682833,1,1,0,0,1,2/28/2021 18:44,14548
19,5,9,0,225,234,1927,78.73161852,1,0,1,1,0,9/15/2023 19:50,46364
18,5,1,2,227,234,1980,88.35451355,0,0,0,0,0,1/31/2020 18:39,1055
16,5,3,2,224,233,1600,18.96202509,1,1,0,0,0,3/31/2023 16:33,40606
12,1,7,2,235,236,1870,98.00684729,1,1,0,1,1,7/4/2022 12:37,31354
7,6,9,1,220,221,1928,39.45724848,0,0,0,1,1,9/12/2020 7:55,8745
22,5,12,2,227,234,1943,11.11130742,0,1,0,1,0,12/18/2020 22:02,12087
17,4,8,2,214,220,1761,88.88185906,1,0,0,0,0,8/19/2021 17:08,20436
13,1,9,0,228,228,1559,22.77074212,1,0,1,0,0,9/27/2021 13:55,21767
18,7,7,1,233,235,1585,71.09512011,1,0,1,1,1,7/11/2021 18:56,19103
12,2,6,1,220,224,1850,61.58483616,0,0,1,0,0,6/21/2022 12:03,30908
12,2,8,0,226,231,1955,68.47587186,1,1,1,1,0,8/25/2020 12:25,8135
2,7,12,2,225,231,1939,55.96492982,1,1,0,1,1,12/5/2021 2:01,24113
22,6,8,2,225,227,1794,59.11212644,1,1,0,1,1,8/14/2021 22:12,20272
8,1,2,2,214,223,1610,92.5788171,0,0,0,0,0,2/6/2023 8:09,38779
19,4,1,1,218,226,1531,99.19108392,0,0,1,1,1,1/30/2020 19:31,1022
20,1,4,2,229,233,1996,37.19877506,0,1,0,0,0,4/6/2020 20:36,3318
4,4,10,2,220,227,1707,27.71733357,0,1,0,0,0,10/6/2022 4:49,34562
2,2,1,0,229,230,1884,51.39231742,0,1,1,0,0,1/24/2023 2:41,38326
21,7,7,0,216,225,1692,38.17894478,1,0,1,0,0,7/10/2022 21:23,31572
7,1,12,1,223,226,1616,45.80351399,1,0,1,0,1,12/5/2022 7:06,36620
21,5,7,2,234,235,1631,58.04076097,1,0,0,0,0,7/10/2020 21:44,6573
21,4,2,1,218,225,1676,67.61413535,0,0,0,1,1,2/6/2020 21:07,1264
5,2,11,1,216,220,1951,45.64067515,1,0,0,1,1,11/28/2023 5:41,48878
0,4,3,1,230,230,1560,17.37152987,1,0,0,1,1,3/11/2021 0:01,14898
14,3,3,2,219,222,1894,77.05764493,0,1,0,1,0,3/23/2022 14:57,27830
20,2,9,2,216,221,1865,98.5417747,0,0,0,1,0,9/15/2020 20:42,8866
19,4,12,0,227,228,1615,64.64590689,1,1,1,1,1,12/22/2022 19:35,37220
5,5,9,2,234,234,1996,32.04590986,0,0,0,1,0,9/17/2021 5:07,21412
17,3,4,0,228,237,1535,66.04875494,1,1,1,0,0,4/14/2021 17:17,16087
7,3,3,1,218,225,1528,47.71427303,1,0,1,1,1,3/3/2021 7:42,14635
5,7,4,2,225,230,1661,22.34590386,1,1,0,1,1,4/9/2023 5:11,40898
19,3,6,1,214,221,1984,11.65296041,0,1,1,1,1,6/23/2021 19:14,18487
23,3,6,2,218,222,1926,72.30589304,0,0,0,0,0,6/3/2020 23:13,5308
0,4,4,1,234,234,1807,14.71632585,0,0,0,0,1,4/29/2021 0:41,16577
15,3,10,2,235,239,1506,41.71603357,1,1,0,0,0,10/14/2020 15:43,9852
3,2,11,0,233,236,1827,53.77923793,1,1,1,0,1,11/9/2021 3:00,23224
1,2,3,0,220,221,1917,71.19098294,1,0,1,0,0,3/17/2020 1:37,2606
18,2,10,2,222,229,1705,13.71676399,1,0,0,1,0,10/18/2022 18:53,34993
6,6,5,0,234,238,1921,82.48379718,1,1,1,0,1,5/21/2022 6:53,29839
18,3,3,0,224,224,1949,47.13042158,1,1,1,0,0,3/24/2021 18:48,15370
6,4,10,0,224,232,1943,55.45898086,1,1,1,0,1,10/14/2021 6:04,22338
19,3,8,2,219,220,1944,14.10323946,0,1,0,0,1,8/18/2021 19:24,20405
3,2,7,1,216,223,1996,10.77631166,1,0,1,1,1,7/12/2022 3:32,31615
12,7,6,2,228,235,1766,61.24892955,1,1,0,0,1,6/26/2022 12:35,31080
3,3,8,0,227,233,1539,58.93770493,1,1,1,0,0,8/16/2023 3:59,45314
8,1,7,2,218,226,1995,51.40843604,0,1,0,0,1,7/12/2021 8:57,19123
16,5,5,0,212,220,1921,94.82958119,1,1,1,0,0,5/28/2021 16:01,17592
19,1,1,1,228,229,1618,56.26677656,0,0,1,0,1,1/10/2022 19:39,25371
2,2,4,0,225,225,1799,52.32962303,1,1,1,1,0,4/19/2022 2:35,28737
6,5,9,2,218,222,1664,98.81017755,0,0,0,0,0,9/22/2023 6:01,46584
20,4,12,1,223,226,1956,62.02648758,0,0,1,1,1,12/22/2022 20:17,37221
15,7,11,2,236,236,1848,36.2430099,1,1,0,0,0,11/22/2020 15:18,11187
9,7,12,1,225,225,1667,45.52539179,1,0,0,1,1,12/20/2020 9:04,12137
0,5,5,2,235,237,1690,77.56405241,1,1,0,0,1,5/1/2020 0:10,4145
8,4,10,2,232,237,1822,57.96430641,0,1,0,1,0,10/28/2021 8:34,22821
6,5,4,2,224,233,1655,10.0260933,0,1,0,1,0,4/3/2020 6:23,3195
3,4,8,1,229,237,1935,70.67504592,1,0,1,1,1,8/24/2023 3:18,45587
23,5,8,1,219,224,1818,61.67612478,0,1,1,1,1,8/18/2023 23:57,45411
16,3,7,2,225,226,1924,78.70177574,0,1,0,1,1,7/5/2023 16:07,43893
9,4,12,2,233,234,1621,50.67040076,0,1,0,0,1,12/22/2022 9:47,37206
17,1,9,2,226,231,1871,28.40271772,1,1,0,0,1,9/13/2021 17:43,21293
23,5,5,2,233,239,1760,16.1376482,0,1,0,1,1,5/22/2020 23:53,4898
16,7,5,1,229,234,1875,71.76994471,0,0,1,1,0,5/30/2021 16:22,17661
5,3,12,0,218,224,1659,95.93417529,1,0,1,0,0,12/28/2022 5:14,37405
3,5,6,2,224,233,1871,30.64626931,0,0,0,1,0,6/5/2020 3:15,5348
21,3,5,1,228,233,1955,36.64890487,0,1,1,0,1,5/6/2020 21:02,4346
18,7,8,2,224,229,1867,52.57181673,1,0,0,1,0,8/30/2020 18:34,8315
6,6,1,1,222,223,1791,78.70327827,1,0,1,1,1,1/28/2023 6:12,38468
16,2,3,1,221,230,1640,72.57629342,0,1,1,0,1,3/2/2021 16:17,14613
13,4,4,2,232,236,1860,70.60749712,1,1,0,1,1,4/28/2022 13:39,29061
7,5,6,0,231,237,1646,65.13342938,1,0,1,1,0,6/25/2021 7:41,18539
12,4,12,1,223,224,1926,84.61522202,1,0,1,1,1,12/15/2022 12:23,36970
12,1,1,2,212,220,1782,33.62342066,1,1,0,1,0,1/11/2021 12:17,12895
9,7,5,2,218,220,1738,71.27121277,1,0,0,0,0,5/29/2022 9:00,30116
12,2,9,1,237,239,1573,92.33483067,0,1,1,0,1,9/12/2023 12:38,46251
21,1,2,1,224,229,1979,47.82744627,0,0,1,1,0,2/22/2021 21:10,14346
5,5,7,2,224,230,1884,16.81481174,0,1,0,0,1,7/17/2020 5:07,6789
8,6,7,1,230,238,1983,21.31238198,0,0,1,0,1,7/15/2023 8:47,44225
22,5,8,1,229,235,1885,48.76410931,1,0,1,0,1,8/12/2022 22:01,32703
4,6,10,1,222,229,1883,35.41398605,0,0,0,0,1,10/15/2022 4:41,34870
18,2,10,2,235,235,1654,77.24315062,0,1,0,1,1,10/19/2021 18:32,22527
9,3,11,1,216,221,1816,65.82231385,1,0,0,0,1,11/9/2022 9:29,35733
9,1,6,0,236,238,1593,12.39520663,0,1,1,0,0,6/13/2022 9:55,30631
7,3,12,2,220,226,1933,26.79955301,1,0,0,1,0,12/22/2021 7:30,24703
14,5,5,1,225,230,1688,73.14487788,1,0,1,0,1,5/12/2023 14:55,42042
23,4,5,2,223,230,1582,73.60960714,1,0,0,1,0,5/12/2022 23:09,29554
22,1,8,2,238,238,1718,69.35522072,0,0,0,1,0,8/30/2021 22:56,20821
10,4,3,1,218,226,1690,77.91964433,0,0,0,0,1,3/19/2020 10:23,2687
23,2,6,2,234,237,1676,76.57047057,0,1,0,0,1,6/16/2020 23:04,5753
7,1,11,2,232,235,1836,24.61775226,0,1,0,1,1,11/22/2021 7:46,23676
4,7,2,0,218,225,1768,42.02468784,1,0,1,1,0,2/9/2020 4:29,1343
18,4,1,1,237,237,1978,27.11692555,0,0,1,1,0,1/19/2023 18:58,38178
20,7,11,0,214,221,1930,26.02286117,1,1,1,0,0,11/15/2020 20:43,10955
8,3,8,1,234,239,1569,27.87604834,1,0,0,1,1,8/16/2023 8:11,45320
3,7,10,1,225,233,1783,58.49525613,1,0,1,0,1,10/16/2022 3:48,34903
12,5,10,0,222,226,1732,23.44762525,1,1,1,0,1,10/29/2021 12:36,22861
16,2,6,1,222,227,1547,61.11133131,0,0,0,1,1,6/29/2021 16:48,18689
23,4,8,0,232,232,1599,45.63323381,1,1,1,1,0,8/6/2020 23:24,7500
18,3,7,1,228,236,1854,47.97081935,0,0,0,0,1,7/8/2020 18:35,6500
18,2,2,1,226,228,1684,55.94149156,1,0,1,1,1,2/25/2020 18:33,1911
15,4,9,1,216,225,1892,27.7223167,0,0,1,0,0,9/2/2021 15:25,20913
14,4,1,2,222,228,1701,46.78423918,1,1,0,1,1,1/7/2021 14:23,12761
7,5,2,0,228,228,1850,57.87664538,1,1,1,0,1,2/3/2023 7:58,38676
10,6,4,0,229,230,1644,19.42475456,0,1,1,1,0,4/2/2022 10:25,28166
14,4,2,2,229,232,1734,70.77940507,0,1,0,1,1,2/4/2021 14:28,13720
18,6,8,1,218,224,1964,38.61567263,0,0,1,1,0,8/29/2020 18:02,8280
5,6,7,0,222,228,1505,87.37982277,1,1,1,0,1,7/8/2023 5:05,43980
19,3,3,2,219,223,1584,62.2083171,0,1,0,0,0,3/4/2020 19:58,2187
7,7,8,1,232,239,1956,68.60839557,0,1,1,0,1,8/2/2020 7:58,7341
5,5,5,2,231,232,1588,80.22145337,1,1,0,0,0,5/20/2022 5:39,29803
5,2,11,1,235,237,1743,74.08135366,0,0,1,1,1,11/7/2023 5:48,48159
11,6,11,1,219,222,1646,33.34482621,1,0,0,1,1,11/25/2023 11:06,48783
16,6,5,0,230,230,1711,86.91342189,1,1,1,0,1,5/28/2022 16:53,30093
13,6,2,0,229,233,1543,90.79272098,1,1,1,1,1,2/12/2022 13:57,26493
21,4,10,0,220,227,1773,51.45888641,1,1,1,0,1,10/15/2020 21:51,9895
13,6,9,0,220,221,1571,93.79262845,1,0,1,0,0,9/3/2022 13:19,33444
18,5,6,0,230,231,1766,61.17183355,1,1,1,1,0,6/2/2023 18:18,42766
9,5,2,0,224,232,1557,12.00878161,1,1,1,0,0,2/28/2020 9:37,2001
14,3,3,1,233,234,1564,88.88141419,1,0,1,1,1,3/8/2023 14:12,39815
21,4,12,0,229,235,1896,39.27079307,1,1,1,1,1,12/3/2020 21:07,11572
2,1,7,2,233,234,1604,90.20292817,0,1,0,0,1,7/11/2022 2:18,31579
3,6,8,1,228,235,1704,69.11949859,1,0,0,1,1,8/8/2020 3:26,7540
18,7,9,2,217,226,1996,79.12324667,1,1,0,1,1,9/26/2021 18:59,21740
2,3,9,0,217,224,1659,12.89053313,1,1,1,0,1,9/6/2023 2:28,46031
7,7,11,1,234,236,1721,25.54817204,1,0,1,1,1,11/12/2023 7:44,48333
7,4,10,2,217,225,1936,17.70405641,0,1,0,1,1,10/20/2022 7:19,35045
3,6,5,0,224,227,1667,33.12465074,1,1,1,1,1,5/9/2020 3:42,4424
20,4,11,2,231,235,1992,74.34597513,1,0,0,0,0,11/17/2022 20:43,36023
9,4,1,1,237,237,1619,77.97964268,1,0,0,0,1,1/9/2020 9:08,288
17,7,3,1,231,232,1966,70.82120235,0,0,0,1,1,3/7/2021 17:32,14786
18,7,5,1,235,237,1938,36.40726494,0,0,0,1,1,5/29/2022 18:07,30129
15,7,5,1,231,235,1773,55.46769691,0,1,1,0,1,5/3/2020 15:14,4235
16,5,7,1,220,221,1561,11.24739106,0,0,1,1,0,7/2/2021 16:17,18791
13,2,1,1,229,236,1893,19.6045253,0,0,0,0,1,1/17/2023 13:00,38101
6,6,7,1,219,220,1766,73.81734768,0,0,0,1,1,7/29/2023 6:23,44701
21,4,1,2,228,230,1890,48.34315998,1,1,0,0,1,1/7/2021 21:23,12771
19,6,6,0,237,238,1757,45.85616671,0,1,1,0,0,6/6/2020 19:53,5406
10,4,5,2,222,223,1953,45.23358378,1,0,0,0,0,5/11/2023 10:11,42001
11,1,7,0,218,224,1758,68.61316394,0,1,1,1,0,7/20/2020 11:37,6901
4,3,10,0,222,227,1636,71.26348892,1,0,1,1,0,10/21/2020 4:00,10075
19,1,10,2,218,222,1529,81.97402752,1,1,0,1,0,10/17/2022 19:45,34960
7,1,5,1,224,226,1655,71.06187666,1,0,0,0,1,5/17/2021 7:24,17203
3,3,10,1,236,237,1901,42.42601355,1,0,0,0,1,10/25/2023 3:50,47711
4,2,11,0,217,225,1579,85.02383828,1,1,1,1,1,11/10/2020 4:45,10761
6,4,5,2,217,223,1923,28.8340054,0,0,0,1,0,5/28/2020 6:44,5079
22,7,10,2,222,227,1808,57.04877967,1,1,0,1,1,10/15/2023 22:22,47395
18,6,5,0,235,239,1636,46.05711868,0,1,1,1,0,5/7/2022 18:24,29376
8,7,5,2,220,228,1548,44.53843426,1,0,0,1,0,5/28/2023 8:39,42581
14,1,9,0,229,234,1513,21.51638169,1,0,1,0,0,9/14/2020 14:34,8823
12,1,1,2,232,234,1987,82.1509462,1,0,0,0,0,1/13/2020 12:38,430
14,7,8,1,231,235,1599,33.89065731,0,0,1,0,1,8/23/2020 14:52,8070
12,4,6,0,223,225,1557,97.13334571,1,1,1,1,1,6/10/2021 12:22,18032
1,5,3,1,218,222,1531,42.7320976,1,0,0,1,1,3/10/2023 1:57,39866
19,7,8,1,227,227,1681,19.97618496,0,0,1,0,0,8/27/2023 19:36,45713
1,1,4,0,230,238,1979,65.25999201,1,1,1,0,1,4/17/2023 1:00,41166
11,5,9,2,237,238,1923,22.5620799,1,1,0,1,1,9/9/2022 11:35,33647
5,7,6,2,225,230,1543,26.63406554,1,1,0,0,1,6/27/2021 5:56,18605
9,5,2,0,233,233,1588,61.99041007,1,1,1,0,0,2/24/2023 9:58,39398
3,7,6,2,226,226,1871,18.5775067,1,1,0,0,0,6/11/2023 3:26,43053
19,3,1,1,214,220,1636,71.5178919,0,0,0,0,1,1/29/2020 19:42,988
2,4,6,1,227,230,1749,36.26036777,0,1,1,1,1,6/22/2023 2:57,43429
23,7,7,2,233,236,1676,70.91096225,1,1,0,0,1,7/11/2021 23:51,19110
19,2,6,2,222,223,1932,50.3775815,1,1,0,1,0,6/23/2020 19:04,5987
7,7,12,1,220,229,1847,47.5538551,1,0,1,0,1,12/25/2022 7:52,37306
23,1,7,1,222,230,1771,91.95118259,0,0,0,1,1,7/5/2021 23:29,18904
20,2,7,1,230,237,1740,25.67901291,0,1,1,1,1,7/18/2023 20:53,44345
14,7,2,2,214,221,1518,91.24303678,0,1,0,1,0,2/6/2022 14:59,26289
21,4,11,1,223,230,1818,33.70186555,0,0,1,0,1,11/17/2022 21:25,36024
0,4,9,2,228,229,1832,30.97788396,0,1,0,1,1,9/2/2021 0:00,20891
12,1,3,2,229,238,1859,10.49596653,0,1,0,1,0,3/2/2020 12:36,2108
4,2,3,2,238,238,1506,26.5004787,1,1,0,0,1,3/10/2020 4:55,2371
7,2,12,1,213,221,1916,74.87855341,0,1,1,1,1,12/28/2021 7:10,24908
12,3,12,2,220,224,1983,63.1456184,1,0,0,0,0,12/30/2020 12:57,12485
15,2,3,2,231,237,1928,90.18718594,0,0,0,0,0,3/3/2020 15:14,2146
20,2,1,0,230,232,1972,79.9821055,0,1,1,0,0,1/11/2022 20:52,25407
15,5,10,2,219,228,1814,78.51856067,1,1,0,1,1,10/27/2023 15:24,47796
7,5,12,1,229,236,1653,39.1922303,0,0,1,1,0,12/2/2022 7:37,36518
19,1,6,1,233,238,1554,47.68925694,0,1,1,0,1,6/5/2023 19:53,42871
22,4,3,2,236,239,1664,36.78115716,0,1,0,1,1,3/4/2021 22:57,14691
14,7,4,0,216,223,1554,23.48076637,1,0,1,1,0,4/25/2021 14:41,16460
15,7,5,2,231,236,1811,55.91368043,0,1,0,1,1,5/2/2021 15:35,16701
16,7,11,1,215,223,1696,66.36237455,0,0,0,1,1,11/20/2022 16:00,36119
15,2,3,2,226,231,1743,40.19260988,1,1,0,0,1,3/16/2021 15:59,15092
15,5,2,1,229,233,1715,43.39915423,0,0,1,1,1,2/4/2022 15:20,26221
19,2,2,2,232,233,1658,99.02222946,0,1,0,0,1,2/28/2023 19:47,39549
14,2,9,1,220,224,1759,16.87956674,0,1,1,1,1,9/12/2023 14:02,46253
0,4,3,0,219,226,1812,45.5388437,1,1,1,1,0,3/24/2022 0:03,27843
9,6,9,0,228,235,1982,11.95449835,1,0,1,0,0,9/26/2020 9:00,9226
13,3,9,0,237,239,1790,63.67866178,1,1,1,0,1,9/28/2022 13:55,34301
22,4,1,1,218,225,1993,68.65357376,0,0,1,0,0,1/20/2022 22:50,25718
12,3,5,1,218,221,1966,42.42215571,0,1,1,0,1,5/4/2022 12:37,29265
0,2,10,0,226,226,1769,62.9689184,1,0,1,0,0,10/13/2020 0:28,9796
14,4,12,2,212,220,1695,68.36038019,0,1,0,1,0,12/3/2020 14:06,11562
15,2,3,0,214,220,1836,47.67432266,1,1,1,0,1,3/14/2023 15:16,40022
6,5,5,0,233,238,1897,18.70454616,1,0,1,1,0,5/5/2023 6:19,41790
13,4,7,0,229,232,1832,21.81699792,0,1,1,1,0,7/8/2021 13:09,18992
4,4,6,1,223,226,1533,16.16763881,0,1,1,0,1,6/4/2020 4:07,5315
21,7,9,1,232,232,1891,14.18586943,0,0,0,0,1,9/10/2023 21:24,46195
9,5,10,2,214,221,1975,22.72418407,1,1,0,1,1,10/23/2020 9:57,10152
3,1,7,0,234,238,1564,93.30837024,1,1,1,0,0,7/24/2023 3:02,44525
11,7,11,1,236,237,1868,92.86699562,0,0,1,1,1,11/27/2022 11:17,36352
1,3,9,2,226,229,1729,77.67911074,0,0,0,1,0,9/7/2022 1:25,33564
10,7,12,2,216,225,1575,65.64198794,0,1,0,0,0,12/4/2022 10:47,36591
2,3,9,1,232,232,1914,85.61226314,0,0,0,0,1,9/30/2020 2:00,9353
10,4,8,1,220,224,1700,15.05135806,0,0,1,1,1,8/10/2023 10:37,45118
22,2,5,2,230,239,1755,68.07123882,0,1,0,0,1,5/25/2021 22:50,17499
3,7,6,2,219,221,1862,22.23387971,0,1,0,1,0,6/20/2021 3:38,18362
17,3,4,0,227,234,1813,80.55312417,0,1,1,0,0,4/12/2023 17:59,41019
8,2,3,1,228,233,1533,68.51326064,1,0,1,0,1,3/17/2020 8:37,2616
16,1,12,1,222,224,1616,55.6385924,0,0,0,0,1,12/26/2022 16:48,37353
14,2,9,2,222,223,1827,72.64780347,1,0,0,0,0,9/27/2022 14:47,34268
19,5,7,1,220,229,1668,83.82730393,0,0,0,1,1,7/9/2021 19:17,19035
6,6,11,0,218,224,1790,55.77069681,1,1,1,1,0,11/13/2021 6:31,23366
6,3,3,0,220,222,1685,61.91709866,1,1,1,0,0,3/22/2023 6:11,40283
7,3,12,0,214,223,1670,51.55043425,1,0,1,0,0,12/16/2020 7:39,11998
22,2,6,1,224,233,1983,55.26710055,1,0,1,0,1,6/15/2021 22:01,18217
7,3,8,1,235,239,1592,57.46873329,1,0,1,0,1,8/18/2021 7:29,20388
17,2,3,2,224,228,1979,73.69367394,0,1,0,0,0,3/7/2023 17:53,39786
7,3,4,2,231,234,1738,69.72042791,0,0,0,0,0,4/1/2020 7:26,3128
3,3,10,0,225,229,1728,34.90430576,1,0,1,1,0,10/4/2023 3:15,46991
22,4,7,2,223,232,1868,24.73424442,1,0,0,1,0,7/16/2020 22:49,6780
23,5,8,2,220,221,1728,84.96858775,1,1,0,0,1,8/7/2020 23:55,7535
7,3,3,1,225,227,1653,90.19326228,0,0,1,1,1,3/8/2023 7:12,39805
6,1,11,1,213,222,1983,91.09680399,0,1,1,0,1,11/30/2020 6:55,11449
23,1,5,0,234,238,1828,39.7506834,1,0,1,0,0,5/24/2021 23:00,17465
4,3,11,1,229,234,1972,17.82734792,1,0,1,1,1,11/24/2021 4:37,23740
21,3,12,2,235,235,1764,47.76831145,0,1,0,1,0,12/29/2021 21:43,24963
4,4,4,2,221,230,1717,58.04881037,1,1,0,1,1,4/29/2021 4:53,16583
12,1,3,1,225,229,1948,24.36677586,0,1,1,0,1,3/15/2021 12:39,15053
10,4,4,2,236,238,1896,15.95033301,1,1,0,1,0,4/30/2020 10:09,4125
20,3,12,0,231,231,1837,46.29809576,1,0,1,0,0,12/9/2020 20:47,11777
5,2,12,1,227,233,1867,41.74404981,1,0,0,0,1,12/8/2020 5:32,11721
6,7,8,2,229,229,1661,92.52045002,1,1,0,0,0,8/27/2023 6:17,45694
18,6,9,1,234,237,1919,18.59052501,0,0,0,1,1,9/9/2023 18:46,46157
8,6,5,2,232,237,1727,96.24544093,0,1,0,1,1,5/28/2022 8:29,30081
19,6,3,2,227,230,1723,13.22805053,0,1,0,0,0,3/11/2023 19:59,39926
7,6,10,2,230,237,1759,46.07217026,1,0,0,1,0,10/14/2023 7:08,47339
6,5,6,1,216,220,1549,37.16140661,0,0,1,0,0,6/24/2022 6:38,31003
7,1,6,1,229,233,1614,58.68301221,0,0,1,1,1,6/21/2021 7:40,18402
3,7,4,2,216,220,1621,30.91771753,1,0,0,1,0,4/11/2021 3:47,15965
22,4,12,0,232,238,1881,14.79669998,1,1,1,0,0,12/16/2021 22:33,24519
3,2,9,1,213,222,1655,80.32864767,0,1,1,1,1,9/8/2020 3:00,8601
16,6,8,1,220,227,1616,96.64128226,0,0,1,0,0,8/14/2021 16:35,20264
8,1,7,2,234,237,1822,64.82449585,1,0,0,1,0,7/10/2023 8:15,44053
8,6,5,1,218,225,1998,63.69458491,0,0,0,1,1,5/20/2023 8:38,42307
7,6,10,0,228,235,1744,94.60212568,1,0,1,1,0,10/1/2022 7:05,34394
7,3,7,0,225,228,1728,43.35156006,1,0,1,1,0,7/14/2021 7:13,19189
11,3,3,1,225,233,1699,13.71176658,0,0,0,1,1,3/15/2023 11:36,40051
15,4,12,0,225,230,1768,67.24617053,1,1,1,0,0,12/30/2021 15:14,24988
6,5,9,1,223,228,1919,70.94094434,0,0,1,1,1,9/25/2020 6:22,9188
4,6,4,2,230,232,1534,59.56942247,0,1,0,0,0,4/17/2021 4:51,16172
9,3,3,2,219,222,1862,12.40613624,1,1,0,0,0,3/11/2020 9:39,2412
3,6,10,0,227,232,1630,49.83387024,0,1,1,1,0,10/15/2022 3:58,34869
19,7,12,0,234,238,1561,45.11871522,1,0,1,1,0,12/25/2022 19:46,37323
5,1,1,1,220,222,1717,60.49774747,1,0,1,0,1,1/25/2021 5:40,13365
18,6,6,2,237,239,1528,43.23745653,1,1,0,0,0,6/13/2020 18:41,5644
12,4,4,0,237,238,1683,77.12036165,1,1,1,1,1,4/28/2022 12:57,29060
12,4,6,2,235,239,1538,18.72627754,1,1,0,1,0,6/18/2020 12:13,5806
6,4,9,1,227,230,1953,73.08271995,0,0,1,1,0,9/3/2020 6:39,8435
22,5,9,2,232,236,1897,22.17807843,1,1,0,0,0,9/22/2023 22:50,46608
2,3,5,2,218,222,1769,37.53992799,1,1,0,0,0,5/18/2022 2:29,29730
16,3,1,0,225,229,1818,39.71046228,1,0,1,1,0,1/13/2021 16:51,12970
11,2,11,1,220,221,1801,87.16449872,0,0,1,1,1,11/9/2021 11:24,23236
8,5,8,0,238,239,1537,24.5081157,1,0,1,0,0,8/4/2023 8:51,44910
8,1,8,0,222,223,1913,35.45551728,1,1,1,1,0,8/7/2023 8:20,45012
13,3,9,1,219,221,1612,23.23663282,1,0,1,0,1,9/30/2020 13:55,9370
18,4,9,2,219,225,1848,37.37845641,1,0,0,1,0,9/28/2023 18:18,46807
22,7,9,0,217,221,1660,78.23173429,1,1,1,1,0,9/10/2023 22:06,46196
10,5,8,0,225,232,1531,40.60493897,1,0,1,1,0,8/4/2023 10:15,44912
10,2,6,0,225,233,1925,60.67254672,1,1,1,0,0,6/28/2022 10:51,31146
22,5,10,0,231,234,1561,60.37352999,1,0,1,0,0,10/8/2021 22:32,22156
19,5,1,0,223,223,1545,52.99904216,0,1,1,1,0,1/8/2021 19:49,12803
22,5,9,0,223,225,1617,27.47023119,1,0,1,0,0,9/10/2021 22:27,21197
10,2,8,2,222,231,1772,71.49612306,1,1,0,0,0,8/10/2021 10:58,20119
4,6,4,1,220,220,1874,48.30270304,1,0,0,1,1,4/23/2022 4:00,28876
4,6,12,0,220,222,1668,88.45280987,1,1,1,1,0,12/10/2022 4:08,36787
18,2,11,2,219,224,1620,52.97517008,1,1,0,0,0,11/3/2020 18:34,10541
6,3,7,1,217,224,1911,32.41216902,1,0,1,1,1,7/12/2023 6:30,44119
0,3,8,2,228,235,1761,64.1463065,0,1,0,1,1,8/12/2020 0:38,7673
20,2,4,1,225,226,1727,22.77029014,0,0,1,1,0,4/4/2023 20:04,40748
12,5,11,0,238,239,1646,21.45769374,0,1,1,1,0,11/18/2022 12:50,36046
15,6,8,1,217,226,1913,15.74560772,0,0,1,1,1,8/26/2023 15:34,45673
15,7,11,1,231,238,1577,92.63749267,0,0,1,1,0,11/6/2022 15:36,35639
20,6,8,0,231,236,1989,10.86966213,1,0,1,0,0,8/29/2020 20:50,8284
6,3,10,0,224,224,1628,32.39150335,1,0,1,1,0,10/5/2022 6:24,34530
19,2,1,1,223,227,1912,54.74971103,0,0,1,1,0,1/12/2021 19:49,12940
21,6,12,2,219,227,1803,96.94615436,0,1,0,0,1,12/12/2020 21:40,11881
18,4,12,2,230,234,1929,28.19753464,1,0,0,1,0,12/3/2020 18:18,11568
4,3,11,0,215,221,1972,58.44104976,0,1,1,0,0,11/23/2022 4:16,36205
21,3,1,0,219,227,1559,15.35447249,0,1,1,0,0,1/26/2022 21:05,25921
21,1,3,2,222,229,1827,89.73153101,1,0,0,1,0,3/8/2021 21:34,14826
0,1,1,0,219,226,1742,49.35904306,1,0,1,1,0,1/13/2020 0:02,412
14,1,5,1,217,223,1915,54.1698516,0,0,1,0,1,5/16/2022 14:45,29679
13,3,6,1,219,220,1898,21.31718127,0,0,1,1,1,6/1/2022 13:24,30225
21,6,8,2,229,232,1703,93.29222026,0,0,0,1,0,8/26/2023 21:11,45681
18,3,4,2,218,222,1742,22.7415027,1,1,0,0,1,4/19/2023 18:53,41260
7,1,5,2,212,221,1938,91.35381473,0,1,0,1,0,5/16/2022 7:02,29668
1,4,5,1,216,222,1663,80.53613172,0,0,1,1,0,5/7/2020 1:56,4353
9,7,11,1,225,232,1628,54.2161483,0,1,1,1,1,11/12/2023 9:08,48335
5,2,12,2,233,237,1512,40.61352892,0,0,0,0,0,12/28/2021 5:46,24906
21,7,7,2,230,235,1788,80.88709668,0,1,0,0,1,7/26/2020 21:47,7121
9,1,12,1,236,237,1960,82.13092167,0,0,0,0,1,12/13/2021 9:03,24397
21,3,5,0,224,231,1797,57.47057908,1,1,1,1,1,5/17/2023 21:46,42223
12,6,8,2,225,225,1521,64.91820164,0,0,0,0,0,8/20/2022 12:55,32964
11,5,7,0,233,235,1583,55.20126984,1,1,1,1,0,7/23/2021 11:58,19504
13,3,10,0,233,237,1798,42.48723349,1,1,1,0,1,10/4/2023 13:03,47005
19,1,11,2,222,226,1908,52.10187324,1,1,0,0,1,11/21/2022 19:19,36158
4,7,8,1,232,239,1710,82.03796078,1,0,1,1,1,8/22/2021 4:42,20521
12,4,3,2,215,224,1739,28.37865382,0,1,0,0,1,3/26/2020 12:41,2930
7,6,11,0,231,231,1743,42.55069519,0,1,1,0,0,11/4/2023 7:43,48059
9,6,7,1,216,223,1919,61.77751319,0,0,0,1,1,7/24/2021 9:42,19535
6,5,12,2,213,221,1591,24.01422596,1,1,0,0,1,12/24/2021 6:27,24770
2,3,3,0,228,236,1905,49.24527576,1,0,1,1,0,3/16/2022 2:08,27572
12,5,2,2,236,237,1684,50.89557446,1,1,0,1,0,2/7/2020 12:32,1286
19,4,11,1,217,224,1783,51.84393763,0,0,1,1,1,11/10/2022 19:07,35781
13,6,5,0,231,233,1617,78.79771924,0,1,1,0,0,5/14/2022 13:42,29609
2,4,3,0,230,234,1834,55.76334013,1,0,1,1,0,3/5/2020 2:59,2197
11,2,9,2,233,233,1920,95.89898665,0,0,0,0,0,9/14/2021 11:15,21318
19,2,8,0,232,236,1697,63.57316707,1,1,1,1,0,8/9/2022 19:44,32597
18,2,11,0,232,237,1726,38.07236858,0,1,1,1,0,11/2/2021 18:55,23007
6,5,6,2,225,228,1741,58.28605377,0,1,0,0,1,6/18/2021 6:05,18297
0,1,6,0,237,238,1998,72.39975912,0,1,1,0,0,6/7/2021 0:16,17912
18,7,5,2,220,220,1859,21.27038589,1,1,0,0,0,5/21/2023 18:16,42355
7,6,1,1,222,228,1686,42.25748412,0,0,1,0,1,1/22/2022 7:46,25765
1,3,7,0,226,235,1866,55.39165116,1,1,1,1,0,7/20/2022 1:27,31886
16,5,3,1,230,232,1714,95.77133,0,0,1,0,1,3/27/2020 16:00,2969
7,4,12,1,219,222,1896,26.73973733,0,1,1,0,1,12/10/2020 7:59,11793
7,2,9,2,231,234,1949,34.80066154,0,1,0,0,0,9/29/2020 7:05,9326
3,2,5,1,226,230,1941,84.91787206,0,0,0,1,1,5/31/2022 3:45,30177
7,5,11,0,227,235,1504,22.95220116,1,1,1,0,1,11/13/2020 7:44,10868
13,5,4,0,213,221,1796,99.46453624,0,1,1,0,0,4/15/2022 13:47,28616
13,7,3,2,228,236,1589,53.00645982,0,1,0,1,0,3/26/2023 13:54,40431
8,6,2,0,226,227,1878,21.8659576,0,1,1,1,0,2/11/2023 8:42,38951
0,1,1,1,220,228,1667,33.64309848,0,1,1,0,1,1/23/2023 0:46,38289
7,4,4,1,233,235,1884,25.01536083,0,0,0,1,1,4/7/2022 7:27,28333
18,1,7,0,225,234,1632,56.12586343,1,1,1,0,1,7/6/2020 18:56,6432
14,5,6,0,217,226,1729,59.36864739,1,0,1,1,0,6/2/2023 14:06,42760
22,3,11,2,233,235,1574,71.73363148,0,1,0,1,1,11/1/2023 22:15,47977
9,2,6,1,222,230,1965,20.02299741,0,1,1,0,1,6/29/2021 9:06,18678
10,5,7,1,233,239,1810,10.09178953,0,0,1,0,0,7/28/2023 10:45,44673
22,7,8,1,220,220,1663,91.8783809,0,0,0,1,1,8/23/2020 22:34,8081
23,3,10,2,234,237,1514,85.54381999,1,0,0,1,0,10/21/2020 23:37,10103
13,5,3,0,233,239,1756,37.85355805,1,1,1,1,1,3/26/2021 13:33,15431
17,1,6,1,234,235,1766,27.1809128,1,0,1,1,1,6/13/2022 17:38,30642
17,6,8,2,223,224,1538,53.10082523,0,0,0,0,0,8/8/2020 17:27,7560
8,5,11,0,230,232,1627,70.56283313,0,1,1,0,0,11/13/2020 8:26,10869
6,5,3,2,219,226,1502,93.79697475,1,0,0,1,0,3/24/2023 6:32,40352
0,7,3,1,228,234,1750,53.18967896,0,0,1,1,1,3/5/2023 0:42,39693
23,1,6,0,219,222,1512,37.98317362,1,1,1,1,0,6/19/2023 23:05,43355
18,3,1,0,229,235,1661,16.03992921,1,0,1,1,0,1/29/2020 18:18,986
14,3,11,1,225,226,1686,33.9951693,0,0,0,1,1,11/18/2020 14:35,11049
5,2,3,1,229,237,1543,14.81008017,1,0,1,0,1,3/10/2020 5:37,2372
17,2,8,2,217,226,1793,15.06265885,1,1,0,1,0,8/15/2023 17:28,45299
7,1,3,2,227,230,1648,78.94710235,0,0,0,0,0,3/7/2022 7:11,27271
3,4,11,2,227,233,1755,69.28928982,0,1,0,1,1,11/4/2021 3:51,23054
3,3,5,0,233,239,1910,54.99281626,0,1,1,0,0,5/5/2021 3:51,16787
8,4,4,2,226,229,1734,74.63008224,0,1,0,0,1,4/29/2021 8:24,16588
8,4,1,2,228,230,1538,49.57298707,0,0,0,1,0,1/27/2022 8:18,25937
21,4,5,1,228,232,1763,63.19664109,1,0,1,1,1,5/20/2021 21:36,17326
12,3,5,0,219,224,1541,85.55961581,1,0,1,0,0,5/26/2021 12:09,17518
2,1,11,0,227,230,1521,80.65477018,1,1,1,0,1,11/16/2020 2:19,10963
0,5,5,1,235,237,1818,82.5957862,1,0,0,0,1,5/20/2022 0:03,29795
15,4,1,2,228,237,1814,66.31713589,0,1,0,1,1,1/9/2020 15:26,297
14,1,3,2,212,221,1587,10.52139399,0,1,0,0,1,3/9/2020 14:12,2350
22,6,10,2,212,221,1872,45.57799583,0,1,0,1,1,10/9/2021 22:21,22190
22,2,12,1,215,222,1816,14.26585662,0,0,1,0,0,12/1/2020 22:51,11506
1,5,8,1,233,237,1511,51.16347502,0,1,1,0,1,8/27/2021 1:02,20687
20,3,12,2,227,231,1538,22.425864,1,1,0,1,0,12/8/2021 20:25,24242
16,4,7,2,221,225,1683,22.33250535,1,0,0,0,0,7/23/2020 16:00,7010
14,7,5,0,232,236,1936,72.5051412,1,1,1,1,0,5/24/2020 14:25,4953
21,2,5,0,229,238,1583,44.7151753,1,0,1,0,0,5/5/2020 21:54,4313
1,4,3,2,219,224,1679,96.51706559,0,1,0,0,0,3/23/2023 1:06,40310
13,5,4,1,222,224,1669,21.10770988,0,0,1,0,1,4/24/2020 13:59,3925
22,7,4,2,222,231,1917,82.42234502,1,1,0,0,1,4/17/2022 22:33,28697
23,7,4,1,212,220,1693,34.24604965,1,0,1,0,1,4/10/2022 23:03,28458
11,3,2,0,222,227,1714,35.71942288,1,0,1,1,0,2/16/2022 11:10,26626
8,1,5,1,230,236,1983,89.93961188,0,0,1,0,1,5/18/2020 8:27,4739
8,5,8,2,217,224,1723,24.08992023,0,1,0,1,0,8/14/2020 8:42,7753
15,2,11,1,225,226,1587,89.6056374,0,0,1,0,1,11/8/2022 15:57,35708
8,6,10,0,225,233,1790,88.80512886,1,1,1,0,0,10/8/2022 8:41,34636
9,2,8,1,217,220,1944,53.05564261,0,0,1,0,1,8/10/2021 9:34,20117
14,5,3,0,233,239,1732,91.6901647,1,1,1,0,0,3/19/2021 14:45,15193
12,6,6,2,218,224,1625,51.32720548,0,1,0,1,1,6/25/2022 12:46,31046
6,7,9,0,234,236,1803,76.75896161,1,1,1,1,1,9/11/2022 6:20,33708
14,1,5,0,231,231,1776,60.81149436,0,1,1,1,0,5/18/2020 14:45,4748
21,2,4,1,223,226,1619,44.52607775,0,0,1,1,1,4/7/2020 21:07,3353
23,7,8,2,221,221,1804,42.03373518,0,1,0,1,1,8/27/2023 23:48,45719
3,5,2,0,232,239,1982,34.84567474,1,1,1,1,1,2/17/2023 3:28,39149
2,3,4,1,228,232,1945,48.56725947,0,1,1,1,1,4/6/2022 2:01,28291
0,2,7,2,219,220,1909,15.04509266,0,0,0,1,0,7/19/2022 0:13,31850
9,1,11,1,228,236,1811,35.61753467,0,0,1,1,0,11/13/2023 9:40,48370
11,1,12,1,238,238,1953,95.16113619,0,0,0,0,1,12/21/2020 11:00,12174
6,7,6,2,212,220,1598,80.91064321,1,1,0,0,0,6/14/2020 6:36,5661
9,4,8,2,230,233,1525,73.00452127,1,1,0,1,0,8/27/2020 9:16,8199
3,7,10,1,226,226,1896,82.41314166,0,0,1,0,0,10/9/2022 3:36,34663
1,7,5,2,216,220,1794,13.47090925,0,0,0,0,0,5/31/2020 1:18,5174
7,7,4,1,230,237,1930,65.7570882,1,0,1,0,1,4/17/2022 7:50,28676
4,1,10,2,224,229,1777,28.06197568,0,1,0,1,0,10/10/2022 4:50,34699
3,6,7,0,219,221,1953,31.53210336,1,0,1,0,0,7/25/2020 3:02,7060
21,2,1,1,233,233,1539,67.89952914,0,0,0,0,1,1/5/2021 21:44,12703
15,7,2,1,215,220,1747,19.18845363,1,0,1,0,1,2/16/2020 15:54,1599
18,6,5,0,231,232,1968,98.89009765,1,1,1,1,1,5/8/2021 18:03,16910
9,2,12,1,229,232,1575,83.51464143,0,1,1,0,1,12/8/2020 9:02,11726
12,6,12,2,230,234,1704,64.0868941,0,0,0,1,0,12/10/2022 12:33,36799
12,4,6,2,226,233,1895,26.98129839,0,1,0,1,0,6/2/2022 12:31,30258
5,3,8,2,220,228,1784,40.35557941,1,1,0,1,0,8/25/2021 5:35,20625
6,3,11,1,227,236,1696,47.45367081,1,0,1,1,1,11/2/2022 6:29,35489
9,7,7,2,231,238,1536,19.77979828,1,0,0,1,0,7/24/2022 9:52,32035
12,2,7,0,230,235,1792,39.23682537,1,1,1,0,1,7/4/2023 12:47,43854
11,7,6,1,232,232,1587,41.15442901,0,1,1,1,1,6/18/2023 11:20,43304
5,3,2,2,217,220,1966,20.15864079,1,1,0,0,0,2/10/2021 5:01,13912
14,1,8,2,219,227,1697,78.40667829,0,1,0,1,0,8/7/2023 14:38,45021
0,4,6,1,220,229,1636,85.38710471,1,0,1,0,1,6/15/2023 0:39,43186
21,6,6,2,236,239,1601,73.42835921,1,1,0,1,0,6/12/2021 21:08,18113
23,6,8,1,224,226,1908,18.99355759,0,0,0,1,1,8/6/2022 23:45,32500
10,6,4,1,220,220,1658,78.51776125,1,0,1,1,1,4/15/2023 10:27,41111
6,6,4,1,212,221,1810,70.3233183,0,0,1,1,1,4/29/2023 6:39,41585
4,2,12,2,229,233,1621,60.44751295,1,1,0,1,0,12/8/2020 4:08,11719
5,1,11,1,226,228,1825,97.48254775,0,0,0,1,1,11/2/2020 5:26,10488
4,5,10,0,232,237,1922,92.2221758,1,1,1,1,0,10/15/2021 4:30,22370
12,5,8,1,228,228,1538,63.77210927,0,0,0,1,1,8/25/2023 12:14,45634
8,3,6,2,219,224,1863,15.32709198,0,1,0,0,1,6/21/2023 8:01,43402
4,1,9,2,222,231,1849,20.69097638,0,1,0,1,1,9/21/2020 4:15,9048
18,3,9,1,232,235,1970,89.73724686,0,0,1,0,1,9/8/2021 18:35,21123
7,2,3,1,230,239,1521,50.76648343,0,0,1,1,0,3/8/2022 7:43,27306
21,1,4,1,217,225,1528,82.34745457,1,0,1,0,1,4/20/2020 21:41,3799
21,1,7,2,218,226,1907,17.84381902,1,0,0,1,0,7/13/2020 21:56,6676
14,2,8,1,230,234,1570,91.39671989,0,1,1,0,1,8/8/2023 14:28,45055
19,6,8,1,219,225,1932,29.59272719,0,0,1,0,1,8/15/2020 19:45,7803
19,2,5,1,218,221,1707,23.64978607,0,1,1,0,1,5/10/2022 19:17,29480
8,7,1,0,231,234,1823,26.69201838,1,0,1,0,0,1/26/2020 8:18,869
7,1,1,1,234,234,1525,85.58738417,0,0,1,0,1,1/10/2022 7:02,25353
15,7,1,2,238,238,1996,61.29913769,1,1,0,0,1,1/3/2021 15:04,12625
15,7,10,1,215,223,1879,80.9635438,0,0,1,0,1,10/3/2021 15:41,21975
10,2,12,1,217,222,1617,54.15338676,0,0,1,0,0,12/1/2020 10:57,11489
13,2,11,1,229,238,1649,29.63005076,0,0,1,1,1,11/14/2023 13:00,48409
11,1,6,0,220,229,1978,94.19695309,1,1,1,1,0,6/6/2022 11:08,30393
7,5,11,2,232,232,1801,23.24765409,1,0,0,0,0,11/24/2023 7:04,48743
6,2,10,2,224,233,1577,12.56947202,1,1,0,1,0,10/27/2020 6:28,10284
7,3,7,2,228,232,1691,65.15200577,0,1,0,0,1,7/22/2020 7:46,6964
11,7,12,0,232,239,1704,82.28694486,0,1,1,0,0,12/18/2022 11:52,37072
19,3,7,1,215,220,1634,36.39301837,0,0,1,0,1,7/14/2021 19:50,19207
9,6,5,0,217,225,1558,71.85285776,0,1,1,1,0,5/15/2021 9:08,17137
2,4,7,2,217,222,1641,96.96034455,0,1,0,0,0,7/15/2021 2:50,19217
6,4,9,2,213,222,1619,23.16733363,0,1,0,0,1,9/22/2022 6:32,34085
2,2,3,2,211,220,1531,20.86053795,1,1,0,1,1,3/2/2021 2:16,14593
0,2,11,1,223,225,1879,26.04047705,0,1,1,1,1,11/17/2020 0:02,10994
7,4,1,1,226,229,1815,50.18844169,0,0,1,0,0,1/13/2022 7:55,25457
12,2,6,2,215,220,1629,23.04978771,0,1,0,0,1,6/9/2020 12:22,5498
4,2,3,2,235,236,1614,35.79353811,1,0,0,0,0,3/23/2021 4:15,15315
6,1,2,2,225,225,1690,80.16881639,1,1,0,1,0,2/15/2021 6:15,14085
15,7,8,2,232,232,1859,11.47568529,1,1,0,1,1,8/23/2020 15:34,8071
5,6,9,2,227,229,1913,14.55663153,0,0,0,0,0,9/25/2021 5:09,21686
8,7,8,2,226,228,1608,17.16524313,1,0,0,0,0,8/15/2021 8:42,20287
8,4,3,2,223,228,1793,31.4935465,1,0,0,0,0,3/12/2020 8:05,2444
13,3,2,1,229,229,1767,52.00394163,0,1,1,0,1,2/12/2020 13:05,1458
2,2,1,1,233,238,1586,87.0136908,1,0,0,1,1,1/17/2023 2:30,38086
15,1,11,0,220,226,1884,78.24026295,1,1,1,0,1,11/2/2020 15:56,10503
7,3,4,1,229,233,1926,91.87205437,1,0,1,0,1,4/28/2021 7:10,16552
20,7,9,1,239,239,1723,71.96060635,1,0,0,0,1,9/4/2022 20:51,33489
13,3,8,1,215,224,1712,74.16092439,0,0,1,1,0,8/23/2023 13:17,45567
22,2,9,1,213,221,1922,72.96878548,0,0,1,0,1,9/13/2022 22:06,33799
14,2,12,2,225,227,1564,27.32992869,0,1,0,1,1,12/29/2020 14:32,12453
16,4,7,1,224,232,1668,53.10132141,1,0,0,0,1,7/16/2020 16:30,6771
10,1,11,1,235,239,1975,76.85666914,0,0,1,0,0,11/8/2021 10:53,23201
1,6,4,0,224,230,1690,72.76121414,1,1,1,0,1,4/2/2022 1:18,28153
6,3,5,0,222,226,1502,64.33981547,1,1,1,1,1,5/18/2022 6:00,29735
17,3,5,2,233,235,1902,27.51534066,1,1,0,1,0,5/5/2021 17:10,16806
3,7,8,0,234,236,1953,23.9161145,1,1,1,0,1,8/15/2021 3:06,20279
20,5,3,0,213,220,1943,58.7656833,1,1,1,1,1,3/25/2022 20:54,27907
10,1,2,1,229,234,1582,16.11786044,1,0,0,1,1,2/14/2022 10:49,26557
23,3,9,1,217,223,1755,68.00531391,0,0,1,0,0,9/1/2021 23:18,20890
0,4,11,2,232,238,1947,36.2974747,1,1,0,1,1,11/12/2020 0:54,10824
16,1,11,1,230,236,1664,51.23441598,0,0,1,1,1,11/2/2020 16:38,10504
10,2,2,1,223,223,1923,46.82966235,0,0,1,1,0,2/23/2021 10:29,14365
4,6,10,2,230,234,1623,27.43468045,0,0,0,0,0,10/3/2020 4:59,9460
0,6,1,1,222,226,1654,47.32876775,0,0,1,1,1,1/11/2020 0:22,344
19,5,6,0,222,224,1755,70.79973714,1,0,1,0,0,6/5/2020 19:22,5371
1,6,11,2,226,228,1624,62.68099016,0,0,0,1,0,11/5/2022 1:45,35585
9,2,6,2,222,226,1663,54.36278744,1,0,0,1,0,6/16/2020 9:46,5734
11,2,9,2,228,234,1833,28.9883622,1,1,0,0,0,9/29/2020 11:59,9333
11,4,6,0,228,237,1605,83.60052086,1,1,1,1,1,6/17/2021 11:10,18270
14,7,10,2,233,238,1650,66.97450269,1,1,0,0,1,10/22/2023 14:09,47623
3,7,12,2,237,237,1869,87.84852853,0,0,0,1,0,12/25/2022 3:39,37300
8,6,7,1,218,225,1582,98.54485166,1,0,1,1,1,7/8/2023 8:36,43985
23,4,4,2,229,230,1521,36.95599997,1,0,0,1,0,4/29/2021 23:49,16610
6,3,3,0,213,220,1760,17.86422474,1,1,1,1,1,3/30/2022 6:02,28057
0,2,7,1,230,239,1796,25.95908281,0,0,0,0,1,7/6/2021 0:11,18905
17,3,7,2,237,237,1580,64.67441718,0,1,0,0,0,7/20/2022 17:34,31909
18,4,7,2,217,223,1908,63.76976071,1,1,0,1,0,7/13/2023 18:57,44171
10,1,7,2,228,228,1864,77.96890931,0,0,0,0,0,7/31/2023 10:14,44775
23,4,6,1,226,234,1560,36.845674,0,1,1,0,1,6/15/2023 23:04,43218
5,3,1,0,233,239,1931,81.95471691,1,1,1,0,1,1/15/2020 5:17,488
6,1,5,1,213,221,1639,60.36340642,1,0,0,0,1,5/23/2022 6:32,29907
4,3,8,1,218,224,1619,16.95353977,0,1,1,1,1,8/2/2023 4:17,44835
0,4,6,2,223,229,1883,40.78924753,1,1,0,1,1,6/22/2023 0:50,43426
21,2,12,0,232,234,1883,27.34215507,1,1,1,1,1,12/21/2021 21:41,24689
23,3,9,1,234,236,1983,27.44345002,0,0,0,1,1,9/30/2020 23:44,9384
0,3,10,1,221,227,1829,32.42031924,0,1,1,0,1,10/20/2021 0:08,22535
0,7,9,1,236,237,1834,70.72243829,0,1,1,0,1,9/3/2023 0:10,45925
10,7,8,0,220,221,1832,45.66051226,1,1,1,1,1,8/16/2020 10:28,7824
2,3,5,2,231,239,1551,65.42153803,0,1,0,0,1,5/6/2020 2:48,4320
16,4,4,0,235,238,1947,71.74778159,1,0,1,1,0,4/22/2021 16:36,16360
16,5,6,1,219,224,1898,26.5019434,0,0,1,1,1,6/19/2020 16:57,5847
11,5,8,2,231,239,1886,58.12007461,0,1,0,1,1,8/21/2020 11:00,7996
14,5,10,0,230,232,1614,75.23621727,0,1,1,0,0,10/27/2023 14:00,47794
17,2,8,2,234,237,1749,82.89953231,0,1,0,1,1,8/17/2021 17:28,20368
20,1,11,1,224,229,1636,38.17722154,0,0,1,0,1,11/20/2023 20:22,48625
15,5,11,1,226,233,1591,26.32784504,1,0,1,1,1,11/5/2021 15:36,23105
11,1,6,0,213,220,1611,13.81628098,1,1,1,0,0,6/27/2022 11:43,31113
19,5,12,0,213,222,1624,50.98882231,1,0,1,1,0,12/31/2021 19:16,25028
18,7,2,2,232,237,1887,37.31135524,1,1,0,1,0,2/26/2023 18:02,39478
22,7,5,1,231,233,1655,40.01527309,0,0,0,0,1,5/17/2020 22:38,4725
3,4,1,2,219,221,1916,78.61528535,1,0,0,0,0,1/14/2021 3:22,12985
21,5,8,1,235,239,1802,50.68402224,1,0,1,1,1,8/21/2020 21:31,8011
10,5,9,1,221,230,1614,47.79808327,0,0,1,1,0,9/11/2020 10:11,8714
0,2,2,2,220,229,1626,25.82741814,0,0,0,0,0,2/7/2023 0:17,38802
18,5,12,2,214,223,1894,77.34396762,0,0,0,1,0,12/16/2022 18:31,37013
4,2,5,1,229,233,1594,70.2561951,0,0,1,1,1,5/19/2020 4:04,4767
6,3,4,2,212,220,1977,75.22035746,1,1,0,0,0,4/12/2023 6:46,41003
11,7,7,1,215,220,1834,47.99674139,1,0,0,1,1,7/2/2023 11:02,43783
11,1,8,2,223,229,1764,28.15085704,0,1,0,0,0,8/10/2020 11:30,7620
21,5,5,0,221,225,1535,11.40697817,0,1,1,1,0,5/1/2020 21:53,4176
16,7,6,2,215,224,1559,76.91915868,0,1,0,1,1,6/18/2023 16:57,43312
10,5,4,2,234,239,1745,75.45437651,0,0,0,1,0,4/10/2020 10:48,3441
14,4,8,0,216,221,1536,18.21272645,1,1,1,1,0,8/26/2021 14:31,20672
19,3,4,0,219,222,1790,22.49131418,0,1,1,1,0,4/13/2022 19:02,28555
19,5,2,2,212,221,1654,71.62885214,1,0,0,1,0,2/26/2021 19:05,14480
11,3,11,1,213,221,1649,23.13915102,1,0,1,0,1,11/4/2020 11:23,10565
23,4,11,2,231,238,1902,90.67934367,0,1,0,1,1,11/18/2021 23:10,23561
3,2,2,1,219,221,1573,33.93511204,0,0,1,0,1,2/16/2021 3:59,14116
13,1,7,1,229,230,1581,27.61673718,1,0,1,1,1,7/27/2020 13:12,7143
13,6,1,0,228,228,1613,66.02764328,0,1,1,0,0,1/11/2020 13:41,363
22,2,5,2,222,225,1811,50.43360735,0,1,0,0,1,5/23/2023 22:08,42429
7,1,3,2,230,232,1607,32.28483767,1,0,0,0,0,3/15/2021 7:44,15046
19,5,5,1,224,227,1863,28.94651935,0,0,0,1,1,5/29/2020 19:10,5131
19,6,7,2,221,228,1936,90.57785933,0,1,0,1,1,7/4/2020 19:16,6364
1,1,6,1,219,223,1856,41.96822539,0,1,1,0,1,6/12/2023 1:10,43084
2,5,7,2,218,220,1710,98.52268723,0,1,0,1,1,7/7/2023 2:28,43942
16,6,11,0,222,227,1892,30.9286343,1,0,1,1,0,11/13/2021 16:19,23380
9,1,9,2,228,234,1842,28.39094759,1,1,0,0,0,9/27/2021 9:00,21760
1,1,5,2,227,236,1700,41.58313834,0,1,0,0,0,5/15/2023 1:05,42125
11,5,1,1,228,233,1608,79.09933807,0,1,1,0,1,1/14/2022 11:15,25496
23,3,9,0,221,221,1976,68.44200908,1,1,1,0,1,9/16/2020 23:20,8904
10,1,1,1,217,221,1849,76.64119258,0,0,1,1,1,1/27/2020 10:56,907
3,3,7,1,227,234,1966,44.33733812,0,0,0,0,1,7/5/2023 3:30,43875
12,2,5,2,222,226,1789,36.5735643,0,0,0,1,0,5/5/2020 12:05,4299
17,2,1,2,234,236,1528,52.36248658,1,0,0,0,0,1/12/2021 17:43,12937
17,2,6,2,229,238,1786,31.97479255,0,0,0,0,0,6/29/2021 17:30,18690
17,3,1,2,214,221,1625,43.49417922,1,1,0,1,0,1/15/2020 17:12,505
6,4,11,1,219,226,1827,54.29280775,1,0,0,0,1,11/17/2022 6:00,36002
12,3,10,0,222,225,1800,18.23417485,1,1,1,0,0,10/13/2021 12:33,22313
4,7,5,0,232,236,1863,12.398447,1,1,1,0,0,5/31/2020 4:06,5178
12,7,7,1,222,225,1891,79.95150481,0,0,0,0,1,7/3/2022 12:47,31320
17,4,4,2,229,233,1761,31.67361306,0,0,0,0,0,4/7/2022 17:16,28347
17,5,5,0,232,236,1741,43.75967521,1,1,1,0,1,5/20/2022 17:34,29820
12,5,9,1,232,237,1692,73.53683592,0,0,1,0,0,9/2/2022 12:47,33409
18,5,12,1,236,237,1619,17.56975702,0,0,1,1,0,12/30/2022 18:55,37493
2,4,7,0,220,225,1951,76.49182138,1,1,1,1,1,7/13/2023 2:08,44147
19,1,4,1,213,221,1648,84.97365873,0,0,1,0,1,4/12/2021 19:02,16021
5,7,4,0,231,239,1829,46.40121365,1,1,1,0,0,4/11/2021 5:53,15968
8,2,10,2,229,230,1737,84.18033253,0,1,0,1,0,10/17/2023 8:43,47444
0,2,11,1,235,236,1544,52.62451955,0,0,1,1,1,11/2/2021 0:00,22980
13,4,2,0,218,220,1562,15.64462521,1,1,1,1,0,2/25/2021 13:39,14438
9,4,4,2,225,226,1526,37.31561665,1,1,0,0,0,4/14/2022 9:45,28576
4,3,11,1,224,229,1869,35.69062897,0,0,1,0,0,11/10/2021 4:13,23260
19,5,9,0,232,239,1981,21.88378732,1,0,1,1,0,9/4/2020 19:06,8487
21,6,8,2,231,231,1949,77.57081239,0,0,0,1,0,8/13/2022 21:50,32737
14,6,2,1,234,236,1833,57.09964209,0,0,0,1,1,2/27/2021 14:00,14507
12,7,1,1,230,233,1603,74.46563175,0,0,1,1,1,1/31/2021 12:21,13580
14,6,7,2,231,235,1641,57.29371787,0,1,0,0,1,7/18/2020 14:03,6836
16,3,4,1,219,226,1628,61.2345001,0,0,1,1,1,4/21/2021 16:47,16326
1,1,5,2,219,223,1678,87.09957987,1,0,0,1,0,5/30/2022 1:07,30139
11,3,7,2,234,239,1827,88.8728442,1,0,0,0,0,7/6/2022 11:34,31421
2,1,5,0,221,226,1573,20.78518365,1,1,1,0,0,5/1/2023 2:06,41647
3,4,10,2,229,230,1606,20.75654,0,0,0,0,0,10/22/2020 3:49,10109
13,3,5,2,228,235,1666,88.67741435,0,1,0,1,0,5/13/2020 13:31,4575
2,1,11,1,221,222,1960,70.39678614,0,0,0,1,1,11/22/2021 2:51,23669
21,6,4,2,215,224,1804,44.1209407,1,0,0,1,0,4/24/2021 21:52,16436
11,7,11,2,223,228,1753,79.17040268,1,0,0,0,0,11/7/2021 11:45,23168
7,5,9,1,226,231,1877,62.33154371,1,0,0,0,1,9/29/2023 7:36,46826
12,7,5,2,235,237,1780,93.05953631,1,0,0,0,0,5/31/2020 12:31,5190
23,1,7,0,233,235,1551,50.93231862,1,1,1,1,1,7/18/2022 23:31,31849
2,2,2,1,230,231,1581,79.6873941,0,0,1,0,1,2/21/2023 2:04,39284
1,3,11,2,220,224,1760,73.65972603,0,0,0,0,0,11/9/2022 1:46,35722
3,5,8,2,220,226,1728,48.43375463,0,0,0,1,0,8/21/2020 3:17,7985
5,5,12,0,232,235,1742,25.04271733,0,1,1,1,0,12/9/2022 5:01,36754
7,1,2,2,222,226,1782,13.3407521,1,1,0,0,0,2/24/2020 7:30,1861
9,2,8,1,231,235,1728,28.06098757,1,0,0,1,1,8/22/2023 9:15,45527
16,1,10,1,225,229,1994,28.97221082,0,0,0,0,1,10/5/2020 16:34,9545
15,4,8,1,214,222,1543,31.55236562,0,1,1,0,1,8/6/2020 15:41,7489
7,1,11,2,234,237,1827,61.29087637,0,1,0,1,0,11/23/2020 7:25,11210
20,1,11,0,218,225,1875,88.05358174,1,1,1,0,1,11/6/2023 20:41,48146
4,5,1,1,219,224,1681,56.68098328,1,0,1,0,1,1/6/2023 4:23,37712
17,7,4,2,226,233,1715,80.30990482,0,1,0,0,1,4/19/2020 17:39,3759
1,6,7,1,229,238,1999,70.33713841,0,0,1,0,0,7/22/2023 1:59,44455
5,1,5,0,222,228,1745,91.15745492,1,0,1,0,0,5/15/2023 5:59,42132
15,5,10,1,218,221,1919,27.28587171,0,0,1,1,0,10/6/2023 15:31,47077
19,4,1,2,222,225,1638,62.91479356,1,0,0,0,0,1/7/2021 19:17,12768
23,3,2,2,225,231,1728,58.38815326,1,0,0,0,0,2/8/2023 23:56,38870
6,3,4,2,215,222,1796,29.4402432,1,0,0,0,0,4/21/2021 6:58,16312
8,6,6,0,220,229,1594,17.7434598,1,1,1,0,0,6/13/2020 8:52,5630
11,6,3,0,216,222,1763,12.62825549,1,1,1,1,1,3/11/2023 11:35,39914
23,2,1,1,237,238,1763,21.25465916,0,0,1,0,0,1/5/2021 23:08,12705
0,1,9,1,231,238,1834,90.24054542,0,0,1,1,1,9/28/2020 0:57,9283
10,4,2,1,219,224,1567,99.52440598,0,0,0,1,1,2/6/2020 10:36,1249
17,6,7,0,230,231,1563,69.78219568,0,1,1,1,0,7/29/2023 17:35,44717
0,4,9,2,218,224,1998,95.11600688,0,1,0,0,0,9/28/2023 0:04,46781
16,3,3,0,224,231,1773,51.02167699,1,0,1,0,0,3/2/2022 16:28,27113
22,3,10,1,234,236,1813,97.6839118,0,0,1,0,1,10/14/2020 22:01,9861
19,6,4,1,219,223,1639,67.16347726,0,0,1,1,0,4/10/2021 19:23,15953
21,5,11,2,235,238,1523,26.34643542,1,1,0,0,0,11/17/2023 21:35,48524
22,3,11,2,220,229,1801,79.2828926,1,0,0,0,0,11/8/2023 22:26,48217
0,6,8,2,234,235,1826,89.91845189,0,1,0,1,0,8/5/2023 0:58,44933
19,5,8,1,226,226,1520,72.92356113,1,0,1,1,1,8/28/2020 19:36,8248
1,5,9,2,219,226,1995,78.44833572,0,0,0,1,0,9/16/2022 1:16,33872
23,5,7,2,223,231,1527,14.67953437,0,1,0,0,0,7/29/2022 23:43,32226
16,6,10,1,228,237,1921,65.83803276,1,0,0,1,1,10/8/2022 16:24,34647
22,1,4,1,228,228,1792,78.29240397,1,0,1,1,1,4/3/2023 22:20,40717
22,4,1,1,228,235,1579,16.3896383,0,0,1,0,1,1/20/2022 22:07,25717
11,7,3,1,223,228,1798,33.84870396,0,1,1,1,1,3/1/2020 11:23,2072
20,7,12,2,231,238,1773,26.43169303,1,1,0,1,1,12/5/2021 20:14,24139
9,1,12,2,225,231,1852,90.65176524,1,1,0,0,0,12/19/2022 9:36,37103
21,6,5,2,238,239,1959,10.16340265,1,0,0,0,0,5/22/2021 21:57,17395
11,4,2,0,226,232,1985,44.90299672,1,0,1,0,0,2/9/2023 11:09,38886
23,7,5,0,227,232,1991,59.32352371,0,1,1,0,0,5/10/2020 23:51,4487
7,6,10,2,230,239,1855,12.00558664,1,1,0,1,1,10/8/2022 7:59,34635
17,4,1,0,220,223,1755,75.30776784,1,1,1,1,0,1/2/2020 17:20,60
7,3,10,2,233,239,1608,27.53899841,0,1,0,1,1,10/20/2021 7:51,22546
14,1,10,1,229,237,1642,14.69235205,1,0,1,1,1,10/4/2021 14:06,22007
13,7,12,1,232,233,1792,20.49539011,0,1,1,1,1,12/20/2020 13:17,12143
4,2,9,2,222,229,1748,80.92092466,1,1,0,1,1,9/14/2021 4:14,21308
18,2,9,2,235,238,1832,77.13019236,0,1,0,1,0,9/22/2020 18:48,9103
16,4,12,1,231,231,1943,31.65799517,1,0,1,0,1,12/16/2021 16:15,24510
4,7,4,2,221,221,1948,41.73223039,0,0,0,1,0,4/10/2022 4:50,28432
22,1,10,2,218,226,1873,40.46001428,0,0,0,1,0,10/30/2023 22:35,47909
12,7,12,2,228,228,1645,88.5703144,0,1,0,1,0,12/18/2022 12:34,37073
1,6,5,0,222,222,1888,69.53425203,1,1,1,0,1,5/14/2022 1:05,29591
12,4,6,0,215,221,1743,61.23241665,1,1,1,1,0,6/9/2022 12:01,30497
1,1,12,2,236,239,1551,83.41431933,1,1,0,1,1,12/6/2021 1:09,24146
8,2,2,2,219,223,1742,63.58807581,0,1,0,1,1,2/25/2020 8:02,1896
18,3,2,2,233,238,1735,59.19531814,0,0,0,0,0,2/26/2020 18:22,1945
8,4,11,2,218,222,1576,76.40350515,0,1,0,1,0,11/26/2020 8:18,11314
1,4,3,1,232,239,1889,83.54385959,0,0,1,1,0,3/23/2023 1:48,40311
10,4,4,1,227,227,1806,10.718976,0,0,1,1,1,4/13/2023 10:48,41043
4,4,7,0,219,226,1647,61.71191386,1,1,1,1,0,7/13/2023 4:14,44150
9,7,10,1,226,230,1659,90.35726302,1,0,1,0,1,10/17/2021 9:04,22445
21,7,7,1,227,230,1987,14.45033033,0,0,1,0,0,7/31/2022 21:17,32291
21,7,9,1,223,223,1962,86.21551143,1,0,0,0,1,9/4/2022 21:33,33490
20,4,8,0,216,221,1871,81.66034595,1,1,1,1,1,8/24/2023 20:49,45612
8,7,7,2,221,228,1857,20.58028688,0,1,0,1,1,7/19/2020 8:17,6862
9,3,7,1,229,233,1504,21.94514404,0,0,0,1,1,7/5/2023 9:49,43884
9,1,3,1,238,238,1614,92.43021394,0,0,1,0,1,3/13/2023 9:08,39979
8,5,1,0,231,231,1602,72.98627867,1,1,1,0,1,1/17/2020 8:27,561
11,3,7,2,234,236,1927,35.51935083,1,0,0,0,0,7/5/2023 11:13,43886
15,4,6,1,226,231,1901,48.42701462,0,0,0,0,1,6/4/2020 15:20,5331
2,6,6,1,224,227,1948,82.02644281,0,0,0,1,1,6/25/2022 2:57,31032
23,1,7,2,227,233,1901,81.33083264,0,0,0,0,0,7/6/2020 23:08,6438
9,5,1,0,234,239,1824,59.82697739,1,1,1,0,0,1/7/2022 9:39,25254
13,6,7,1,237,237,1939,83.44832204,0,0,0,1,1,7/8/2023 13:30,43992
10,4,8,1,228,236,1586,61.99567118,0,1,1,1,1,8/13/2020 10:59,7722
23,3,2,2,224,227,1966,56.05722082,0,1,0,0,0,2/8/2023 23:14,38869
22,2,2,0,236,236,1875,74.63146806,1,1,1,1,1,2/16/2021 22:54,14143
20,2,12,2,223,225,1989,31.55463467,0,1,0,1,1,12/15/2020 20:27,11982
5,6,3,1,226,230,1790,65.63273587,0,0,1,1,0,3/12/2022 5:38,27440
13,5,10,2,225,234,1810,18.15434705,0,1,0,1,0,10/13/2023 13:36,47314
14,1,7,1,215,220,1703,16.87649931,0,0,1,1,0,7/26/2021 14:15,19610
8,2,5,2,234,235,1669,14.45262682,1,1,0,0,0,5/18/2021 8:37,17239
12,3,5,1,230,238,1804,76.923772,0,0,0,0,1,5/27/2020 12:30,5053
13,4,6,1,212,221,1582,85.86199823,1,0,0,0,1,6/17/2021 13:58,18274
5,1,8,1,232,239,1532,57.25602226,0,0,1,0,1,8/10/2020 5:53,7612
23,5,2,0,230,233,1917,38.92587887,1,1,1,0,1,2/26/2021 23:59,14487
21,4,1,1,235,238,1801,60.80735355,0,0,1,1,1,1/26/2023 21:16,38421
14,3,7,2,220,224,1841,49.88216606,0,1,0,1,0,7/12/2023 14:13,44130
15,6,1,0,232,237,1763,70.15816004,0,1,1,0,0,1/15/2022 15:59,25537
9,5,12,0,222,228,1862,18.45705166,1,1,1,0,0,12/2/2022 9:43,36521
15,1,11,0,218,223,1793,53.08252209,1,1,1,1,1,11/28/2022 15:19,36392
11,3,5,1,221,227,1690,60.49377453,1,0,1,1,1,5/6/2020 11:55,4333
5,5,1,0,228,233,1998,31.21367093,1,1,1,0,1,1/20/2023 5:29,38193
1,5,7,1,231,231,1774,51.11486368,0,0,1,0,0,7/9/2021 1:46,19010
13,6,6,0,232,233,1542,12.60460275,1,0,1,0,0,6/17/2023 13:37,43273
11,2,12,1,222,227,1553,94.55288148,1,0,1,1,1,12/22/2020 11:32,12209
19,5,6,0,228,230,1991,46.25261258,1,1,1,1,1,6/23/2023 19:35,43487
12,3,2,1,230,233,1601,86.50512254,1,0,1,0,1,2/16/2022 12:34,26628
19,6,6,2,229,234,1718,97.62337533,1,0,0,0,0,6/17/2023 19:55,43282
18,5,2,1,222,227,1611,64.0772923,1,0,1,0,1,2/4/2022 18:50,26226
5,4,7,1,221,230,1590,21.21112451,0,1,1,0,1,7/2/2020 5:36,6276
6,3,3,2,221,229,1851,33.04999496,1,1,0,1,1,3/17/2021 6:42,15113
5,5,1,2,228,233,1782,79.70230383,0,1,0,1,0,1/27/2023 5:41,38433
21,6,1,1,225,234,1972,54.51033357,0,0,1,0,0,1/1/2022 21:12,25065
13,6,2,0,230,238,1985,35.3081943,1,1,1,1,0,2/27/2021 13:18,14506
18,1,8,2,220,224,1542,41.12266254,0,1,0,0,1,8/22/2022 18:53,33041
17,2,12,0,235,235,1783,72.95835235,1,1,1,0,0,12/8/2020 17:27,11738
12,7,12,0,221,225,1577,51.03908553,1,1,1,0,1,12/25/2022 12:04,37312
4,6,12,1,218,225,1534,77.11778929,1,0,1,0,1,12/31/2022 4:43,37507
17,2,8,0,220,227,1660,34.80446193,1,0,1,1,0,8/31/2021 17:10,20847
19,1,7,1,234,239,1842,55.27796705,0,0,1,0,0,7/13/2020 19:49,6673
10,4,9,1,237,238,1804,53.98087664,0,0,1,0,0,9/7/2023 10:00,46076
2,5,7,0,227,235,1585,54.4720898,1,1,1,0,0,7/31/2020 2:00,7264
7,7,10,1,228,236,1743,12.88725164,0,0,0,0,1,10/16/2022 7:18,34908
15,5,7,2,225,226,1825,83.39312587,0,0,0,1,0,7/2/2021 15:35,18790
7,4,7,2,221,226,1646,87.58804393,1,0,0,1,0,7/7/2022 7:11,31449
22,7,2,0,216,223,1832,15.77975529,1,0,1,0,0,2/9/2020 22:42,1369
3,4,12,0,234,238,1533,13.97871504,1,1,1,0,1,12/29/2022 3:40,37437
23,6,8,2,228,237,1643,14.75932965,0,1,0,1,1,8/6/2022 23:03,32499
16,1,11,1,223,223,1758,41.11551919,0,0,1,0,0,11/16/2020 16:20,10983
3,5,9,0,229,232,1841,98.09552538,1,1,1,1,0,9/30/2022 3:45,34355
12,2,1,0,228,231,1940,85.83680677,1,1,1,0,1,1/21/2020 12:40,704
10,5,1,0,218,224,1829,16.43739493,1,0,1,1,0,1/10/2020 10:21,324
17,5,6,2,227,230,1536,68.60546943,0,1,0,1,0,6/3/2022 17:57,30300
0,5,6,1,234,239,1734,42.08281038,1,0,0,1,1,6/11/2021 0:59,18050
22,4,8,0,223,230,1850,90.55715578,0,1,1,1,0,8/26/2021 22:14,20683
20,2,4,1,223,225,1831,48.41911808,1,0,1,0,1,4/28/2020 20:18,4071
18,3,7,2,223,224,1707,81.39004461,0,1,0,0,0,7/22/2020 18:58,6980
3,1,5,1,229,233,1784,69.64420809,0,1,1,1,1,5/30/2022 3:56,30143
1,7,9,0,226,232,1876,86.34333255,1,0,1,1,0,9/10/2023 1:46,46167
10,5,11,0,221,221,1934,71.56823904,1,1,1,1,0,11/27/2020 10:56,11352
7,4,10,1,221,227,1509,81.36793359,0,1,1,0,1,10/26/2023 7:52,47751
5,2,6,0,228,231,1640,88.22160431,1,1,1,0,1,6/13/2023 5:54,43125
19,5,11,2,221,226,1747,86.82076818,1,1,0,1,0,11/5/2021 19:48,23111
22,4,2,2,232,235,1660,89.05065227,1,0,0,1,0,2/10/2022 22:01,26436
21,6,12,1,220,229,1801,92.64756653,1,0,1,1,1,12/4/2021 21:49,24107
17,1,2,1,222,229,1686,27.63781023,0,1,1,1,1,2/22/2021 17:40,14341
3,3,2,1,213,222,1982,82.90573273,0,0,1,1,0,2/17/2021 3:07,14149
17,4,3,1,229,233,1584,19.69228346,0,0,1,1,1,3/16/2023 17:02,40093
16,4,6,1,219,220,1901,99.11793967,1,0,0,0,1,6/8/2023 16:34,42969
0,1,5,2,221,224,1750,66.87448852,0,1,0,1,1,5/11/2020 0:33,4488
20,1,8,0,222,224,1583,97.85307138,1,1,1,1,0,8/30/2021 20:08,20817
15,6,11,2,216,224,1689,26.68877663,1,1,0,0,1,11/12/2022 15:58,35845
15,1,3,1,226,234,1703,32.98623531,0,1,1,1,1,3/14/2022 15:48,27523
2,2,5,2,232,232,1790,12.31689869,0,1,0,1,1,5/30/2023 2:42,42641
19,5,4,1,219,228,1906,53.94431501,0,1,1,0,1,4/21/2023 19:14,41329
1,2,2,2,228,234,1607,20.48265322,0,1,0,0,0,2/16/2021 1:11,14112
4,6,10,1,226,226,1777,23.8632731,1,0,1,0,1,10/14/2023 4:19,47335
17,3,6,1,229,229,1664,98.00931913,0,0,1,1,0,6/14/2023 17:38,43176
21,1,6,0,216,223,1979,80.16542022,1,1,1,0,1,6/12/2023 21:29,43113
16,7,3,2,218,220,1764,51.14504552,0,1,0,1,1,3/19/2023 16:31,40195
21,4,7,0,232,232,1766,40.08861928,1,0,1,1,0,7/30/2020 21:06,7257
2,7,3,2,224,233,1648,58.00795782,1,0,0,1,0,3/6/2022 2:27,27230
18,4,3,1,224,230,1933,95.1377987,1,0,1,0,1,3/23/2023 18:37,40335
3,7,12,2,223,225,1725,58.80119946,0,1,0,0,1,12/13/2020 3:16,11889
10,2,7,0,224,227,1796,63.29496161,0,1,1,0,0,7/21/2020 10:44,6934
18,6,9,0,237,239,1565,97.54542041,1,0,1,1,0,9/3/2022 18:55,33452
9,3,2,0,230,239,1785,25.82933809,1,0,1,1,0,2/10/2021 9:13,13918
8,5,11,2,222,223,1688,66.17741796,0,1,0,1,0,11/18/2022 8:38,36040
19,4,6,0,221,229,1792,61.05757352,1,0,1,1,0,6/3/2021 19:53,17803
21,3,1,2,229,232,1681,42.69622244,1,1,0,1,0,1/12/2022 21:24,25442
1,4,7,1,232,238,1643,11.73187517,1,0,1,0,1,7/27/2023 1:49,44626
5,2,6,1,219,223,1621,53.17492584,1,0,1,0,1,6/6/2023 5:42,42885
14,7,5,0,231,231,1640,41.61203075,0,1,1,0,0,5/17/2020 14:14,4713
1,6,2,2,213,221,1564,94.79355089,0,1,0,0,0,2/20/2021 1:53,14250
12,3,8,0,230,231,1645,80.80339872,1,0,1,1,0,8/17/2022 12:44,32861
10,2,4,1,218,221,1831,72.33362066,0,0,1,0,1,4/6/2021 10:57,15804
15,4,5,0,220,221,1879,41.58532014,1,1,1,1,1,5/25/2023 15:29,42488
23,1,6,2,220,224,1638,50.6814378,0,1,0,1,1,6/21/2021 23:47,18425
9,5,10,2,227,236,1770,11.99584938,0,0,0,1,0,10/22/2021 9:36,22617
20,7,8,0,228,237,1807,34.9463489,1,1,1,1,1,8/7/2022 20:46,32530
20,4,11,1,227,234,1925,77.9734007,0,0,1,0,1,11/18/2021 20:22,23557
22,7,4,0,216,224,1635,36.44547063,0,1,1,1,0,4/24/2022 22:03,28936
21,5,1,0,229,229,1869,58.76883468,1,1,1,0,0,1/27/2023 21:48,38456
9,6,5,1,223,231,1723,26.88025791,0,0,1,1,1,5/23/2020 9:41,4912
11,3,6,0,216,225,1596,50.95710578,1,1,1,1,1,6/1/2022 11:18,30222
22,6,3,1,222,231,1921,22.56715247,0,1,1,0,1,3/14/2020 22:27,2533
6,6,12,1,220,229,1518,45.39017304,1,0,0,1,1,12/18/2021 6:47,24565
23,7,10,2,230,231,1753,49.40556725,1,1,0,1,0,10/4/2020 23:44,9521
11,6,4,0,224,224,1699,59.46597662,1,1,1,0,1,4/30/2022 11:12,29126
16,6,11,1,214,223,1764,81.89999013,1,0,0,1,1,11/12/2022 16:40,35846
0,6,5,2,222,226,1863,59.45579272,0,1,0,0,1,5/8/2021 0:32,16885
15,1,3,0,214,221,1769,40.56606738,1,1,1,1,0,3/1/2021 15:03,14577
10,4,7,1,238,239,1632,79.0757653,0,0,1,1,1,7/7/2022 10:42,31454
8,7,12,1,224,230,1829,88.83307323,0,0,1,0,1,12/12/2021 8:31,24362
9,4,6,2,230,239,1688,26.54630321,0,1,0,1,0,6/4/2020 9:43,5323
1,7,5,2,222,224,1947,58.27239008,1,0,0,0,0,5/28/2023 1:39,42571
2,5,2,2,218,223,1715,50.52521078,1,0,0,1,0,2/5/2021 2:22,13737
8,1,6,2,218,227,1879,39.45196311,0,1,0,1,1,6/26/2023 8:34,43574
2,1,7,1,237,239,1841,51.50784868,1,0,0,0,1,7/12/2021 2:39,19114
21,7,6,1,224,232,1863,95.78745281,0,0,1,0,0,6/7/2020 21:49,5443
18,6,1,1,229,231,1572,46.11573271,1,0,1,1,1,1/18/2020 18:05,609
8,4,2,0,220,222,1864,38.45651529,1,1,1,1,0,2/10/2022 8:42,26417
3,3,10,0,228,232,1735,78.42825124,1,1,1,0,0,10/6/2021 3:57,22061
22,7,1,2,227,231,1609,74.47507746,0,0,0,0,0,1/12/2020 22:37,410
6,7,11,0,222,224,1818,19.57979454,1,1,1,1,0,11/20/2022 6:11,36105
18,4,8,1,213,221,1698,98.95861551,1,0,1,0,1,8/18/2022 18:53,32904
0,5,7,1,217,225,1710,52.98231285,0,0,1,1,1,7/3/2020 0:31,6303
5,4,2,1,220,229,1961,51.48122302,0,0,1,1,1,2/23/2023 5:56,39358
16,6,10,2,218,227,1606,54.38650319,0,0,0,0,0,10/3/2020 16:12,9476
16,4,10,2,220,220,1776,44.48680295,0,0,0,1,0,10/5/2023 16:23,47044
3,5,1,0,224,227,1690,60.20539196,1,0,1,1,0,1/7/2022 3:20,25245
23,3,11,1,220,221,1735,99.58495942,0,1,1,0,1,11/23/2022 23:11,36232
11,6,11,2,221,226,1717,98.14789656,1,1,0,0,1,11/12/2022 11:46,35839
0,2,7,0,237,237,1729,48.39180814,1,0,1,1,0,7/21/2020 0:13,6919
14,2,11,2,224,230,1855,55.34996041,0,1,0,0,1,11/10/2020 14:34,10775
21,1,3,1,228,234,1758,95.71073369,1,0,0,1,1,3/7/2022 21:12,27291
4,7,2,1,229,231,1690,19.24636497,1,0,0,0,1,2/28/2021 4:43,14528
20,4,7,2,217,220,1866,49.3680958,0,0,0,1,0,7/15/2021 20:21,19242
1,3,7,2,226,228,1575,70.71365615,1,0,0,1,0,7/12/2023 1:36,44112
2,3,2,2,214,220,1959,31.61307384,1,1,0,1,1,2/3/2021 2:43,13669
1,7,7,1,231,235,1963,40.36121165,0,0,1,0,1,7/23/2023 1:48,44489
18,5,11,2,224,228,1965,13.95667828,1,1,0,1,1,11/13/2020 18:15,10883
11,4,11,2,227,232,1992,96.76986449,0,1,0,0,0,11/17/2022 11:36,36010
23,1,5,1,234,234,1978,16.29339328,1,0,1,0,1,5/1/2023 23:49,41678
4,6,8,0,220,220,1606,34.32968188,1,1,1,0,0,8/1/2020 4:38,7302
12,7,8,1,219,220,1881,52.81542908,0,0,0,0,1,8/14/2022 12:33,32758
17,4,9,2,231,235,1774,93.17221954,1,1,0,0,1,9/7/2023 17:00,46086
21,7,4,2,233,233,1803,54.60979569,0,1,0,1,0,4/18/2021 21:30,16230
11,5,8,2,222,222,1669,24.50239574,1,1,0,0,0,8/20/2021 11:21,20462
8,5,11,2,225,231,1762,34.00265248,0,0,0,0,0,11/10/2023 8:47,48266
0,1,4,1,220,220,1964,34.04318023,1,0,1,1,1,4/13/2020 0:28,3529
22,3,12,0,221,221,1600,10.98617932,0,1,1,1,0,12/28/2022 22:04,37429
15,6,8,2,227,234,1665,96.32803758,1,1,0,0,0,8/1/2020 15:51,7318
23,6,8,1,232,236,1986,80.81076577,0,1,1,0,1,8/1/2020 23:33,7329
0,1,6,2,231,232,1706,91.06376078,1,1,0,1,1,6/27/2022 0:30,31097
13,5,9,0,231,234,1625,92.54859297,1,1,1,1,1,9/4/2020 13:30,8479
14,5,7,2,234,234,1691,57.4419732,1,1,0,1,0,7/15/2022 14:55,31734
12,5,10,2,215,221,1734,64.43341855,0,1,0,1,1,10/21/2022 12:03,35086
9,2,9,1,212,220,1974,51.10659767,1,0,0,0,1,9/13/2022 9:29,33781
20,1,5,1,233,235,1541,79.59425663,0,0,0,0,1,5/16/2022 20:21,29687
14,1,8,2,225,227,1544,77.12580088,0,1,0,1,0,8/3/2020 14:06,7384
11,7,7,2,233,233,1953,38.84328826,1,0,0,0,0,7/24/2022 11:16,32037
17,2,6,0,222,231,1879,44.37046342,1,1,1,1,0,6/27/2023 17:30,43621
6,3,12,1,233,238,1684,53.48682081,1,0,0,1,1,12/2/2020 6:34,11517
22,2,9,2,233,238,1640,70.77366502,1,1,0,1,0,9/26/2023 22:08,46744
21,2,5,2,225,233,1633,41.36349593,1,0,0,1,0,5/19/2020 21:35,4792
12,4,2,2,225,233,1835,27.27538076,1,1,0,1,0,2/25/2021 12:57,14437
7,4,12,1,233,235,1564,45.17031844,1,0,1,1,1,12/16/2021 7:08,24497
12,7,10,1,218,224,1768,64.14048552,0,0,1,0,1,10/24/2021 12:04,22689
14,4,9,2,232,236,1747,84.68736554,1,0,0,1,0,9/24/2020 14:57,9166
17,2,8,2,214,220,1916,24.00329124,1,1,0,0,0,8/16/2022 17:07,32833
5,7,8,0,217,223,1995,12.71703318,1,0,1,0,0,8/2/2020 5:52,7338
23,4,3,1,227,236,1855,70.80439223,0,0,0,0,1,3/10/2022 23:30,27397
17,1,10,1,236,237,1513,84.37705178,0,0,1,1,0,10/3/2022 17:15,34477
22,2,12,2,222,229,1657,96.16905959,0,1,0,1,1,12/1/2020 22:09,11505
3,3,9,2,221,228,1964,15.48283303,1,0,0,0,0,9/16/2020 3:01,8875
13,6,10,1,220,226,1689,23.38368184,0,0,1,1,0,10/21/2023 13:38,47588
14,7,7,0,217,224,1848,48.5929406,1,1,1,1,0,7/12/2020 14:23,6631
22,4,3,0,222,224,1774,77.44464334,1,1,1,1,0,3/31/2022 22:41,28115
19,5,1,0,221,229,1836,70.92906857,1,1,1,1,0,1/22/2021 19:30,13282
13,3,4,2,224,225,1956,15.25456549,0,0,0,1,0,4/1/2020 13:45,3137
17,5,9,0,216,225,1614,34.86447828,1,1,1,0,1,9/30/2022 17:46,34375
12,2,2,1,236,236,1545,89.86316093,0,0,1,1,0,2/22/2022 12:56,26834
23,6,1,1,222,224,1644,84.28530197,0,1,1,0,1,1/22/2022 23:11,25787
23,7,10,0,233,235,1695,99.0341786,1,0,1,0,0,10/3/2021 23:23,21986
12,6,3,0,233,237,1684,81.22953553,0,1,1,0,0,3/21/2020 12:50,2759
7,6,1,2,214,222,1534,48.26266925,0,1,0,1,1,1/14/2023 7:13,37990
8,1,4,1,223,225,1905,23.6522589,0,0,1,0,1,4/19/2021 8:01,16245
19,1,5,0,217,222,1822,97.61312937,1,0,1,0,0,5/24/2021 19:30,17460
22,4,11,1,233,238,1635,42.18151765,0,0,0,1,1,11/5/2020 22:26,10615
14,7,5,1,220,220,1634,41.29678817,0,0,1,0,1,5/15/2022 14:13,29644
22,1,1,1,237,239,1872,58.04953065,0,0,1,0,0,1/11/2021 22:06,12909
0,3,10,1,217,225,1658,47.08219291,1,0,1,1,1,10/4/2023 0:26,46987
3,5,11,1,235,235,1658,38.7023685,0,0,1,1,0,11/17/2023 3:22,48498
19,4,4,0,226,231,1634,83.90774681,0,1,1,1,0,4/7/2022 19:22,28350
4,4,1,2,219,220,1687,53.67754037,0,0,0,0,0,1/26/2023 4:27,38397
2,4,4,1,219,221,1829,20.08562106,1,0,1,0,1,4/7/2022 2:33,28326
6,5,1,2,226,227,1916,61.16730811,0,1,0,1,1,1/15/2021 6:42,13024
6,6,1,2,216,220,1931,84.52931277,0,1,0,1,0,1/23/2021 6:01,13297
23,3,2,2,234,239,1657,85.60552714,1,1,0,1,1,2/2/2022 23:23,26164
21,4,2,2,220,225,1862,83.45364287,0,1,0,0,0,2/16/2023 21:51,39141
11,5,1,0,219,226,1636,42.36350805,0,1,1,1,0,1/20/2023 11:05,38201
22,3,4,2,223,223,1961,79.87960952,0,0,0,0,0,4/8/2020 22:21,3389
7,2,1,2,230,238,1547,18.31563871,1,1,0,1,1,1/18/2022 7:45,25628
15,7,9,1,222,230,1824,18.31755033,0,0,0,1,1,9/20/2020 15:38,9030
23,2,4,2,228,233,1918,34.39521215,0,1,0,1,1,4/27/2021 23:27,16541
1,2,3,2,221,221,1577,61.32572804,1,1,0,0,1,3/24/2020 1:48,2846
15,1,10,2,224,226,1528,68.91799299,0,1,0,0,0,10/3/2022 15:51,34475
0,7,2,2,219,221,1544,61.90520056,1,1,0,1,1,2/14/2021 0:49,14043
7,1,12,2,218,226,1640,21.50916509,1,1,0,1,0,12/12/2022 7:18,36860
14,7,11,0,223,224,1616,60.60737368,1,1,1,0,1,11/12/2023 14:45,48343
19,4,10,1,222,223,1894,36.33959565,0,1,1,0,1,10/8/2020 19:33,9652
15,7,12,1,228,230,1637,14.03749033,0,1,1,0,1,12/27/2020 15:34,12386
9,1,12,2,225,228,1900,67.3510981,1,1,0,0,0,12/20/2021 9:15,24637
22,2,9,1,219,220,1974,20.08809104,0,0,0,1,1,9/20/2022 22:18,34039
4,4,4,2,237,239,1892,47.85205174,0,0,0,0,0,4/8/2021 4:18,15863
6,3,1,2,230,232,1730,39.20013584,1,1,0,1,0,1/13/2021 6:20,12955
13,1,4,1,222,229,1827,91.08377939,1,0,1,0,1,4/18/2022 13:58,28719
1,2,11,0,228,228,1826,51.76153422,0,1,1,1,0,11/9/2021 1:36,23222
20,3,3,2,229,235,1852,45.00366635,1,1,0,1,0,3/2/2022 20:40,27119
16,1,8,1,220,224,1756,88.43838053,0,0,1,1,1,8/15/2022 16:35,32798
17,2,4,2,236,236,1897,40.16964901,0,1,0,1,0,4/25/2023 17:51,41464
11,4,1,1,236,239,1541,61.51162537,0,0,1,0,0,1/5/2023 11:34,37688
12,1,10,1,226,232,1969,50.66230151,1,0,1,0,1,10/26/2020 12:57,10259
20,1,11,1,212,221,1675,47.7594847,0,0,1,0,0,11/28/2022 20:13,36399
18,6,6,1,224,228,1969,49.0354311,0,0,1,1,0,6/27/2020 18:23,6123
23,4,4,0,231,232,1675,31.16694299,1,1,1,0,0,4/27/2023 23:48,41541
11,2,11,2,219,227,1537,92.38809236,1,1,0,1,0,11/10/2020 11:46,10771
23,5,2,2,222,226,1701,98.87108536,0,0,0,0,0,2/12/2021 23:36,14007
5,1,3,2,217,223,1652,12.21502433,0,1,0,0,1,3/28/2022 5:40,27988
21,1,4,0,230,237,1782,94.83905262,1,0,1,1,0,4/5/2021 21:38,15785
17,4,8,0,223,228,1691,71.7468314,1,0,1,0,0,8/6/2020 17:47,7492
19,4,9,2,224,231,1549,41.0640461,0,1,0,0,0,9/9/2021 19:49,21159
9,6,2,1,213,221,1828,24.60048433,0,0,0,1,1,2/22/2020 9:57,1796
7,3,5,1,231,235,1970,52.01066014,0,1,1,0,1,5/11/2022 7:12,29497
21,7,3,1,220,220,1511,46.03356972,0,1,1,0,1,3/27/2022 21:58,27977
21,7,1,2,231,236,1688,47.85108804,1,1,0,1,1,1/26/2020 21:37,888
14,3,10,1,218,227,1931,57.40466121,0,1,1,0,1,10/11/2023 14:39,47247
7,1,4,1,224,230,1542,91.22318864,1,0,0,1,1,4/27/2020 7:52,4019
18,5,7,0,222,229,1564,79.18350944,1,0,1,1,0,7/14/2023 18:46,44205
2,6,4,2,230,232,1955,84.15571568,0,0,0,0,0,4/22/2023 2:14,41339
5,7,2,2,216,221,1566,62.03967998,0,1,0,1,0,2/28/2021 5:25,14529
2,4,1,2,238,238,1916,25.6990697,1,1,0,1,1,1/28/2021 2:21,13463
15,2,12,0,219,228,1509,87.35703051,1,1,1,0,0,12/27/2022 15:55,37386
7,4,2,0,219,221,1530,24.39512817,1,1,1,0,1,2/23/2023 7:20,39360
17,5,10,1,218,227,1906,68.14454514,1,0,1,0,1,10/7/2022 17:16,34614
22,3,11,2,219,224,1826,43.6373725,1,1,0,0,0,11/16/2022 22:59,35992
15,3,3,1,237,237,1998,63.59764994,1,0,0,0,1,3/29/2023 15:29,40536
10,3,10,1,221,227,1809,31.26561682,0,0,0,0,1,10/4/2023 10:57,47002
8,5,9,1,232,233,1944,95.97492696,0,1,1,1,1,9/11/2020 8:05,8711
20,4,10,2,222,224,1643,19.87437796,0,1,0,0,0,10/6/2022 20:15,34584
17,7,11,1,219,222,1688,93.78515285,0,0,1,1,0,11/15/2020 17:54,10951
22,2,2,1,217,224,1538,99.14734213,0,0,0,1,1,2/14/2023 22:12,39073
18,3,4,2,227,234,1893,73.59839463,1,0,0,1,0,4/20/2022 18:32,28794
22,7,3,1,233,237,1663,48.38041026,0,0,0,0,1,3/6/2022 22:05,27258
19,2,8,2,223,232,1552,79.01330557,1,1,0,0,0,8/1/2023 19:53,44823
19,2,2,1,228,236,1847,28.27173159,0,1,1,0,1,2/25/2020 19:57,1913
2,1,7,1,230,234,1939,79.27490229,0,0,0,1,1,7/26/2021 2:20,19593
8,2,6,2,218,222,1904,18.19129695,1,0,0,0,0,6/29/2021 8:24,18677
19,5,12,2,220,226,1844,45.62621331,1,0,0,0,0,12/23/2022 19:25,37254
0,3,11,2,235,236,1503,69.33429306,1,0,0,1,0,11/22/2023 0:24,48665
4,7,8,0,221,225,1707,46.17979273,1,1,1,0,1,8/2/2020 4:28,7336
20,2,12,1,215,220,1864,94.9541036,1,0,0,0,1,12/14/2021 20:48,24448
3,5,7,2,232,236,1674,93.85544148,1,1,0,1,0,7/2/2021 3:40,18773
23,7,11,2,221,225,1747,84.52609492,1,1,0,0,0,11/14/2021 23:52,23425
5,1,9,1,219,224,1593,98.60687098,0,1,1,1,1,9/5/2022 5:16,33501
4,2,6,2,222,223,1854,43.38369512,1,0,0,0,0,6/1/2021 4:49,17713
21,1,7,2,217,225,1872,64.1869466,0,1,0,1,1,7/3/2023 21:22,43832
3,7,1,0,226,234,1708,99.06226197,1,1,1,1,1,1/19/2020 3:12,622
8,2,1,1,232,235,1618,58.03185696,0,0,0,1,1,1/11/2022 8:15,25389
13,7,1,0,226,231,1708,25.3566542,0,1,1,1,0,1/1/2023 13:40,37554
11,6,2,0,232,236,1856,75.14933602,1,0,1,0,0,2/27/2021 11:12,14503
16,7,12,1,228,235,1686,95.08725289,1,0,1,1,1,12/13/2020 16:35,11908
17,4,12,2,223,232,1553,99.41175409,0,1,0,1,0,12/8/2022 17:48,36738
21,6,8,2,228,229,1825,99.32216441,1,1,0,1,1,8/7/2021 21:18,20031
5,4,5,1,233,233,1901,30.73529038,0,1,1,0,1,5/26/2022 5:19,30008
7,6,3,2,222,226,1895,14.76972165,0,1,0,0,1,3/21/2020 7:56,2752
19,2,6,2,225,230,1516,36.54163741,0,1,0,0,1,6/21/2022 19:46,30919
1,7,8,1,214,220,1757,20.43825881,1,0,0,0,1,8/22/2021 1:11,20516
0,7,3,1,220,223,1505,44.12774346,0,0,1,1,0,3/7/2021 0:00,14761
21,2,4,2,212,220,1654,24.52784041,0,0,0,0,0,4/20/2021 21:09,16298
17,1,8,1,226,230,1949,29.76775346,0,1,1,1,1,8/22/2022 17:29,33039
3,6,8,2,234,234,1838,46.34658658,1,0,0,1,0,8/13/2022 3:37,32711
20,5,5,2,220,226,1723,29.27267145,0,0,0,0,0,5/28/2021 20:13,17598
10,3,9,0,233,236,1806,19.58741849,1,1,1,1,1,9/21/2022 10:13,34056
14,3,7,2,230,236,1914,83.69368586,0,0,0,0,0,7/1/2020 14:11,6254
18,7,7,2,230,230,1928,43.70691594,0,0,0,1,0,7/23/2023 18:38,44513
4,6,6,2,219,221,1663,67.84624155,1,1,0,1,1,6/25/2022 4:21,31034
6,5,9,2,223,229,1554,55.9757091,0,1,0,1,0,9/3/2021 6:50,20935
9,6,8,2,230,231,1792,58.76062314,1,1,0,0,1,8/26/2023 9:58,45665
9,4,3,2,215,220,1785,10.68883232,0,1,0,0,1,3/9/2023 9:49,39843
3,5,9,2,227,235,1684,85.1307275,0,0,0,0,0,9/2/2022 3:41,33396
2,4,9,2,236,238,1697,38.84466112,1,0,0,1,0,9/28/2023 2:52,46785
17,2,3,2,232,234,1532,73.47574005,1,1,0,0,1,3/24/2020 17:56,2869
8,3,6,1,216,224,1824,29.45824051,0,0,1,1,0,6/22/2022 8:22,30937
22,2,6,2,220,227,1672,28.90676365,1,1,0,1,0,6/29/2021 22:25,18697
21,4,12,2,220,223,1801,79.31568326,1,0,0,1,0,12/29/2022 21:53,37463
10,3,7,1,230,230,1911,14.48276273,0,0,0,0,1,7/1/2020 10:41,6249
5,1,6,1,226,227,1980,48.36591971,1,0,1,1,1,6/8/2020 5:32,5454
11,3,1,0,227,235,1878,50.83830022,1,1,1,0,1,1/25/2023 11:38,38373
9,5,1,2,233,238,1867,62.34943729,0,0,0,0,0,1/14/2022 9:51,25494
21,2,11,2,231,238,1820,41.6938437,1,1,0,1,0,11/14/2023 21:24,48421
8,6,2,1,224,232,1860,48.18208329,1,0,1,1,1,2/5/2022 8:09,26245
15,5,7,2,218,225,1714,83.31147334,0,0,0,0,0,7/8/2022 15:26,31495
13,4,6,2,217,226,1713,99.58361956,0,0,0,1,0,6/23/2022 13:06,30978
7,5,7,2,221,222,1620,57.20985884,0,0,0,0,0,7/28/2023 7:57,44669
23,4,9,2,233,237,1718,42.57901125,0,0,0,0,0,9/3/2020 23:29,8459
10,2,12,2,218,225,1500,88.90913004,0,1,0,0,1,12/7/2021 10:05,24193
6,3,9,1,237,237,1960,63.28994226,0,0,1,0,0,9/2/2020 6:50,8401
20,5,5,2,221,224,1941,11.05772881,0,1,0,0,0,5/26/2023 20:13,42529
9,5,1,2,222,226,1976,62.53776572,0,1,0,1,0,1/15/2021 9:30,13028
7,2,9,0,233,237,1867,81.33284599,0,1,1,0,0,9/22/2020 7:35,9087
15,1,7,1,231,231,1552,24.09654837,0,0,0,0,1,7/13/2020 15:37,6667
8,1,10,1,212,221,1643,27.74659228,1,0,0,1,1,10/5/2020 8:09,9533
11,1,5,1,230,236,1534,55.34349773,1,0,0,1,1,5/11/2020 11:03,4503
9,6,3,2,227,230,1536,85.88900215,1,1,0,0,1,3/25/2023 9:52,40391
9,3,9,2,221,224,1880,95.15431484,1,1,0,1,1,9/28/2022 9:00,34294
14,6,12,2,217,226,1739,72.38871215,1,1,0,1,0,12/26/2020 14:21,12350
1,1,4,2,224,227,1507,61.67316659,0,1,0,0,0,4/17/2023 1:42,41167
10,1,12,0,218,221,1813,70.36901802,1,0,1,1,0,12/7/2020 10:37,11694
0,6,12,2,225,228,1726,68.80968866,0,0,0,0,0,12/25/2021 0:41,24796
5,2,4,1,222,222,1666,99.3883465,1,0,1,1,1,4/14/2020 5:54,3571
4,5,11,2,226,230,1739,68.79683162,0,0,0,1,0,11/4/2022 4:02,35554
3,6,1,0,230,233,1750,50.23550531,1,1,1,0,1,1/29/2022 3:45,25999
8,6,6,2,229,235,1685,96.767219,1,1,0,1,1,6/25/2022 8:33,31040
1,7,1,1,222,226,1988,98.26436228,1,0,0,1,1,1/29/2023 1:50,38496
3,1,2,2,231,231,1900,70.49229249,0,1,0,1,1,2/17/2020 3:06,1615
5,1,9,0,230,236,1537,89.41641007,1,0,1,1,0,9/26/2022 5:51,34221
12,5,3,2,220,224,1658,67.09153382,0,1,0,1,0,3/18/2022 12:18,27655
22,3,8,2,221,229,1597,91.19386115,1,1,0,1,1,8/10/2022 22:21,32635
17,5,5,1,219,223,1646,26.54364386,0,1,1,0,1,5/13/2022 17:22,29580
7,1,1,2,226,232,1564,65.31315545,1,0,0,1,0,1/27/2020 7:26,902
17,4,9,2,218,223,1509,51.35874756,1,1,0,0,1,9/17/2020 17:34,8930
10,2,5,0,230,239,1776,59.62338536,0,1,1,1,0,5/3/2022 10:41,29228
10,7,6,0,230,234,1725,40.72207648,1,0,1,1,0,6/12/2022 10:06,30597
4,3,6,2,232,239,1931,21.29226542,1,1,0,1,0,6/22/2022 4:10,30931
23,2,5,0,229,234,1750,32.35786434,1,0,1,1,0,5/17/2022 23:41,29726
7,6,6,0,230,237,1720,56.0319752,1,1,1,1,1,6/12/2021 7:49,18094
18,7,7,0,214,222,1641,76.59341416,0,1,1,1,0,7/11/2021 18:14,19102
22,2,2,0,222,225,1547,89.85610628,0,1,1,1,0,2/2/2021 22:31,13663
9,5,11,1,231,237,1645,17.19291519,1,0,1,0,1,11/24/2023 9:10,48746
5,3,1,0,232,232,1955,49.98662708,1,1,1,1,1,1/11/2023 5:38,37885
2,2,5,0,216,225,1725,65.22483667,1,1,1,0,0,5/26/2020 2:10,5004
8,4,5,0,227,227,1688,79.5368396,1,0,1,1,0,5/6/2021 8:35,16828
15,5,8,1,238,239,1990,67.55825061,1,0,0,1,1,8/5/2022 15:31,32454
3,4,6,0,222,227,1612,37.32395923,0,1,1,1,0,6/9/2022 3:36,30485
15,7,7,0,222,229,1945,38.04165305,1,0,1,1,0,7/2/2023 15:56,43790
16,2,1,2,223,232,1509,46.36764331,1,1,0,1,1,1/18/2022 16:10,25640
11,1,5,1,221,229,1892,86.6710736,1,0,1,1,1,5/9/2022 11:03,29434
10,6,3,2,224,226,1552,95.62112351,1,1,0,1,0,3/7/2020 10:21,2276
20,5,12,1,232,239,1857,80.12377835,0,0,1,0,1,12/23/2022 20:07,37255
6,4,5,0,220,226,1724,74.22262722,1,1,1,0,0,5/6/2021 6:29,16825
3,7,1,0,223,225,1659,48.07465944,1,0,1,1,0,1/10/2021 3:21,12848
16,7,3,1,236,239,1768,72.70099542,0,1,1,1,1,3/28/2021 16:43,15504
19,6,7,1,232,236,1791,97.68988859,1,0,0,1,1,7/23/2022 19:09,32014
20,6,10,2,221,224,1614,19.42542546,0,1,0,0,0,10/9/2021 20:57,22188
21,7,8,1,229,231,1971,59.70147685,1,0,1,0,1,8/21/2022 21:52,33011
6,5,10,2,217,220,1684,55.09943675,1,1,0,0,1,10/14/2022 6:15,34838
4,6,7,0,228,230,1767,35.05749638,1,1,1,0,1,7/29/2023 4:59,44699
4,1,6,1,226,227,1726,94.00475296,0,0,1,1,0,6/6/2022 4:49,30384
18,5,5,2,219,225,1563,56.16392404,0,1,0,1,0,5/14/2021 18:25,17116
17,5,4,0,234,235,1555,13.30693782,1,1,1,0,0,4/22/2022 17:29,28861
6,2,4,0,215,221,1987,67.25783248,1,0,1,0,0,4/5/2022 6:24,28263
8,6,3,1,224,232,1630,13.11772918,0,0,0,1,1,3/18/2023 8:16,40149
1,5,4,0,221,228,1726,93.08150706,1,0,1,0,0,4/8/2022 1:41,28359
22,4,10,2,231,236,1847,96.64799107,1,1,0,0,1,10/1/2020 22:51,9417
4,5,3,0,228,237,1817,77.3012391,1,1,1,0,1,3/20/2020 4:36,2713
8,7,4,2,221,222,1754,16.9724501,0,0,0,0,0,4/25/2021 8:23,16451
8,2,10,1,237,238,1585,17.00751608,1,0,0,1,1,10/26/2021 8:13,22752
9,7,9,2,224,226,1789,58.73900099,1,1,0,0,0,9/19/2021 9:41,21487
11,1,10,1,228,235,1503,61.34955358,0,0,1,1,1,10/2/2023 11:18,46934
7,6,4,2,229,238,1990,40.9452819,0,1,0,1,1,4/30/2022 7:42,29121
12,6,1,1,218,220,1583,63.91479508,0,1,1,1,1,1/22/2022 12:40,25772
0,7,4,2,230,232,1905,93.45097876,1,1,0,1,0,4/23/2023 0:40,41371
9,1,4,2,225,228,1923,88.2661507,1,0,0,1,0,4/12/2021 9:55,16008
16,1,3,2,226,232,1705,18.21509,1,1,0,1,0,3/9/2020 16:18,2353
20,4,4,1,229,229,1953,48.00008519,0,0,1,0,1,4/20/2023 20:06,41296
17,7,8,0,211,220,1807,77.23737103,1,0,1,1,0,8/15/2021 17:49,20300
4,6,2,2,222,224,1549,77.73234301,0,1,0,1,0,2/11/2023 4:30,38945
13,7,11,2,231,238,1505,28.62587039,1,1,0,0,0,11/21/2021 13:33,23650
20,2,4,2,227,231,1810,83.61987032,0,1,0,1,0,4/12/2022 20:37,28523
2,2,2,1,229,238,1662,80.57024256,0,0,1,1,1,2/8/2022 2:02,26339
13,2,4,1,216,225,1990,11.89373006,1,0,1,1,1,4/20/2021 13:27,16287
21,2,4,1,219,224,1643,96.4071962,0,0,1,0,0,4/6/2021 21:28,15819
0,6,4,0,231,235,1986,46.13319619,0,1,1,0,0,4/9/2022 0:48,28392
8,4,1,2,220,227,1991,73.84068176,1,0,0,0,0,1/19/2023 8:27,38163
4,7,8,1,229,236,1781,72.76997311,0,0,1,1,1,8/1/2021 4:49,19802
19,3,6,1,234,235,1601,65.21520971,1,0,1,0,1,6/10/2020 19:54,5543
0,5,4,0,226,229,1677,96.02971155,0,1,1,1,0,4/21/2023 0:19,41302
11,6,3,1,233,234,1912,17.00095733,0,0,0,1,1,3/27/2021 11:17,15462
9,6,4,1,232,235,1903,41.3149405,1,0,0,1,1,4/15/2023 9:45,41110
9,2,11,0,228,230,1995,73.1655553,1,1,1,0,1,11/28/2023 9:53,48884
1,4,12,0,213,222,1742,23.90426846,1,0,1,1,0,12/9/2021 1:20,24249
23,1,4,1,211,220,1647,90.54254639,1,0,0,1,1,4/3/2023 23:02,40718
4,3,6,1,224,224,1505,19.91547925,1,0,0,0,1,6/30/2021 4:43,18706
2,6,11,1,224,232,1746,80.38615024,0,1,1,0,1,11/27/2021 2:00,23839
19,4,2,0,218,221,1842,91.51468528,0,1,1,0,0,2/23/2023 19:15,39377
14,3,6,1,224,224,1612,17.93418294,1,0,1,1,1,6/24/2020 14:41,6015
16,7,12,2,226,229,1988,13.32180955,1,1,0,0,0,12/20/2020 16:05,12147
18,6,5,0,234,235,1753,28.7576519,1,1,1,0,0,5/20/2023 18:26,42321
12,5,8,2,219,222,1929,71.66212131,1,1,0,0,1,8/13/2021 12:33,20224
9,4,2,1,228,237,1784,32.06202911,1,0,1,0,1,2/27/2020 9:05,1966
17,7,11,1,223,227,1683,60.75659654,0,0,0,0,1,11/7/2021 17:21,23176
4,2,6,1,233,233,1699,39.79707522,1,0,0,1,1,6/13/2023 4:30,43123
7,7,1,0,215,223,1595,38.4209098,1,0,1,1,0,1/15/2023 7:03,38024
18,2,8,1,227,231,1879,95.35237733,0,0,1,0,0,8/4/2020 18:08,7424
1,4,10,2,214,223,1981,29.44325307,0,0,0,1,0,10/22/2020 1:01,10105
3,3,7,0,236,238,1985,89.68185401,1,0,1,0,0,7/13/2022 3:21,31649
21,6,11,1,230,234,1601,81.2755349,0,1,1,1,1,11/4/2023 21:02,48078
16,4,7,1,218,224,1918,84.32658748,1,0,0,1,1,7/28/2022 16:11,32181
23,1,4,2,215,224,1605,26.95603601,1,1,0,1,0,4/24/2023 23:37,41438
22,6,2,0,233,237,1754,21.20123753,1,1,1,1,0,2/18/2023 22:55,39211
20,6,8,1,232,236,1509,79.43373527,0,0,1,0,1,8/6/2022 20:15,32495
14,5,4,2,235,239,1581,25.60267433,1,1,0,1,1,4/16/2021 14:08,16151
1,3,9,2,227,235,1726,94.65320741,1,1,0,1,1,9/21/2022 1:48,34044
7,6,6,0,237,237,1629,79.63090595,1,1,1,0,0,6/6/2020 7:17,5388
14,2,5,1,221,223,1649,80.49218965,0,0,1,1,1,5/11/2021 14:02,17007
13,6,4,0,229,233,1537,82.79621967,1,0,1,1,0,4/2/2022 13:55,28171
23,4,12,2,231,235,1644,73.43903883,1,0,0,1,0,12/10/2020 23:25,11815
6,4,1,0,213,221,1911,99.1937875,1,1,1,0,1,1/30/2020 6:54,1004
21,3,6,2,218,222,1690,67.08955335,1,0,0,1,0,6/24/2020 21:00,6024
9,4,9,1,223,228,1681,53.75331999,1,0,0,0,1,9/8/2022 9:39,33610
19,2,1,0,236,239,1870,73.71092988,1,0,1,1,0,1/24/2023 19:31,38350
22,2,11,1,212,221,1963,37.03102533,0,0,0,1,1,11/24/2020 22:40,11266
13,3,3,2,221,223,1671,86.88251178,0,1,0,0,0,3/17/2021 13:00,15122
18,2,2,2,230,235,1686,29.9938087,0,1,0,1,1,2/14/2023 18:42,39068
5,3,2,1,238,239,1636,96.01120374,0,1,1,1,1,2/19/2020 5:34,1687
20,1,1,0,222,223,1965,72.12815378,1,0,1,0,0,1/11/2021 20:00,12906
5,5,8,1,224,229,1778,52.46889141,0,0,1,0,0,8/14/2020 5:12,7748
3,2,5,1,229,236,1804,96.98886387,1,0,1,1,1,5/16/2023 3:01,42162
10,3,11,2,236,238,1803,18.08059757,0,1,0,1,1,11/3/2021 10:20,23029
4,1,7,1,238,238,1772,61.41432249,0,0,1,1,1,7/11/2022 4:24,31582
8,2,9,0,232,235,1757,41.59477538,0,1,1,0,0,9/13/2022 8:47,33780
11,2,4,1,228,232,1981,92.16042342,1,0,0,0,1,4/4/2023 11:39,40736
8,2,7,0,213,222,1804,49.25031053,0,1,1,0,0,7/11/2023 8:05,44087
2,5,9,0,222,229,1602,61.7644363,1,1,1,1,1,9/8/2023 2:49,46100
13,1,8,1,236,236,1915,90.56685104,1,0,0,0,1,8/2/2021 13:45,19849
2,1,3,1,221,222,1584,76.97887997,0,1,1,0,1,3/29/2021 2:31,15518
23,1,12,2,216,221,1527,15.73936967,1,0,0,1,0,12/7/2020 23:13,11712
20,7,5,0,238,238,1722,78.15574055,0,1,1,1,0,5/2/2021 20:29,16708
22,1,3,0,237,238,1864,40.24812668,0,1,1,0,0,3/16/2020 22:49,2602
4,1,2,1,229,235,1866,46.52754663,0,0,1,0,0,2/28/2022 4:11,27027
23,3,1,2,235,235,1975,91.38930573,1,0,0,1,0,1/27/2021 23:33,13459
9,2,5,2,213,220,1505,78.97480292,1,1,0,0,1,5/23/2023 9:31,42411
23,5,10,1,223,232,1595,99.27035669,0,0,1,1,1,10/29/2021 23:49,22877
8,3,8,0,223,232,1851,81.88337627,1,1,1,1,1,8/11/2021 8:00,20149
1,6,5,1,225,230,1637,64.48062889,0,1,1,0,1,5/2/2020 1:24,4181
0,1,11,1,234,236,1669,28.55549658,1,0,1,0,1,11/27/2023 0:57,48837
5,2,11,2,219,224,1845,73.47774556,1,1,0,0,0,11/16/2021 5:18,23467
7,1,2,1,223,225,1888,70.74269788,0,0,1,0,1,2/7/2022 7:07,26312
2,2,6,0,225,230,1519,35.57593121,1,1,1,1,1,6/29/2021 2:05,18668
3,3,7,2,237,238,1946,31.84965835,1,0,0,0,0,7/6/2022 3:09,31409
19,3,8,1,234,235,1919,52.78467399,0,0,1,0,0,8/30/2023 19:47,45816
1,6,6,2,219,226,1516,96.19747089,0,0,0,1,0,6/6/2020 1:40,5380
7,3,6,1,226,230,1858,78.1053845,0,0,1,0,0,6/28/2023 7:31,43641
1,7,10,1,227,232,1658,63.5186638,0,1,1,1,1,10/29/2023 1:02,47844
19,7,9,1,225,233,1562,84.67483807,0,0,0,0,1,9/4/2022 19:27,33487
1,1,1,0,214,221,1953,29.93722186,1,0,1,0,0,1/20/2020 1:37,654
18,6,6,1,227,229,1729,38.38854983,0,0,1,0,1,6/24/2023 18:01,43519
23,3,1,2,220,220,1903,45.26431347,1,0,0,0,0,1/26/2022 23:12,25924
21,5,10,2,226,234,1580,78.44542653,0,1,0,0,1,10/29/2021 21:43,22874
12,2,3,2,221,226,1805,42.75967554,0,1,0,0,1,3/17/2020 12:50,2622
0,5,7,1,230,239,1549,54.03743024,1,0,0,0,1,7/23/2021 0:03,19487
4,2,9,0,229,231,1970,36.41644349,1,1,1,0,0,9/29/2020 4:59,9323
2,3,6,0,233,236,1511,76.71821321,1,1,1,1,0,6/7/2023 2:01,42914
4,2,3,1,228,237,1935,80.94985047,1,0,1,1,1,3/14/2023 4:03,40006
12,6,7,2,220,221,1678,73.90966431,0,1,0,0,1,7/11/2020 12:28,6594
5,5,9,0,228,236,1942,36.9404229,1,1,1,1,0,9/29/2023 5:30,46823
18,6,4,0,225,228,1762,67.74409162,0,1,1,1,0,4/25/2020 18:01,3965
19,4,5,2,224,224,1664,15.82755629,0,1,0,1,0,5/27/2021 19:41,17563
1,3,3,1,225,234,1581,91.09517942,0,0,0,1,1,3/1/2023 1:23,39557
5,6,5,0,214,221,1997,77.40513965,1,1,1,1,1,5/13/2023 5:38,42063
14,3,8,2,213,222,1804,49.52090685,1,1,0,1,0,8/19/2020 14:51,7933
19,4,9,2,232,233,1826,62.32956173,0,1,0,0,0,9/30/2021 19:00,21877
10,1,9,2,222,231,1682,10.00271508,0,1,0,0,1,9/26/2022 10:45,34228
7,4,7,1,219,223,1796,14.54561726,1,0,1,0,1,7/22/2021 7:14,19463
12,5,3,0,228,235,1981,33.82439076,1,1,1,0,0,3/12/2021 12:28,14950
18,6,5,1,230,230,1508,93.28577391,0,1,1,1,1,5/15/2021 18:15,17150
15,5,6,2,231,238,1703,44.39509338,0,1,0,1,1,6/12/2020 15:21,5605
15,6,3,0,217,222,1796,43.16834916,1,1,1,0,0,3/26/2022 15:08,27933
11,4,7,1,219,226,1954,17.95612169,0,0,0,0,1,7/16/2020 11:36,6764
15,7,1,1,231,232,1977,61.51470054,0,0,0,1,1,1/31/2021 15:09,13584
21,2,1,1,230,233,1791,75.11425115,1,0,0,0,1,1/31/2023 21:48,38593
7,3,3,2,238,238,1876,88.22013477,1,0,0,1,0,3/31/2021 7:05,15593
19,7,9,2,225,234,1791,97.19273908,0,1,0,0,1,9/6/2020 19:27,8556
13,4,5,2,213,220,1998,34.9996846,0,1,0,0,1,5/21/2020 13:32,4849
10,1,8,2,228,235,1865,57.01742677,0,0,0,1,0,8/9/2021 10:26,20084
14,5,9,2,235,239,1583,19.65634184,0,0,0,0,0,9/4/2020 14:54,8481
6,3,9,2,226,228,1620,27.78824683,1,1,0,0,0,9/13/2023 6:10,46276
20,2,2,2,225,228,1533,45.28931531,1,1,0,1,1,2/28/2023 20:29,39550
1,4,12,2,221,223,1873,95.16319654,1,0,0,1,0,12/1/2022 1:29,36475
22,7,3,1,223,232,1700,87.67467588,0,0,1,1,1,3/13/2022 22:59,27499
23,1,1,1,216,220,1599,37.54930147,1,0,0,1,1,1/17/2022 23:21,25616
11,5,7,1,228,235,1895,14.68239763,0,0,0,0,1,7/22/2022 11:37,31969
19,5,11,2,226,232,1867,59.8038481,1,1,0,0,0,11/24/2023 19:41,48761
14,5,4,1,219,225,1628,22.20948922,1,0,0,1,1,4/14/2023 14:08,41082
21,7,8,1,220,229,1591,71.37333947,0,1,1,0,1,8/27/2023 21:00,45715
11,5,10,2,234,238,1763,12.97583002,0,1,0,0,0,10/28/2022 11:33,35325
17,5,9,1,218,224,1638,80.34946467,1,0,1,1,1,9/10/2021 17:32,21190
15,5,6,1,235,239,1610,69.84984247,0,0,1,1,0,6/16/2023 15:53,43242
11,1,8,2,222,222,1706,86.7408303,1,0,0,1,0,8/15/2022 11:41,32791
11,6,12,2,222,225,1597,94.90388609,0,1,0,1,0,12/18/2021 11:00,24571
3,4,7,2,221,221,1904,80.67931862,0,0,0,0,0,7/6/2023 3:20,43909
21,2,2,1,232,233,1719,97.14613166,0,0,1,0,1,2/2/2021 21:49,13662
9,6,2,1,232,236,1597,41.18919576,0,0,1,0,1,2/26/2022 9:26,26966
4,4,10,1,229,236,1635,56.17623144,0,0,0,0,1,10/28/2021 4:22,22815
13,1,10,2,232,235,1727,90.4715265,1,1,0,1,0,10/3/2022 13:45,34472
19,4,2,2,233,238,1778,80.20914478,0,1,0,0,0,2/16/2023 19:03,39137
7,4,2,2,232,238,1503,96.58717088,1,1,0,0,1,2/18/2021 7:51,14190
10,6,2,0,224,233,1891,76.30410914,0,1,1,0,0,2/29/2020 10:09,2036
5,1,1,2,238,238,1998,16.63910015,1,1,0,0,1,1/2/2023 5:47,37577
17,5,7,1,225,230,1506,58.65362199,1,0,1,0,1,7/7/2023 17:11,43963
22,3,3,2,220,225,1697,79.0002222,1,1,0,0,1,3/29/2023 22:30,40546
15,6,7,2,224,226,1893,52.85048863,0,1,0,0,0,7/4/2020 15:04,6358
20,7,6,2,237,239,1709,77.496884,1,1,0,1,0,6/25/2023 20:39,43557
23,4,8,2,226,231,1809,33.166965,0,1,0,1,1,8/27/2020 23:17,8219
3,3,6,2,220,222,1581,76.32073698,0,1,0,0,1,6/24/2020 3:28,5999
7,6,5,2,227,227,1786,66.58587043,1,0,0,1,0,5/28/2022 7:47,30080
22,3,9,1,221,221,1706,52.2002009,0,0,0,1,1,9/2/2020 22:15,8423
11,2,9,1,215,221,1507,38.42276621,0,0,0,1,1,9/1/2020 11:54,8374
21,7,8,2,224,231,1768,59.53526569,0,1,0,0,0,8/13/2023 21:19,45236
18,4,11,0,219,223,1766,33.89218792,0,1,1,0,0,11/5/2020 18:56,10610
12,6,1,1,223,231,1587,15.80571247,0,0,0,1,1,1/18/2020 12:29,601
19,1,9,2,238,238,1750,82.97755089,0,1,0,0,0,9/12/2022 19:28,33761
1,1,2,2,238,238,1572,46.1746395,1,1,0,1,1,2/20/2023 1:32,39249
21,1,8,2,214,223,1900,55.61875206,1,1,0,1,0,8/21/2023 21:20,45510
10,2,1,1,232,237,1830,49.49591174,1,0,1,0,1,1/25/2022 10:45,25872
2,6,2,2,227,228,1903,16.99704503,0,0,0,0,0,2/12/2022 2:03,26476
13,7,1,0,221,225,1755,68.06241515,1,1,1,1,0,1/29/2023 13:02,38512
14,2,8,0,235,235,1540,83.05363918,1,0,1,1,0,8/1/2023 14:16,44815
2,7,2,2,219,222,1602,53.84752087,1,0,0,1,0,2/7/2021 2:02,13805
10,3,11,0,236,236,1827,71.09723049,1,1,1,0,1,11/9/2022 10:53,35735
18,4,1,0,216,222,1503,53.53187558,1,0,1,0,0,1/16/2020 18:26,541
4,5,12,0,224,230,1703,34.79992771,1,1,1,0,1,12/10/2021 4:40,24288
18,1,9,2,219,226,1734,42.5701145,1,1,0,0,1,9/21/2020 18:16,9068
18,1,11,1,230,235,1619,11.25573346,0,1,1,0,1,11/28/2022 18:49,36397
13,4,5,2,233,238,1562,72.2689876,1,1,0,0,1,5/26/2022 13:02,30019
11,7,7,0,217,223,1558,95.67126665,1,1,1,0,0,7/9/2023 11:56,44024
12,6,6,2,219,228,1604,73.21290141,0,0,0,1,0,6/27/2020 12:46,6115
22,6,8,0,220,226,1759,93.11617776,0,1,1,0,0,8/22/2020 22:44,8047
4,7,7,0,220,220,1772,50.59755951,1,1,1,1,0,7/26/2020 4:16,7096
8,1,11,1,219,220,1870,51.0587877,0,1,1,0,1,11/6/2023 8:46,48129
15,2,12,1,213,220,1950,26.81885244,1,0,0,0,1,12/14/2021 15:11,24440
23,2,5,2,224,231,1535,96.64980336,1,1,0,0,1,5/9/2023 23:50,41952
23,1,10,0,227,230,1882,12.41448374,1,1,1,1,0,10/30/2023 23:59,47911
9,5,6,2,228,236,1702,42.40456419,0,1,0,0,0,6/10/2022 9:02,30527
9,5,3,2,228,237,1880,96.02153255,0,1,0,1,0,3/6/2020 9:49,2241
7,1,1,2,220,227,1526,79.4064162,1,1,0,1,0,1/13/2020 7:44,423
16,5,4,1,229,230,1686,59.81093839,0,1,1,0,1,4/3/2020 16:12,3209
11,1,8,0,227,235,1555,63.47643915,1,1,1,0,0,8/9/2021 11:08,20085
4,2,5,1,228,237,1848,83.8788667,0,0,1,1,0,5/5/2020 4:23,4288
19,2,1,2,227,230,1855,46.32909152,0,1,0,0,0,1/21/2020 19:40,714
11,4,4,2,220,227,1912,34.3009457,1,1,0,1,0,4/22/2021 11:00,16352
9,4,9,2,212,220,1782,33.66547883,0,0,0,0,0,9/16/2021 9:30,21384
4,5,3,1,224,229,1738,36.80081041,0,1,1,0,1,3/18/2022 4:36,27644
7,3,9,1,223,229,1889,24.76710785,0,1,1,1,1,9/20/2023 7:45,46518
17,3,7,1,225,231,1799,57.24086654,1,0,1,0,1,7/29/2020 17:04,7217
3,2,2,1,228,229,1964,73.76848489,1,0,1,0,1,2/9/2021 3:47,13876
19,5,7,2,217,225,1959,67.66856713,1,1,0,1,0,7/7/2023 19:59,43967
4,7,1,1,230,236,1507,28.13814512,0,1,1,0,1,1/10/2021 4:03,12849
0,7,9,0,237,237,1602,57.37940048,0,1,1,0,0,9/26/2021 0:04,21713
3,7,3,2,216,222,1733,62.07484853,1,1,0,1,1,3/6/2022 3:51,27232
13,6,4,0,222,226,1860,10.59847685,1,1,1,0,1,4/4/2020 13:14,3239
9,2,10,2,224,224,1862,33.85412354,0,0,0,0,0,10/17/2023 9:25,47445
7,3,11,2,215,224,1957,59.32007185,1,1,0,0,1,11/25/2020 7:04,11278
16,7,10,1,230,231,1743,14.78508559,1,0,1,0,1,10/23/2022 16:37,35161
5,7,8,1,216,225,1851,33.99931419,0,0,0,1,1,8/7/2022 5:21,32508
15,5,6,2,226,227,1632,70.20951708,0,1,0,1,0,6/4/2021 15:30,17831
0,6,3,0,226,230,1850,37.72460003,1,0,1,0,0,3/21/2020 0:55,2742
14,6,1,1,214,223,1827,67.91039122,0,1,1,1,1,1/9/2021 14:44,12830
13,3,10,2,227,235,1837,64.65624172,1,0,0,0,0,10/13/2021 13:15,22314
14,1,10,1,235,239,1955,73.33048915,0,0,1,1,1,10/30/2023 14:53,47898
9,4,7,1,228,233,1560,83.77269926,1,0,0,0,1,7/16/2020 9:30,6761
17,7,2,0,218,227,1969,93.66363014,1,0,1,0,0,2/20/2022 17:29,26772
5,4,12,0,237,238,1853,26.64862923,1,0,1,1,0,12/23/2021 5:56,24735
11,6,5,2,224,224,1829,16.884577,0,1,0,0,1,5/29/2021 11:38,17620
16,2,3,0,234,239,1573,99.14438626,0,1,1,0,0,3/31/2020 16:43,3107
19,7,10,2,221,224,1942,92.48140278,0,0,0,1,0,10/18/2020 19:14,9994
21,4,10,0,226,230,1804,67.60172873,1,0,1,1,0,10/26/2023 21:11,47770
21,3,9,2,226,228,1769,28.8373827,0,1,0,0,1,9/27/2023 21:58,46778
3,7,5,1,229,235,1830,81.64655841,0,0,1,0,0,5/1/2022 3:19,29149
9,7,6,1,211,220,1768,49.50928422,0,1,1,0,1,6/28/2020 9:06,6144
4,3,3,0,223,226,1866,73.75324181,1,1,1,1,0,3/17/2021 4:35,15110
23,2,11,0,231,238,1595,41.0530899,1,0,1,1,0,11/3/2020 23:29,10548
23,2,6,1,231,235,1654,43.36848707,0,0,1,1,0,6/9/2020 23:35,5514
22,5,1,2,224,227,1576,68.36980635,1,0,0,0,0,1/13/2023 22:06,37977
22,4,4,2,232,238,1797,14.14069532,0,1,0,0,0,4/29/2021 22:25,16608
17,7,5,1,229,231,1964,53.52690087,0,0,1,1,0,5/3/2020 17:20,4238
22,2,3,0,223,229,1663,95.15109304,1,1,1,1,0,3/3/2020 22:57,2157
4,2,6,1,229,238,1781,24.87004477,0,1,1,0,1,6/29/2021 4:11,18671
3,5,6,2,230,230,1535,75.61183141,0,1,0,1,0,6/30/2023 3:40,43704
9,4,2,2,226,234,1830,14.47218536,1,1,0,1,0,2/4/2021 9:33,13713
14,7,9,2,229,229,1790,68.46368204,0,1,0,1,0,9/24/2023 14:47,46665
18,5,5,2,231,235,1572,39.20649985,0,1,0,0,1,5/22/2020 18:58,4891
20,1,8,1,224,225,1597,69.07318666,1,0,1,1,1,8/30/2021 20:50,20818
7,5,11,2,225,234,1922,95.42589879,1,0,0,0,0,11/11/2022 7:02,35798
19,3,3,2,233,234,1868,19.59844713,1,1,0,1,1,3/25/2020 19:51,2906
10,7,3,0,213,222,1803,79.88283765,1,0,1,0,0,3/29/2020 10:03,3029
10,7,7,0,222,224,1921,85.46997993,0,1,1,1,0,7/25/2021 10:13,19570
0,6,8,2,236,236,1875,22.99399636,1,1,0,1,1,8/6/2022 0:37,32467
6,7,3,0,222,228,1612,77.16822696,0,1,1,1,0,3/27/2022 6:33,27955
6,2,11,2,226,227,1954,34.6683352,0,0,0,1,0,11/29/2022 6:44,36414
3,5,6,1,225,232,1960,39.23091648,1,0,1,1,1,6/9/2023 3:05,42984
14,3,1,0,231,235,1578,77.40678509,0,1,1,1,0,1/8/2020 14:12,261
8,2,3,0,233,233,1784,68.70401362,1,0,1,1,0,3/21/2023 8:27,40252
2,7,3,2,215,221,1880,38.68874163,0,1,0,1,1,3/5/2023 2:06,39695
3,4,6,2,216,225,1772,12.68252957,0,0,0,0,0,6/10/2021 3:16,18019
6,5,11,0,217,223,1607,92.82710291,1,1,1,0,1,11/11/2022 6:20,35797
16,7,7,2,222,223,1733,99.83336604,1,1,0,1,0,7/16/2023 16:20,44270
11,1,6,2,228,236,1608,79.27949111,1,0,0,0,0,6/5/2023 11:29,42859
21,7,5,1,221,224,1973,62.34038075,0,0,0,1,1,5/23/2021 21:47,17429
7,5,6,2,215,221,1546,42.58259839,1,0,0,0,0,6/16/2023 7:29,43230
10,2,6,2,224,225,1609,39.06058658,0,1,0,0,1,6/28/2022 10:09,31145
22,7,11,1,224,233,1830,40.09111625,0,1,1,1,1,11/15/2020 22:49,10958
2,6,1,1,214,220,1759,77.89717635,0,0,1,1,1,1/2/2021 2:38,12573
21,4,5,2,231,234,1719,77.80499929,1,1,0,0,1,5/18/2023 21:35,42257
14,6,3,0,223,232,1567,67.53937558,0,1,1,0,0,3/21/2020 14:56,2762
5,5,7,1,228,230,1800,65.01566107,1,0,0,1,1,7/1/2022 5:25,31241
8,2,10,0,220,222,1621,13.87036713,1,0,1,1,0,10/11/2022 8:10,34738
15,6,10,1,231,238,1752,46.09504049,0,0,0,1,1,10/30/2021 15:14,22899
17,2,8,2,218,225,1594,75.95592238,0,1,0,1,0,8/3/2021 17:47,19889
12,5,5,2,221,221,1734,73.49431637,1,1,0,1,1,5/12/2023 12:49,42039
17,2,3,2,231,235,1859,99.23634878,0,1,0,1,0,3/15/2022 17:44,27560
13,6,2,0,224,225,1762,31.88450094,1,1,1,1,1,2/4/2023 13:24,38718
15,1,10,0,236,239,1868,38.2011328,1,0,1,1,0,10/31/2022 15:14,35433
23,7,9,1,220,226,1641,63.48239703,1,0,0,0,1,9/11/2022 23:51,33733
23,5,5,0,216,221,1957,88.25397377,1,1,1,0,1,5/28/2021 23:43,17603
15,1,3,2,225,233,1934,51.82191643,0,0,0,0,0,3/15/2021 15:27,15057
8,5,6,0,216,220,1858,76.48007801,0,1,1,0,0,6/5/2020 8:09,5355
19,1,11,2,217,220,1880,71.3769775,1,1,0,1,0,11/20/2023 19:40,48624
18,6,11,0,215,222,1849,79.51103522,1,1,1,0,0,11/6/2021 18:56,23144
21,1,7,0,235,237,1568,70.40521955,1,0,1,1,0,7/24/2023 21:15,44551
17,4,12,1,229,231,1709,76.52588582,1,0,0,0,1,12/23/2021 17:08,24751
6,2,10,2,223,225,1726,84.74639673,0,1,0,0,1,10/25/2022 6:27,35215
19,5,9,1,228,228,1610,89.46774408,0,0,1,1,1,9/8/2023 19:38,46124
10,7,3,2,219,226,1509,63.19382105,0,1,0,1,0,3/14/2021 10:43,15016
15,3,8,0,215,221,1923,97.13113741,1,1,1,1,1,8/4/2021 15:30,19920
7,5,9,1,227,228,1967,90.68582467,0,0,1,1,1,9/1/2023 7:32,45867
18,4,1,2,213,220,1751,85.88023505,1,1,0,0,1,1/2/2020 18:02,61
17,2,8,0,231,233,1885,56.08608447,1,0,1,1,0,8/16/2022 17:49,32834
8,2,8,0,227,228,1755,25.74716939,1,0,1,1,0,8/3/2021 8:40,19876
2,3,4,1,220,227,1946,66.39332488,0,0,1,1,1,4/5/2023 2:22,40757
20,3,5,0,219,226,1502,53.26144596,1,1,1,0,0,5/3/2023 20:40,41742
16,7,12,1,224,230,1510,77.53169435,1,0,0,1,1,12/25/2022 16:58,37319
13,4,7,1,236,236,1672,46.53730574,0,1,1,1,1,7/6/2023 13:09,43923
5,5,6,2,230,232,1752,14.97284191,1,1,0,0,0,6/18/2021 5:23,18296
22,7,2,2,226,233,1603,34.3123467,0,0,0,0,0,2/23/2020 22:24,1848
6,6,9,0,230,238,1710,35.40315779,1,1,1,1,1,9/30/2023 6:02,46858
10,6,2,1,234,235,1928,61.36046878,0,0,1,1,0,2/1/2020 10:46,1078
20,4,9,1,213,220,1536,60.75452285,0,1,1,0,1,9/8/2022 20:10,33625
8,7,6,1,219,221,1887,78.17186371,0,0,1,1,0,6/25/2023 8:02,43539
0,5,4,0,219,221,1862,44.72802512,0,1,1,0,0,4/14/2023 0:07,41062
8,5,2,2,223,223,1902,92.78369424,1,1,0,0,1,2/5/2021 8:41,13746
10,5,1,0,233,236,1865,18.16690538,1,0,1,0,0,1/22/2021 10:24,13269
17,2,6,0,223,227,1613,70.07666097,1,1,1,1,0,6/7/2022 17:58,30437
6,2,8,2,221,226,1957,70.96004243,1,1,0,0,0,8/17/2021 6:58,20353
15,7,8,1,229,234,1900,92.86622871,1,0,1,0,1,8/21/2022 15:33,33002
18,5,9,2,236,238,1859,29.55663671,0,1,0,1,1,9/3/2021 18:03,20951
4,3,6,0,232,236,1543,35.13459608,1,0,1,1,0,6/7/2023 4:50,42918
5,2,1,2,230,233,1829,63.40975582,0,1,0,0,1,1/31/2023 5:41,38570
11,6,1,2,229,236,1856,78.85455353,0,1,0,1,1,1/22/2022 11:16,25770
15,6,5,0,232,238,1691,82.44683195,1,1,1,1,0,5/2/2020 15:25,4201
18,5,1,2,231,234,1662,74.56051651,1,1,0,0,0,1/21/2022 18:27,25746
4,2,4,1,219,224,1608,89.15489781,0,0,1,1,1,4/28/2020 4:53,4049
12,7,4,1,221,226,1717,34.23383027,1,0,0,0,1,4/5/2020 12:21,3272
13,1,10,1,225,229,1684,63.77248176,0,1,1,0,1,10/10/2022 13:15,34711
21,6,7,0,229,232,1819,82.34447237,1,1,1,1,0,7/30/2022 21:27,32257
2,2,9,1,228,229,1729,78.01458177,0,1,1,0,1,9/27/2022 2:10,34250
22,5,4,1,223,227,1525,45.51339949,1,0,0,0,1,4/1/2022 22:30,28149
6,1,4,2,222,228,1876,72.20130709,1,1,0,0,0,4/19/2021 6:37,16243
21,6,5,1,225,234,1875,71.72641526,0,0,0,0,1,5/30/2020 21:48,5169
21,4,11,0,232,238,1589,17.82228719,1,1,1,0,1,11/25/2021 21:16,23798
12,1,8,2,220,227,1910,40.8220186,0,1,0,1,1,8/8/2022 12:11,32552
14,4,10,0,224,231,1937,79.28291838,1,1,1,1,0,10/1/2020 14:27,9405
6,1,8,2,217,223,1733,11.59458547,0,1,0,0,1,8/17/2020 6:47,7853
12,7,5,2,230,230,1759,75.22470072,0,0,0,0,0,5/29/2022 12:31,30121
8,6,5,1,232,234,1855,37.16357207,1,0,1,0,1,5/8/2021 8:15,16896
2,6,2,1,226,226,1889,40.2182135,0,0,0,0,1,2/6/2021 2:12,13771
14,5,5,1,221,225,1881,71.51994284,0,0,0,0,1,5/20/2022 14:04,29815
11,3,8,1,214,222,1713,16.53455339,0,1,1,1,1,8/18/2021 11:42,20394
7,7,6,2,235,237,1788,14.45977249,1,1,0,1,0,6/5/2022 7:06,30353
5,2,11,2,234,235,1748,71.97388191,1,1,0,0,0,11/21/2023 5:29,48638
22,1,2,1,237,239,1652,51.90981413,1,0,1,0,1,2/27/2023 22:46,39519
17,7,4,2,217,223,1829,65.56775728,0,1,0,1,0,4/5/2020 17:16,3279
7,2,7,0,214,222,1516,18.03304094,1,1,1,1,1,7/25/2023 7:04,44565
14,1,8,1,236,239,1908,52.95981551,1,0,0,0,1,8/24/2020 14:41,8104
22,3,8,2,223,232,1992,95.29540878,1,1,0,1,1,8/26/2020 22:45,8184
7,3,8,1,223,228,1874,42.59801041,1,0,0,0,1,8/11/2021 7:17,20148
0,5,3,1,216,220,1731,52.04823765,1,0,1,0,1,3/26/2021 0:56,15413
5,3,8,0,222,231,1752,97.58588255,1,1,1,1,0,8/10/2022 5:32,32611
20,5,4,1,219,222,1713,35.67339565,1,0,1,1,1,4/21/2023 20:38,41331
12,4,7,1,213,221,1513,32.17841532,0,0,1,1,1,7/22/2021 12:08,19470
9,3,10,1,220,221,1959,76.74064959,1,0,0,0,1,10/14/2020 9:24,9843
0,4,1,2,226,226,1601,59.31143274,1,1,0,1,1,1/26/2023 0:57,38392
9,5,6,1,222,227,1719,72.52643069,0,0,0,0,1,6/9/2023 9:23,42993
23,1,9,1,223,229,1880,82.01923095,0,0,0,1,1,9/5/2022 23:29,33527
2,7,5,0,220,224,1518,94.11481823,1,1,1,0,0,5/7/2023 2:28,41853
3,6,2,0,235,235,1618,95.64252031,1,1,1,0,0,2/6/2021 3:36,13773
12,2,8,1,233,238,1781,30.72697146,1,0,1,0,1,8/1/2023 12:10,44812
6,4,5,2,224,229,1762,80.47127688,0,1,0,1,1,5/18/2023 6:52,42236
0,4,11,1,235,237,1620,64.03533078,0,0,0,0,1,11/11/2021 0:33,23289
15,5,6,0,224,226,1899,78.57319832,1,1,1,0,0,6/17/2022 15:33,30776
13,7,12,1,218,225,1816,48.77893928,1,0,1,0,1,12/20/2020 13:59,12144
14,7,1,1,233,233,1528,92.77506072,1,0,0,0,1,1/2/2022 14:01,25089
15,2,3,2,219,228,1532,74.35427828,0,0,0,1,0,3/15/2022 15:37,27557
15,3,8,0,231,235,1639,99.33619772,0,1,1,0,0,8/16/2023 15:11,45330
19,6,4,0,221,225,1522,68.346224,1,1,1,0,1,4/9/2022 19:01,28418
7,4,6,1,227,235,1755,32.32554276,0,0,1,0,0,6/30/2022 7:42,31210
4,3,2,1,227,233,1893,51.72534513,0,0,1,1,0,2/3/2021 4:49,13672
6,7,2,1,227,234,1861,10.6457225,0,0,1,1,1,2/9/2020 6:35,1346
9,6,2,1,234,235,1989,28.32800643,0,1,1,0,1,2/8/2020 9:34,1316
19,5,1,2,216,224,1904,53.37210073,1,0,0,0,0,1/21/2022 19:09,25747
13,3,9,0,231,237,1748,61.97712385,1,1,1,0,0,9/2/2020 13:08,8410
11,7,10,2,223,232,1958,62.42035572,1,1,0,1,0,10/9/2022 11:19,34674
13,2,9,1,219,223,1812,38.57417134,0,0,1,1,0,9/15/2020 13:00,8855
17,2,6,2,226,235,1575,18.50702174,1,1,0,1,1,6/28/2022 17:51,31156
17,6,10,1,219,221,1906,32.13401181,1,0,1,1,1,10/23/2021 17:50,22663
4,6,7,1,214,220,1958,98.04388586,1,0,0,1,1,7/4/2020 4:33,6343
13,1,2,1,220,223,1991,77.75608384,0,0,0,0,1,2/28/2022 13:18,27040
23,4,3,1,227,229,1515,14.42492208,0,0,1,0,1,3/30/2023 23:44,40582
17,1,8,1,229,238,1880,42.06671536,0,0,1,0,1,8/15/2022 17:17,32799
17,4,9,1,218,223,1690,95.92263686,1,0,1,0,1,9/14/2023 17:12,46326
5,1,3,0,226,227,1923,86.70264688,1,0,1,0,0,3/14/2022 5:59,27509
13,6,4,0,221,223,1660,97.44056493,1,1,1,1,0,4/2/2022 13:13,28170
6,7,6,0,214,223,1520,22.70874608,1,1,1,1,0,6/28/2020 6:59,6141
9,1,12,0,223,232,1543,48.66930194,1,1,1,1,1,12/14/2020 9:24,11932
1,2,12,1,218,225,1563,13.72360479,0,0,1,1,0,12/21/2021 1:22,24660
20,5,9,1,217,224,1631,70.76819333,0,1,1,1,1,9/4/2020 20:30,8489
1,4,7,2,223,225,1981,44.80408534,0,1,0,1,0,7/8/2021 1:14,18975
11,5,6,2,229,237,1786,58.2952032,0,1,0,0,0,6/23/2023 11:53,43476
17,2,10,2,236,238,1682,80.35186219,0,1,0,1,0,10/3/2023 17:26,46977
12,7,2,2,230,235,1949,80.50279056,1,0,0,1,0,2/2/2020 12:42,1115
2,5,11,1,213,222,1966,66.4369292,0,0,0,0,1,11/13/2020 2:08,10860
12,5,9,1,229,233,1904,73.78083705,0,0,0,1,1,9/1/2023 12:26,45874
17,3,8,1,226,230,1939,16.64007436,0,0,1,0,0,8/10/2022 17:27,32628
20,7,10,2,223,225,1555,27.23805508,1,1,0,0,0,10/9/2022 20:26,34687
21,2,9,1,214,223,1785,92.98669147,0,1,1,1,1,9/7/2021 21:34,21093
20,5,9,2,218,221,1553,44.58942208,1,1,0,1,0,9/29/2023 20:13,46844
20,5,4,0,233,237,1965,81.28164215,0,1,1,1,0,4/15/2022 20:48,28626
22,7,11,2,233,238,1516,91.0841387,1,1,0,1,0,11/6/2022 22:37,35649
18,4,6,2,212,221,1596,33.0345541,1,1,0,0,0,6/17/2021 18:52,18281
14,4,1,1,227,230,1953,62.38457757,0,0,1,0,1,1/26/2023 14:58,38412
20,7,6,1,238,238,1690,51.62704133,0,0,0,0,1,6/7/2020 20:25,5441
2,6,6,2,228,237,1789,98.86367741,1,1,0,0,0,6/17/2023 2:24,43257
5,3,11,2,223,229,1950,52.58429976,1,0,0,0,0,11/30/2022 5:10,36446
21,3,11,0,226,229,1602,71.59365976,1,1,1,0,0,11/23/2022 21:47,36230
23,4,10,0,229,235,1824,73.09599092,0,1,1,1,0,10/28/2021 23:59,22843
22,4,7,2,225,234,1615,11.21617143,1,1,0,0,0,7/13/2023 22:27,44176
11,2,5,1,230,233,1510,51.41231165,1,0,1,0,1,5/11/2021 11:14,17003
11,2,5,1,218,220,1718,57.37117288,1,0,1,0,1,5/4/2021 11:02,16763
14,5,6,1,232,237,1902,98.04466088,0,0,0,1,1,6/4/2021 14:06,17829
6,7,1,0,230,234,1564,66.55943456,1,1,1,0,1,1/19/2020 6:42,627
18,6,3,1,231,232,1807,53.91923559,1,0,1,1,1,3/12/2022 18:15,27458
18,1,8,2,222,222,1611,39.97190592,0,1,0,1,0,8/17/2020 18:42,7870
14,2,4,0,221,221,1942,32.74382937,1,0,1,1,0,4/20/2021 14:51,16289
12,1,3,1,234,237,1508,42.83996096,1,0,1,0,1,3/13/2023 12:38,39984
12,2,4,2,227,232,1513,65.39032948,0,1,0,1,0,4/20/2021 12:03,16285
14,1,4,2,226,231,1858,66.25821552,1,1,0,0,0,4/17/2023 14:19,41185
18,1,11,1,233,234,1645,38.38296266,0,0,1,0,0,11/29/2021 18:28,23931
12,3,6,0,219,220,1893,54.65365567,0,1,1,1,0,6/16/2021 12:44,18238
4,7,5,0,226,227,1920,12.52812105,1,1,1,1,0,5/29/2022 4:48,30110
8,7,9,2,225,232,1846,69.20348073,1,1,0,1,1,9/3/2023 8:35,45937
20,5,11,0,231,235,1629,87.39404322,0,1,1,0,0,11/26/2021 20:23,23831
12,7,2,1,236,238,1571,19.15748225,0,0,1,1,1,2/9/2020 12:54,1355
5,1,10,2,214,221,1704,59.74410149,0,0,0,1,0,10/16/2023 5:23,47405
23,6,4,2,225,227,1515,46.37697013,0,0,0,1,0,4/3/2021 23:23,15719
12,5,8,1,220,222,1832,60.34378224,0,0,1,1,1,8/7/2020 12:01,7518
3,2,8,0,227,229,1578,81.07405116,1,0,1,0,0,8/1/2023 3:46,44800
11,4,7,2,238,238,1721,75.90983575,0,1,0,0,0,7/28/2022 11:59,32175
6,2,12,1,218,222,1932,97.13274741,0,0,1,1,0,12/7/2021 6:35,24188
22,2,11,1,228,231,1639,81.39688793,0,1,1,0,1,11/29/2022 22:51,36437
2,6,5,1,233,238,1662,64.28215534,0,0,1,0,0,5/9/2020 2:17,4422
6,6,3,1,226,231,1888,15.03006797,0,0,0,0,1,3/11/2023 6:41,39907
7,7,4,1,221,222,1928,82.62503518,0,0,1,1,0,4/19/2020 7:50,3745
5,2,12,0,218,220,1520,63.88279774,0,1,1,1,0,12/13/2022 5:43,36892
4,5,6,2,230,234,1846,70.00917492,1,1,0,0,1,6/26/2020 4:32,6069
19,3,3,1,222,229,1587,38.49707638,0,0,1,0,1,3/8/2023 19:48,39823
23,1,2,2,229,237,1600,47.57278012,0,1,0,0,1,2/10/2020 23:14,1404
7,7,1,2,216,222,1629,41.10164051,1,1,0,0,1,1/22/2023 7:56,38265
23,4,7,2,226,229,1750,80.06329603,1,1,0,1,1,7/22/2021 23:21,19486
3,3,4,0,220,222,1765,75.94972687,0,1,1,1,0,4/22/2020 3:49,3842
23,4,6,0,232,239,1794,59.97120448,1,0,1,1,0,6/22/2023 23:58,43459
18,6,9,2,221,230,1934,20.19637282,1,1,0,1,1,9/4/2021 18:34,20986
20,5,2,0,214,220,1877,50.81069684,1,1,1,1,0,2/7/2020 20:57,1298
7,3,4,0,231,232,1718,32.58643778,0,1,1,0,0,4/12/2023 7:28,41004
16,7,5,1,231,236,1803,29.31246534,0,0,1,1,0,5/1/2022 16:38,29168
20,3,5,1,231,239,1781,59.57223192,1,0,0,0,1,5/13/2020 20:31,4585
1,3,7,1,223,223,1552,62.192171,0,0,1,0,1,7/28/2021 1:18,19660
13,7,11,2,228,235,1816,95.98435114,1,0,0,1,0,11/26/2023 13:44,48821
14,7,8,1,236,236,1986,10.97534747,0,1,1,1,1,8/27/2023 14:42,45706
1,2,8,1,230,238,1641,32.79451726,0,0,1,0,1,8/15/2023 1:21,45276
6,5,9,2,212,220,1664,56.52798647,0,1,0,1,1,9/30/2022 6:34,34359
23,6,10,2,232,237,1892,12.42940465,1,0,0,0,0,10/3/2020 23:55,9487
12,2,8,0,225,230,1912,51.74488262,1,0,1,0,0,8/3/2021 12:10,19881
17,5,11,2,234,237,1626,63.21074822,1,1,0,1,1,11/13/2020 17:33,10882
5,4,10,2,220,227,1801,84.8193925,1,0,0,1,0,10/26/2023 5:46,47748
18,3,1,0,217,223,1825,57.44239761,1,1,1,0,0,1/25/2023 18:38,38383
23,2,5,1,226,232,1853,40.83440263,0,1,1,0,1,5/31/2022 23:23,30205
18,5,10,0,224,226,1534,48.25453365,0,1,1,1,0,10/7/2022 18:40,34616
2,3,10,1,230,230,1859,83.20310538,0,0,1,0,0,10/18/2023 2:56,47470
14,7,11,2,217,226,1845,37.7678668,0,1,0,1,0,11/1/2020 14:01,10466
19,3,6,1,227,228,1668,88.74213401,0,1,1,1,1,6/15/2022 19:24,30713
10,6,8,2,230,238,1981,85.43993281,0,0,0,1,0,8/7/2021 10:05,20015
7,6,8,1,225,229,1819,95.89481621,0,0,1,1,1,8/1/2020 7:26,7306
19,6,10,2,235,238,1906,46.65972679,0,1,0,0,1,10/21/2023 19:56,47597
14,7,7,2,225,227,1898,40.22635568,1,0,0,0,0,7/17/2022 14:35,31802
5,2,7,2,227,234,1773,58.66384528,0,1,0,1,1,7/11/2023 5:59,44084
3,4,2,0,216,224,1644,59.10831571,1,1,1,0,0,2/2/2023 3:14,38635
2,5,10,1,231,235,1604,36.97405656,1,0,0,1,1,10/15/2021 2:24,22367
11,2,11,1,226,234,1960,58.62097897,0,0,1,1,0,11/2/2021 11:13,22996
10,2,3,1,217,220,1713,66.47265212,0,0,1,0,1,3/17/2020 10:01,2618
20,4,6,0,223,231,1910,63.67637103,1,0,1,0,0,6/15/2023 20:58,43215
13,1,11,2,220,220,1555,32.4060606,1,1,0,0,1,11/16/2020 13:32,10979
9,1,8,1,217,224,1562,78.57056429,0,0,0,1,1,8/1/2022 9:11,32308
18,6,3,2,224,230,1812,35.56780801,0,0,0,1,0,3/21/2020 18:27,2767
22,4,1,1,229,237,1831,96.78778647,0,0,0,0,1,1/2/2020 22:15,67
11,3,9,2,221,226,1709,27.52900357,0,1,0,0,1,9/22/2021 11:16,21592
1,1,4,2,220,229,1650,44.66808839,0,1,0,1,1,4/27/2020 1:33,4010
23,5,7,0,218,220,1679,64.36854973,1,1,1,0,1,7/15/2022 23:20,31746
19,6,8,1,230,231,1713,12.24158609,0,0,0,1,1,8/22/2020 19:56,8043
22,7,5,1,229,233,1738,23.21855906,1,0,1,0,1,5/3/2020 22:57,4246
5,2,6,1,215,224,1686,85.44804865,0,1,1,1,1,6/7/2022 5:21,30419
19,7,4,2,221,230,1533,10.38678578,0,1,0,1,1,4/3/2022 19:21,28213
2,1,11,1,224,224,1889,57.96885775,1,0,1,0,1,11/21/2022 2:30,36134
9,6,2,0,232,233,1932,85.1782805,1,0,1,1,0,2/12/2022 9:45,26487
6,5,7,2,223,232,1620,18.38746625,0,1,0,1,1,7/15/2022 6:31,31722
19,2,5,1,220,223,1722,32.5502217,1,0,1,0,1,5/5/2020 19:48,4310
8,3,11,0,229,229,1939,48.12782953,1,1,1,0,1,11/18/2020 8:59,11041
5,7,12,1,239,239,1552,64.18096257,0,0,1,0,0,12/27/2020 5:04,12371
6,6,5,1,223,223,1733,29.07848551,1,0,0,0,1,5/9/2020 6:30,4428
14,4,7,0,235,239,1708,88.14037307,1,1,1,1,0,7/8/2021 14:33,18994
17,1,9,2,217,220,1677,88.86544888,0,1,0,0,0,9/13/2021 17:01,21292
22,1,2,1,222,230,1653,89.89353167,1,0,1,1,1,2/7/2022 22:32,26334
7,6,9,0,221,230,1956,81.59367933,1,0,1,0,0,9/30/2023 7:26,46860
17,4,7,1,217,226,1872,59.96600504,0,0,0,0,1,7/20/2023 17:02,44408
15,1,7,2,219,227,1638,11.61656188,1,1,0,1,0,7/11/2022 15:37,31598
19,2,8,0,219,220,1570,85.14495303,1,0,1,0,0,8/2/2022 19:32,32357
13,1,10,2,228,234,1717,68.31502405,0,0,0,0,0,10/26/2020 13:39,10260
8,3,2,2,228,229,1771,20.98421478,0,1,0,1,1,2/12/2020 8:10,1451
10,5,11,1,217,220,1575,72.27124241,1,0,1,0,1,11/18/2022 10:44,36043
23,6,6,2,234,239,1971,15.56650676,1,1,0,0,0,6/13/2020 23:35,5651
18,4,2,1,234,235,1602,94.40255504,0,1,1,0,1,2/17/2022 18:00,26670
8,1,1,1,222,222,1593,28.90059129,0,0,1,0,0,1/11/2021 8:05,12889
21,4,1,2,218,224,1638,85.96000961,1,1,0,1,0,1/2/2020 21:33,66
0,6,11,0,227,228,1590,40.79013827,1,1,1,1,0,11/20/2021 0:24,23597
19,5,2,1,231,233,1514,75.98827186,1,0,1,1,1,2/5/2021 19:12,13761
23,6,8,1,226,234,1500,85.55912963,0,0,1,1,1,8/26/2023 23:59,45685
6,7,8,2,226,232,1758,38.06137977,0,0,0,1,0,8/9/2020 6:04,7578
1,1,4,0,223,223,1514,33.19048286,1,1,1,1,1,4/10/2023 1:30,40927
12,7,1,0,231,235,1612,24.2168243,1,0,1,1,0,1/30/2022 12:42,26046
17,7,10,2,222,227,1998,14.23045659,0,0,0,1,0,10/8/2023 17:16,47148
23,4,3,1,218,225,1933,55.7331829,0,1,1,1,1,3/19/2020 23:42,2706
16,1,11,1,222,229,1995,25.92386571,0,1,1,1,1,11/28/2022 16:43,36394
9,3,10,0,215,222,1918,15.79504754,1,0,1,0,0,10/13/2021 9:45,22309
1,4,4,1,238,239,1628,39.63729634,0,1,1,0,1,4/15/2021 1:00,16098
4,2,5,0,222,223,1514,45.19439191,1,0,1,0,0,5/10/2022 4:34,29459
9,6,3,0,236,236,1693,39.13222945,1,1,1,0,1,3/14/2020 9:50,2515
11,7,9,0,227,231,1926,95.7193843,0,1,1,1,0,9/18/2022 11:26,33955
8,6,10,0,230,232,1981,30.96251554,1,0,1,1,0,10/21/2023 8:43,47581
10,3,11,2,228,236,1932,79.91382607,0,0,0,0,0,11/25/2020 10:35,11283
2,7,11,1,227,233,1957,85.76152643,0,0,1,0,0,11/6/2022 2:59,35621
5,2,4,2,215,224,1879,39.00902175,0,1,0,1,1,4/12/2022 5:54,28502
18,2,11,0,225,232,1512,69.80915958,0,1,1,1,0,11/15/2022 18:57,35952
11,3,11,2,221,228,1991,11.89172943,0,1,0,1,1,11/23/2022 11:58,36216
13,6,7,1,216,223,1855,59.70591949,0,1,1,1,1,7/17/2021 13:42,19301
13,7,6,2,217,221,1650,71.19097859,0,1,0,0,1,6/27/2021 13:39,18616
19,4,3,1,217,225,1531,80.99742869,0,0,1,0,1,3/31/2022 19:52,28111
11,7,4,0,217,222,1741,27.67545848,1,1,1,0,0,4/24/2022 11:32,28921
4,1,3,1,218,221,1505,47.34815943,0,0,1,0,0,3/27/2023 4:37,40452
11,2,6,1,229,230,1559,35.36489395,0,0,1,1,0,6/9/2020 11:40,5497
18,3,10,2,232,234,1561,21.69384283,0,1,0,0,0,10/4/2023 18:40,47013
20,1,10,2,234,235,1501,86.5347728,0,1,0,1,1,10/18/2021 20:06,22495
2,1,3,0,229,231,1651,65.78843221,0,1,1,1,0,3/30/2020 2:11,3052
12,5,3,2,236,236,1649,52.68322238,1,0,0,1,0,3/27/2020 12:30,2964
8,2,1,2,234,237,1639,74.4195103,1,1,0,0,1,1/19/2021 8:48,13164
3,6,11,2,224,230,1689,53.24046584,0,1,0,0,0,11/18/2023 3:54,48533
10,1,8,1,233,233,1601,93.96574725,0,1,1,0,1,8/24/2020 10:29,8098
9,6,9,0,218,227,1758,36.8842675,1,1,1,0,0,9/2/2023 9:27,45904
18,2,3,1,214,222,1517,84.83680781,0,0,0,1,1,3/14/2023 18:04,40026
8,3,10,1,215,224,1827,13.45428733,0,0,1,1,1,10/21/2020 8:54,10082
23,5,9,0,236,237,1790,78.34219003,0,1,1,0,0,9/11/2020 23:30,8733
20,7,9,2,217,223,1905,11.69493267,0,0,0,0,0,9/13/2020 20:21,8797
3,1,9,1,219,223,1643,27.11797754,0,0,0,1,1,9/12/2022 3:21,33738
8,7,6,1,223,232,1611,17.02826695,0,1,1,0,1,6/12/2022 8:42,30595
12,2,8,0,224,231,1818,57.6364194,1,0,1,0,0,8/31/2021 12:57,20841
8,7,8,2,228,235,1995,16.90872978,0,1,0,0,1,8/2/2020 8:40,7342
6,1,11,2,228,233,1598,59.09943965,0,1,0,1,1,11/2/2020 6:50,10490
17,3,6,0,222,225,1968,59.18854501,0,1,1,0,0,6/23/2021 17:08,18484
2,4,8,2,217,224,1563,40.30052918,0,1,0,0,0,8/25/2022 2:57,33121
20,6,5,0,226,229,1622,16.50296619,1,1,1,0,1,5/8/2021 20:09,16913
6,2,8,1,219,220,1663,48.17179573,0,0,1,0,0,8/16/2022 6:36,32818
23,6,1,0,238,238,1869,35.92452248,1,1,1,1,1,1/7/2023 23:08,37773
14,2,1,0,220,225,1876,83.1994741,0,1,1,0,0,1/7/2020 14:23,227
18,1,4,2,223,226,1713,28.26036779,1,1,0,0,1,4/24/2023 18:43,41431
0,4,11,1,227,228,1868,10.82255637,0,0,1,0,1,11/18/2021 0:45,23529
8,2,1,0,233,235,1606,74.72612757,1,1,1,1,0,1/17/2023 8:48,38095
0,7,11,0,213,221,1883,92.30781941,0,1,1,0,0,11/22/2020 0:35,11166
7,4,2,2,218,226,1543,59.489795,1,1,0,0,1,2/16/2023 7:50,39121
21,5,3,2,224,233,1664,39.13160383,1,0,0,0,0,3/24/2023 21:57,40374
16,4,9,1,221,230,1574,69.83183071,0,0,1,1,0,9/16/2021 16:30,21394
8,3,6,0,230,238,1575,45.69809364,1,1,1,0,1,6/23/2021 8:44,18472
19,6,11,1,229,236,1550,79.01642981,0,0,1,1,0,11/20/2021 19:19,23624
22,1,6,1,217,226,1885,11.57088123,0,0,0,0,1,6/27/2022 22:14,31128
7,2,9,2,234,237,1792,77.92271397,1,0,0,0,0,9/20/2022 7:35,34018
21,5,9,1,222,227,1829,91.03008918,1,0,0,0,1,9/29/2023 21:37,46846
0,6,4,2,222,228,1853,89.26551869,0,0,0,1,0,4/30/2022 0:41,29111
10,7,4,0,236,239,1866,35.67171171,1,1,1,0,1,4/18/2021 10:17,16214
19,6,12,1,230,233,1520,69.01158706,0,0,0,0,1,12/26/2020 19:15,12357
14,7,4,2,229,237,1876,95.19298516,0,1,0,1,0,4/2/2023 14:48,40672
18,3,9,2,216,225,1517,19.38905841,1,1,0,1,1,9/6/2023 18:35,46054
11,7,5,2,216,220,1584,83.36661025,0,1,0,0,0,5/10/2020 11:56,4470
23,6,9,2,221,225,1799,31.1346914,0,1,0,0,1,9/30/2023 23:33,46883
7,7,4,0,223,227,1705,57.10919508,0,1,1,1,0,4/26/2020 7:20,3984
2,3,10,2,221,224,1521,73.15863762,1,1,0,0,1,10/13/2021 2:03,22298
16,5,11,1,238,238,1896,18.43788875,0,0,1,1,1,11/11/2022 16:08,35811
9,5,4,2,232,238,1995,35.47976319,0,1,0,0,1,4/30/2021 9:37,16624
21,5,7,0,219,225,1927,48.92110134,0,1,1,0,0,7/9/2021 21:23,19038
0,1,3,1,226,226,1619,60.71828831,0,0,1,1,0,3/20/2023 0:13,40206
20,2,3,2,224,230,1685,27.4315029,0,1,0,1,1,3/10/2020 20:20,2393
11,6,10,1,214,221,1539,96.09645249,0,0,1,0,1,10/10/2020 11:30,9709
10,1,8,0,228,232,1678,96.03129867,1,1,1,0,1,8/7/2023 10:26,45015
7,6,3,0,227,231,1605,86.33483899,1,1,1,0,0,3/20/2021 7:35,15217
0,5,11,1,218,220,1636,33.43628959,0,0,1,1,0,11/26/2021 0:46,23803
9,1,11,0,228,233,1630,96.66813808,1,1,1,0,0,11/15/2021 9:40,23439
22,5,9,1,228,229,1815,79.83443745,0,0,0,1,1,9/4/2020 22:36,8492
17,1,5,2,226,233,1749,79.0898337,1,0,0,0,0,5/24/2021 17:24,17457
15,2,6,1,232,233,1517,10.07197396,1,0,1,1,1,6/1/2021 15:19,17728
6,1,6,2,229,237,1736,91.04900576,1,1,0,0,0,6/29/2020 6:07,6174
10,7,4,2,232,234,1975,67.16528827,1,1,0,1,0,4/2/2023 10:36,40666
21,2,2,2,236,236,1711,14.80702788,0,1,0,0,1,2/4/2020 21:28,1196
18,5,7,2,223,228,1582,56.34687057,0,1,0,1,0,7/17/2020 18:26,6808
4,1,4,2,225,234,1723,89.89161077,0,0,0,1,0,4/18/2022 4:09,28705
14,5,5,0,228,229,1860,37.0851986,1,0,1,1,0,5/13/2022 14:34,29576
14,7,5,0,236,236,1539,54.74747884,1,0,1,1,0,5/8/2022 14:02,29404
10,5,12,2,227,235,1560,62.84990466,0,1,0,0,0,12/10/2021 10:58,24297
18,5,1,1,226,227,1606,11.7615632,1,0,0,1,1,1/27/2023 18:17,38451
21,6,12,0,220,228,1510,34.86704784,1,1,1,0,1,12/3/2022 21:28,36572
3,4,4,1,230,231,1954,65.9186207,0,1,1,1,1,4/27/2023 3:29,41512
13,7,5,1,227,231,1779,15.18666139,0,0,1,1,0,5/31/2020 13:55,5192
14,2,2,0,234,239,1868,36.35686263,1,0,1,0,0,2/18/2020 14:51,1666
8,3,9,2,231,238,1769,39.05589607,1,1,0,1,0,9/28/2022 8:18,34293
19,4,12,0,228,233,1910,49.02805563,1,1,1,1,0,12/2/2021 19:21,24035
7,5,1,0,215,221,1660,55.88342461,1,0,1,1,0,1/21/2022 7:56,25731
18,1,1,1,226,231,1786,76.51789561,1,0,0,0,1,1/30/2023 18:28,38554
6,7,7,1,223,232,1973,84.98022952,0,0,1,1,0,7/9/2023 6:19,44016
20,5,4,0,224,230,1922,37.16371574,1,1,1,0,1,4/23/2021 20:38,16400
8,1,9,1,218,223,1505,14.25037683,1,0,0,0,1,9/18/2023 8:48,46451
9,1,5,1,229,238,1825,50.35185794,0,0,1,1,1,5/16/2022 9:51,29672
4,3,1,1,236,238,1637,84.75221346,0,0,1,0,0,1/4/2023 4:02,37643
17,1,7,1,225,230,1574,56.03499742,0,0,0,1,1,7/13/2020 17:01,6669
16,7,2,1,231,239,1682,40.52130944,0,0,1,0,1,2/12/2023 16:14,38996
1,1,11,1,218,225,1638,86.15088351,0,0,0,0,1,11/13/2023 1:15,48358
17,1,10,0,219,222,1659,78.74431205,1,1,1,0,0,10/4/2021 17:37,22012
18,2,6,1,235,236,1568,37.08636734,0,0,1,1,1,6/16/2020 18:10,5746
14,5,1,1,223,225,1923,38.00542566,0,0,1,1,0,1/3/2020 14:22,90
3,4,9,1,226,232,1676,92.03362407,0,0,1,0,1,9/10/2020 3:21,8670
10,4,9,1,221,223,1548,93.91954764,0,0,1,0,1,9/29/2022 10:14,34330
17,2,9,1,232,232,1583,66.1860686,1,0,0,0,1,9/5/2023 17:21,46018
12,5,11,1,221,229,1518,82.72768071,0,0,1,0,0,11/3/2023 12:47,48032
16,3,3,1,220,223,1799,72.75591632,0,1,1,1,1,3/22/2023 16:42,40298
3,4,7,2,237,238,1769,44.81808921,0,1,0,0,1,7/9/2020 3:00,6512
2,3,6,0,225,229,1907,12.20032206,1,1,1,1,0,6/16/2021 2:56,18224
15,2,6,0,217,225,1576,62.77297404,1,1,1,0,1,6/22/2021 15:54,18448
0,1,12,2,214,221,1939,36.71582644,0,1,0,0,1,12/21/2020 0:29,12159
13,2,9,0,227,235,1560,28.80564235,1,1,1,0,1,9/22/2020 13:54,9096
20,1,2,2,235,236,1730,79.16386844,1,1,0,1,0,2/3/2020 20:14,1160
4,3,4,1,227,231,1517,96.15317604,0,1,1,0,1,4/27/2022 4:00,29013
14,4,5,2,214,220,1528,30.18723649,1,1,0,0,1,5/11/2023 14:23,42007
2,2,8,1,218,222,1748,67.86677143,1,0,0,0,1,8/2/2022 2:01,32332
13,5,12,2,221,227,1710,14.8426657,0,1,0,0,1,12/4/2020 13:56,11596
13,7,1,1,228,231,1578,69.15837425,0,0,0,1,1,1/12/2020 13:31,397
20,4,10,2,220,225,1706,87.12549674,0,1,0,1,1,10/29/2020 20:50,10373
6,6,5,2,230,239,1622,22.26599449,0,0,0,1,0,5/16/2020 6:41,4668
14,4,2,1,226,234,1836,20.69049245,0,0,1,0,0,2/16/2023 14:51,39131
19,7,4,0,230,233,1759,58.46200609,1,1,1,1,1,4/26/2020 19:57,4002
9,1,11,0,224,224,1544,65.09596559,1,1,1,0,0,11/9/2020 9:50,10734
3,7,4,0,230,238,1784,17.1802644,1,1,1,0,0,4/16/2023 3:17,41135
13,5,2,1,227,235,1597,85.72729793,1,0,1,0,1,2/3/2023 13:35,38684
9,6,5,0,230,230,1925,68.28481302,1,1,1,0,1,5/2/2020 9:06,4192
13,5,7,0,225,232,1614,84.92178475,1,1,1,1,1,7/16/2021 13:52,19267
21,7,1,0,220,226,1501,25.22248024,0,1,1,1,0,1/3/2021 21:23,12634
3,4,3,2,219,224,1598,54.65408227,1,1,0,0,0,3/11/2021 3:31,14903
5,3,10,1,224,225,1710,46.44424703,1,0,1,1,1,10/18/2023 5:44,47474
13,1,9,0,230,237,1869,10.41606779,1,0,1,0,0,9/21/2020 13:22,9061
5,6,2,2,222,227,1972,65.09751409,0,0,0,0,0,2/26/2022 5:14,26960
14,6,11,1,225,226,1619,44.09596288,1,0,1,1,1,11/14/2020 14:34,10912
21,4,1,1,218,220,1750,73.21790118,1,0,1,1,1,1/5/2023 21:23,37702
2,4,9,0,221,230,1764,11.84243215,1,0,1,0,0,9/30/2021 2:53,21854
7,3,3,1,226,226,1541,96.88832324,1,0,1,1,1,3/18/2020 7:45,2649
5,6,12,2,234,238,1716,10.96175056,1,1,0,1,1,12/26/2020 5:14,12337
1,6,12,2,212,220,1985,58.84755283,0,0,0,0,0,12/18/2021 1:53,24558
3,1,3,1,231,239,1789,79.19110921,1,0,0,1,1,3/29/2021 3:55,15520
13,7,7,1,228,231,1794,22.22844275,1,0,1,1,1,7/10/2022 13:41,31561
7,3,9,0,236,237,1772,16.78187316,1,1,1,0,0,9/20/2023 7:03,46517
2,1,5,1,214,222,1553,25.08942317,0,0,1,1,0,5/9/2022 2:38,29422
4,3,9,2,216,225,1687,81.89548392,0,0,0,1,0,9/13/2023 4:03,46273
22,1,8,0,222,231,1964,65.02596888,1,1,1,0,0,8/3/2020 22:31,7396
15,4,6,2,229,233,1993,76.98655701,0,1,0,1,0,6/25/2020 15:13,6050
10,1,1,2,232,236,1661,11.98718535,1,1,0,1,1,1/9/2023 10:11,37823
19,1,4,1,216,225,1572,12.92190859,0,0,1,0,0,4/19/2021 19:56,16262
5,7,2,2,225,229,1759,43.14873228,1,1,0,1,1,2/12/2023 5:01,38980
7,2,5,0,228,229,1650,19.52093259,1,0,1,0,0,5/4/2021 7:32,16758
10,1,8,2,227,236,1676,92.32754645,1,1,0,1,1,8/31/2020 10:41,8338
16,1,10,0,235,235,1661,88.00235422,0,1,1,0,0,10/3/2022 16:33,34476
7,7,6,1,226,226,1715,37.77560219,0,0,0,0,1,6/27/2021 7:20,18607
0,2,1,1,221,223,1726,47.08142607,1,0,1,0,1,1/18/2022 0:45,25618
21,4,9,2,226,232,1977,27.69362293,0,0,0,1,0,9/24/2020 21:16,9175
7,7,1,1,226,230,1997,33.41461591,0,0,0,1,1,1/17/2021 7:45,13094
10,6,2,2,218,224,1549,48.09651495,1,0,0,0,0,2/27/2021 10:30,14502
6,1,9,2,218,227,1533,67.45359157,1,1,0,1,1,9/18/2023 6:42,46448
13,4,4,2,237,239,1693,78.99609977,0,1,0,1,0,4/14/2022 13:15,28581
1,6,5,2,233,237,1644,49.58344618,0,1,0,1,0,5/8/2021 1:56,16887
17,3,6,0,235,236,1872,27.59663994,1,1,1,0,1,6/3/2020 17:36,5300
16,5,1,1,225,233,1613,88.9350564,1,0,1,1,1,1/29/2021 16:54,13518
2,6,4,1,219,225,1681,52.9665701,0,0,0,0,1,4/25/2020 2:36,3943
18,1,9,0,221,222,1647,96.66129005,1,1,1,1,1,9/6/2021 18:56,21055
0,6,2,2,224,231,1669,57.84489411,1,1,0,0,1,2/22/2020 0:08,1782
21,2,8,0,220,224,1536,16.82166811,1,1,1,0,1,8/18/2020 21:20,7908
3,7,1,0,227,232,1820,47.21646111,1,1,1,1,1,1/9/2022 3:00,25313
3,2,9,0,230,233,1896,81.28727344,1,0,1,1,0,9/8/2020 3:42,8602
9,7,1,1,218,225,1753,24.85313679,0,0,1,1,0,1/5/2020 9:49,152
5,2,8,2,231,231,1889,67.45270778,0,0,0,1,0,8/8/2023 5:21,45042
13,6,9,1,218,222,1921,70.52245501,0,0,1,1,0,9/12/2020 13:31,8753
5,4,3,0,228,231,1595,68.05576749,1,1,1,0,0,3/23/2023 5:19,40316
1,6,11,1,231,235,1951,39.53822374,0,0,0,0,1,11/28/2020 1:39,11373
5,2,8,1,222,225,1641,74.14564471,0,1,1,0,1,8/22/2023 5:45,45522
18,5,10,0,223,223,1607,59.7802377,1,1,1,1,1,10/15/2021 18:31,22390
9,1,8,0,230,230,1930,41.20096586,0,1,1,0,0,8/14/2023 9:56,45254
22,1,1,0,219,224,1874,57.51553704,1,0,1,1,0,1/31/2022 22:20,26094
10,7,4,1,218,227,1779,61.7855771,0,0,0,0,1,4/26/2020 10:08,3988
6,5,3,0,229,231,1715,83.64611234,0,1,1,1,0,3/25/2022 6:53,27887
21,2,3,2,224,227,1702,58.11077577,0,1,0,1,0,3/8/2022 21:02,27325
1,4,6,0,217,223,1778,41.00575238,0,1,1,0,0,6/10/2021 1:09,18016
12,4,3,0,236,239,1868,85.57131183,0,1,1,1,0,3/3/2022 12:05,27141
13,6,9,2,230,236,1697,38.53305977,0,1,0,1,0,9/19/2020 13:01,8992
12,6,11,2,231,232,1578,45.91064497,0,0,0,0,0,11/11/2023 12:49,48306
21,7,10,1,221,229,1913,32.35128748,0,0,0,0,1,10/2/2022 21:38,34449
10,1,4,0,237,237,1767,50.41056256,1,0,1,0,0,4/13/2020 10:59,3544
22,6,4,1,220,221,1774,36.96491135,1,0,1,0,1,4/11/2020 22:32,3492
8,3,1,0,227,231,1575,79.56325308,1,1,1,0,1,1/22/2020 8:59,733
23,2,8,1,230,236,1802,72.31117032,1,0,0,1,1,8/22/2023 23:58,45548
13,6,1,0,216,224,1851,98.83703545,1,1,1,0,1,1/18/2020 13:53,603
6,3,3,2,220,227,1730,45.11858352,1,0,0,0,0,3/9/2022 6:51,27339
14,4,4,2,219,227,1709,91.35055721,1,1,0,0,0,4/15/2021 14:19,16117
7,4,10,1,218,223,1736,59.59150141,1,0,1,0,1,10/5/2023 7:59,47032
22,2,11,2,230,236,1813,73.79188398,0,1,0,1,0,11/28/2023 22:30,48902
23,5,3,1,211,220,1687,25.4485508,0,0,1,1,0,3/31/2023 23:33,40616
5,3,8,2,224,230,1908,84.06370927,0,0,0,1,0,8/19/2020 5:02,7919
20,2,11,1,214,223,1722,49.87635868,0,0,1,1,1,11/16/2021 20:01,23488
10,6,5,2,225,232,1602,73.51100385,0,0,0,0,0,5/16/2020 10:12,4673
17,2,11,2,229,238,1807,69.20729296,0,1,0,1,1,11/17/2020 17:34,11019
23,6,6,1,235,237,1707,15.00824221,0,0,1,0,1,6/12/2021 23:14,18116
4,5,5,0,236,236,1898,65.64455061,1,1,1,0,0,5/7/2021 4:55,16857
7,1,4,2,225,234,1762,27.47838795,0,1,0,0,1,4/12/2021 7:07,16004
15,6,2,1,224,233,1690,35.32000575,1,0,1,0,1,2/20/2021 15:54,14270
15,7,1,2,227,234,1712,86.9811388,1,0,0,0,0,1/29/2023 15:51,38516
14,6,3,2,223,231,1966,23.5682775,1,1,0,1,1,3/19/2022 14:14,27692
12,4,5,0,217,224,1924,87.23497546,1,1,1,0,0,5/14/2020 12:39,4608
4,4,1,2,217,223,1651,20.3668522,1,1,0,1,1,1/14/2021 4:04,12986
20,4,12,1,233,238,1741,98.91885052,0,0,0,0,1,12/22/2022 20:59,37222
3,4,5,1,221,225,1673,53.5391881,0,1,1,1,1,5/6/2021 3:41,16821
10,1,7,0,219,226,1874,31.91584202,1,1,1,0,1,7/19/2021 10:33,19365
4,4,9,2,236,239,1598,38.56401679,1,1,0,1,0,9/23/2021 4:47,21617
17,7,3,2,215,221,1850,81.15771627,0,1,0,1,1,3/15/2020 17:22,2560
15,5,1,1,220,227,1993,12.82535267,1,0,0,1,1,1/28/2022 15:08,25981
13,5,8,0,229,232,1678,48.00986178,1,1,1,0,1,8/13/2021 13:15,20225
6,2,11,2,223,232,1551,91.00860178,1,0,0,0,0,11/1/2022 6:39,35455
2,4,8,2,223,230,1555,20.72964276,0,1,0,0,1,8/26/2021 2:36,20655
2,5,8,1,226,228,1902,86.64220483,0,0,1,0,0,8/18/2023 2:56,45381
15,5,12,0,229,234,1583,37.51000269,1,1,1,0,0,12/31/2021 15:04,25022
1,4,11,1,223,223,1923,71.84766749,1,0,1,1,1,11/19/2020 1:48,11065
4,3,12,1,231,236,1560,61.30673913,1,0,1,1,1,12/22/2021 4:42,24699
22,2,10,1,221,222,1902,68.49212486,1,0,1,0,1,10/4/2022 22:41,34519
0,2,11,2,230,236,1915,43.26601323,1,0,0,0,0,11/10/2020 0:33,10755
8,6,5,0,234,239,1983,86.16194181,1,1,1,1,0,5/1/2021 8:03,16656
5,7,9,2,230,237,1917,77.01474078,1,1,0,1,0,9/11/2022 5:38,33707
0,1,5,1,221,225,1869,64.05485226,1,0,1,0,1,5/17/2021 0:23,17193
5,1,3,0,228,228,1893,93.23731635,1,0,1,1,0,3/9/2020 5:06,2337
0,1,5,1,221,224,1838,20.59399808,1,0,0,0,1,5/4/2020 0:21,4248
13,7,3,0,221,230,1909,23.44417168,1,1,1,1,1,3/28/2021 13:12,15499
1,4,2,2,211,220,1641,44.33427343,1,1,0,0,1,2/17/2022 1:11,26646
16,2,1,0,220,226,1616,91.76065628,1,1,1,0,0,1/18/2022 16:52,25641
16,1,8,1,232,237,1598,76.08831288,0,1,1,0,1,8/14/2023 16:56,45264
7,7,11,2,229,231,1555,38.53455833,1,1,0,0,1,11/6/2022 7:54,35628
17,5,10,2,234,238,1643,62.53376137,1,1,0,1,0,10/8/2021 17:37,22149
20,2,8,1,228,228,1750,65.12315451,0,0,1,0,0,8/23/2022 20:07,33077
10,6,3,1,237,237,1561,62.43526911,1,0,1,0,1,3/4/2023 10:41,39673
7,5,3,1,215,221,1616,64.61978205,1,0,0,0,1,3/3/2023 7:21,39634
18,4,5,2,228,234,1574,55.35422119,0,1,0,1,1,5/14/2020 18:57,4617
1,5,11,2,218,220,1505,29.81853888,1,1,0,1,0,11/27/2020 1:49,11339
1,3,8,2,236,239,1860,90.72733856,1,1,0,0,0,8/4/2021 1:29,19900
16,3,3,2,218,222,1982,95.56485408,0,1,0,1,0,3/16/2022 16:51,27593
13,2,4,2,224,230,1572,70.96942852,0,0,0,1,0,4/19/2022 13:48,28753
0,1,10,0,231,239,1785,83.07316031,1,0,1,1,0,10/17/2022 0:50,34933
3,4,4,1,228,233,1786,70.72247848,0,0,1,0,0,4/22/2021 3:18,16341
18,4,8,0,220,225,1716,33.78213635,1,1,1,0,0,8/20/2020 18:53,7973
15,4,7,1,225,229,1761,51.1613994,0,0,0,1,1,7/8/2021 15:15,18995
18,3,3,0,212,220,1629,56.86283692,1,1,1,1,1,3/22/2023 18:48,40301
7,2,4,0,227,227,1718,65.12178057,1,0,1,0,0,4/4/2023 7:27,40730
7,5,7,2,225,229,1932,68.20222247,0,0,0,1,0,7/2/2021 7:53,18779
21,3,1,0,219,226,1658,75.34767562,1,1,1,0,0,1/6/2021 21:34,12737
3,6,10,2,235,237,1868,73.12468513,0,1,0,1,0,10/21/2023 3:49,47574
0,5,8,2,217,220,1938,65.49235338,0,1,0,0,0,8/28/2020 0:41,8221
4,5,4,2,226,231,1965,25.59371375,1,0,0,1,0,4/2/2021 4:38,15658
19,4,8,1,231,234,1835,78.04368148,1,0,1,0,1,8/20/2020 19:35,7974
6,7,2,2,223,223,1858,79.092669,1,1,0,0,1,2/19/2023 6:37,39222
1,3,10,1,231,235,1616,51.90950963,0,0,1,1,1,10/25/2023 1:44,47708
20,1,1,1,231,238,1778,97.21327606,0,1,1,0,1,1/27/2020 20:02,920
12,2,7,1,228,229,1837,48.07902481,0,0,0,0,1,7/20/2021 12:29,19402
3,6,11,2,233,233,1892,33.16273525,1,1,0,0,1,11/18/2023 3:12,48532
14,4,10,1,224,226,1559,61.96116195,0,1,1,0,1,10/12/2023 14:29,47281
6,1,8,0,217,226,1757,79.21605137,1,0,1,1,0,8/23/2021 6:38,20558
2,3,4,1,228,237,1843,53.60476055,1,0,1,0,1,4/19/2023 2:46,41237
15,6,2,1,233,233,1824,32.88843015,1,0,0,0,1,2/4/2023 15:31,38721
6,3,3,2,231,233,1766,39.33315115,1,1,0,1,1,3/29/2023 6:23,40523
7,7,3,0,235,236,1916,67.62360658,1,0,1,1,0,3/21/2021 7:24,15251
1,3,11,2,227,233,1691,43.40444643,1,1,0,0,0,11/3/2021 1:56,23017
4,1,7,1,227,229,1882,63.22039486,0,1,1,0,1,7/6/2020 4:13,6411
10,5,2,1,218,224,1580,43.4964781,0,0,1,1,1,2/21/2020 10:08,1762
4,2,5,2,219,220,1674,83.59321526,0,1,0,1,0,5/26/2020 4:16,5007
11,6,10,2,239,239,1526,59.39403392,1,1,0,1,0,10/24/2020 11:53,10189
19,3,6,0,220,222,1553,98.83831786,1,1,1,1,0,6/7/2023 19:33,42939
20,6,9,2,230,231,1698,99.33508018,0,1,0,1,0,9/2/2023 20:40,45920
19,6,4,2,231,237,1511,84.61512597,1,1,0,0,1,4/3/2021 19:11,15713
23,2,10,1,218,225,1951,83.82473551,0,0,0,0,1,10/19/2021 23:26,22534
6,2,9,0,225,231,1846,15.62725773,1,1,1,0,0,9/14/2021 6:20,21311
1,5,1,2,229,232,1742,53.50241831,1,1,0,1,1,1/15/2021 1:05,13016
23,3,8,1,231,234,1882,53.05855955,0,0,1,1,0,8/23/2023 23:06,45581
19,6,1,1,234,235,1540,73.98233763,1,0,0,1,1,1/23/2021 19:20,13316
14,6,7,0,234,237,1748,82.36715906,1,1,1,0,1,7/1/2023 14:42,43754
12,3,12,2,222,222,1554,71.81310946,1,1,0,0,1,12/1/2021 12:31,23991
1,5,4,1,230,235,1652,42.41376102,1,0,1,1,1,4/7/2023 1:19,40824
8,2,7,1,223,232,1736,56.93865415,0,0,0,0,1,7/28/2020 8:50,7171
5,3,9,0,214,223,1963,43.81400517,1,1,1,0,0,9/23/2020 5:19,9118
0,6,1,1,232,238,1931,53.9024581,1,0,0,1,1,1/28/2023 0:36,38460
7,2,10,0,212,221,1585,92.84032684,1,1,1,1,1,10/13/2020 7:28,9806
11,3,3,2,227,231,1980,68.35203548,0,0,0,1,0,3/10/2021 11:24,14880
5,2,1,1,215,221,1937,59.98286565,0,0,0,1,1,1/10/2023 5:48,37851
8,7,7,1,227,234,1968,35.36505404,0,0,1,1,1,7/12/2020 8:05,6622
3,1,3,1,228,234,1851,19.05368144,0,0,0,1,1,3/7/2022 3:41,27266
13,7,5,0,234,235,1548,52.09464934,1,0,1,0,0,5/23/2021 13:22,17417
4,2,6,2,225,226,1791,19.63821181,0,1,0,0,0,6/8/2021 4:18,17952
3,3,11,0,232,233,1593,75.09279028,0,1,1,0,0,11/4/2020 3:41,10554
0,3,9,1,219,222,1950,31.24328084,0,0,1,0,0,9/29/2021 0:57,21817
6,4,11,0,217,220,1991,30.30372688,0,1,1,0,0,11/25/2021 6:33,23777
10,1,11,0,214,220,1989,39.81834832,1,1,1,0,0,11/15/2021 10:22,23440
5,5,9,2,221,223,1749,93.38030456,1,1,0,0,0,9/16/2022 5:28,33878
20,6,12,0,222,228,1706,41.36169102,1,1,1,1,0,12/11/2021 20:36,24345
1,3,1,0,230,231,1984,11.06022869,1,0,1,0,0,1/27/2021 1:07,13427
3,7,1,2,231,237,1728,44.41188214,0,0,0,0,0,1/24/2021 3:02,13327
0,1,7,1,219,221,1606,67.20634901,1,0,0,0,1,7/11/2022 0:54,31577
13,6,7,0,229,231,1892,12.41139808,1,0,1,1,0,7/30/2022 13:02,32245
19,7,4,1,213,221,1798,54.81597914,0,1,1,0,1,4/18/2021 19:24,16227
13,6,10,1,226,227,1872,28.42279965,0,1,1,0,1,10/22/2022 13:17,35122
17,6,9,1,224,226,1613,50.93721595,1,0,0,1,1,9/19/2020 17:55,8999
8,5,9,2,226,231,1686,31.96409567,1,1,0,0,0,9/1/2023 8:14,45868
11,7,4,2,228,230,1761,91.50550302,1,1,0,0,1,4/10/2022 11:51,28442
1,2,4,1,231,237,1643,22.46612084,0,0,0,1,1,4/20/2021 1:32,16270
1,1,2,0,237,239,1781,12.53190523,1,1,1,1,1,2/22/2021 1:33,14318
12,4,10,2,218,224,1652,94.03999402,1,1,0,1,0,10/1/2020 12:21,9402
11,4,10,2,236,237,1656,12.11030816,1,1,0,0,0,10/27/2022 11:01,35290
23,1,11,2,212,220,1595,63.91210998,0,0,0,0,0,11/28/2022 23:01,36403
4,5,11,0,215,222,1846,98.82359141,1,1,1,1,0,11/11/2022 4:14,35794
8,3,7,1,214,223,1629,96.03234261,0,0,0,0,1,7/29/2020 8:39,7205
10,6,10,0,230,239,1618,46.86182775,0,1,1,0,0,10/10/2020 10:48,9708
8,7,10,2,233,234,1918,23.92910644,0,0,0,1,0,10/9/2022 8:31,34670
18,7,5,1,219,226,1989,70.99781498,0,0,1,0,0,5/15/2022 18:26,29650
15,6,11,1,227,235,1523,89.65916618,0,0,0,0,1,11/18/2023 15:07,48549
0,4,12,2,231,233,1698,57.29301747,1,1,0,0,0,12/17/2020 0:29,12022
21,4,5,0,214,222,1523,82.04963944,0,1,1,1,0,5/4/2023 21:12,41777
18,5,10,0,226,235,1740,59.7725199,0,1,1,0,0,10/27/2023 18:54,47801
0,1,6,1,223,229,1620,66.30161049,0,0,1,0,1,6/26/2023 0:51,43563
4,3,1,1,221,222,1736,72.92267493,1,0,0,1,1,1/22/2020 4:05,726
13,3,2,2,226,229,1828,44.43001348,0,1,0,0,1,2/26/2020 13:28,1938
15,2,6,0,226,229,1845,70.55027267,1,0,1,1,0,6/29/2021 15:24,18687
11,3,9,1,213,220,1986,51.14084645,1,0,1,1,1,9/9/2020 11:56,8648
10,5,4,1,236,236,1780,39.56478067,0,0,1,1,0,4/17/2020 10:59,3681
14,5,7,2,215,223,1994,37.48362495,1,1,0,0,1,7/3/2020 14:32,6323
23,1,6,1,232,238,1647,34.93182113,1,0,0,1,1,6/26/2023 23:59,43596
8,5,8,2,219,228,1623,84.86333045,0,1,0,0,0,8/19/2022 8:11,32923
13,1,4,0,218,224,1894,45.51365038,0,1,1,0,0,4/5/2021 13:14,15773
0,4,7,0,223,230,1530,84.59160816,1,1,1,1,0,7/7/2022 0:53,31440
4,1,7,1,223,224,1894,14.52007132,1,0,1,0,1,7/12/2021 4:03,19116
7,1,9,2,224,227,1671,13.94062068,0,0,0,1,0,9/4/2023 7:01,45969
15,5,8,2,233,237,1511,27.67774789,1,1,0,1,0,8/25/2023 15:02,45638
15,2,10,2,218,222,1828,53.11317589,1,1,0,0,0,10/6/2020 15:41,9578
3,4,9,2,220,227,1595,47.02620662,0,0,0,0,0,9/16/2021 3:53,21376
12,7,1,1,226,228,1758,65.69996397,0,0,1,1,0,1/26/2020 12:30,875
16,6,3,2,221,221,1772,80.35589024,1,1,0,1,1,3/25/2023 16:53,40401
12,6,12,2,220,225,1544,91.03173573,1,1,0,1,1,12/5/2020 12:21,11628
11,2,3,1,226,229,1846,11.78194344,1,0,1,1,1,3/9/2021 11:35,14846
14,2,1,1,234,237,1735,20.49300354,0,1,1,0,1,1/21/2020 14:46,707
16,6,1,1,228,230,1639,35.33439849,0,0,1,0,1,1/14/2023 16:20,38003
7,5,11,2,219,222,1776,21.13161218,1,0,0,1,0,11/27/2020 7:26,11347
4,2,3,0,228,234,1796,60.13116023,0,1,1,0,0,3/2/2021 4:22,14596
18,2,9,1,231,231,1540,78.59172869,0,1,1,1,1,9/12/2023 18:57,46260
10,2,8,0,220,221,1718,30.27698378,1,1,1,0,0,8/10/2021 10:16,20118
2,3,4,2,223,231,1859,81.90615615,0,1,0,1,0,4/28/2021 2:58,16546
3,1,3,2,222,228,1706,24.02952706,0,0,0,1,0,3/16/2020 3:53,2575
7,4,11,1,224,231,1625,21.52844638,1,0,0,0,1,11/16/2023 7:45,48470
14,6,5,0,217,220,1701,50.76975339,1,0,1,1,0,5/13/2023 14:44,42076
20,3,7,1,237,237,1769,59.69829037,0,0,1,1,1,7/6/2022 20:41,31434
1,3,4,1,231,231,1723,35.41729299,0,0,1,1,1,4/19/2023 1:21,41235
17,5,3,1,229,230,1742,43.62972829,0,0,0,1,1,3/20/2020 17:55,2732
14,7,3,0,234,237,1889,44.88322383,1,1,1,0,0,3/28/2021 14:37,15501
21,4,4,2,224,233,1848,81.4092264,1,0,0,0,0,4/28/2022 21:21,29072
15,7,8,2,225,228,1667,69.53581525,0,0,0,0,0,8/28/2022 15:45,33242
16,1,10,1,236,236,1782,25.76428675,0,0,1,0,0,10/19/2020 16:57,10025
1,2,10,1,225,232,1864,56.55527871,0,0,1,1,0,10/4/2022 1:40,34489
11,6,1,2,221,230,1994,37.53246663,1,0,0,1,0,1/18/2020 11:05,599
21,3,10,2,216,220,1854,91.9138451,0,1,0,0,0,10/6/2021 21:28,22086
16,6,1,1,227,234,1524,71.6384706,0,1,1,0,1,1/4/2020 16:18,127
21,7,4,1,230,233,1594,99.93016827,1,0,1,0,1,4/24/2022 21:21,28935
4,6,10,1,217,226,1780,66.57480779,0,1,1,1,1,10/17/2020 4:41,9939
8,4,1,2,232,234,1940,96.91843717,0,1,0,0,0,1/12/2023 8:16,37923
3,3,7,1,216,222,1954,14.98852508,0,0,0,0,1,7/7/2021 3:31,18944
21,5,3,1,230,237,1912,63.03083783,1,0,0,1,1,3/27/2020 21:37,2977
20,5,3,2,226,234,1648,84.30658123,0,1,0,1,0,3/4/2022 20:19,27187
5,7,10,0,221,225,1535,39.28449484,1,0,1,0,0,10/22/2023 5:03,47610
23,4,3,2,224,224,1520,66.41694711,1,1,0,0,0,3/3/2022 23:18,27157
4,4,4,2,234,238,1758,34.27169462,1,1,0,0,1,4/20/2023 4:41,41274
1,4,11,2,225,227,1538,58.98938552,1,0,0,1,0,11/17/2022 1:05,35995
15,7,5,2,223,224,1978,60.13737896,0,1,0,0,0,5/24/2020 15:49,4955
23,2,10,2,223,223,1626,41.59363903,0,0,0,0,0,10/5/2021 23:03,22054
0,3,12,2,230,232,1701,47.81098753,1,1,0,0,0,12/9/2020 0:27,11748
1,6,5,1,228,229,1649,15.54555831,0,0,1,1,1,5/23/2020 1:59,4901
16,5,9,0,228,228,1609,25.3340949,0,1,1,1,0,9/10/2021 16:50,21189
11,3,12,1,219,228,1629,38.4761758,0,0,0,0,1,12/2/2020 11:28,11524
21,7,11,1,220,221,1768,10.43133975,0,0,1,0,0,11/15/2020 21:25,10956
18,2,7,2,233,235,1791,97.25177413,0,1,0,1,0,7/7/2020 18:03,6465
2,4,1,2,222,222,1972,40.36152373,1,1,0,1,1,1/6/2022 2:07,25209
2,2,8,1,221,222,1888,92.88896496,0,0,1,0,0,8/24/2021 2:57,20587
22,3,1,1,222,229,1946,19.34589769,1,0,0,1,1,1/19/2022 22:18,25683
6,6,11,1,214,223,1810,16.32080558,0,0,1,0,0,11/26/2022 6:33,36311
12,2,11,1,220,221,1689,31.9133222,0,1,1,0,1,11/8/2022 12:27,35703
0,5,11,0,235,235,1659,56.00183925,1,0,1,0,0,11/12/2021 0:23,23323
21,4,7,1,230,235,1685,33.9625513,0,0,1,1,1,7/2/2020 21:43,6299
19,5,2,0,221,228,1794,84.58455793,1,1,1,0,0,2/18/2022 19:56,26707
18,6,2,2,221,228,1523,97.02538208,0,0,0,0,0,2/6/2021 18:19,13794
1,7,1,2,236,237,1959,20.79379521,0,0,0,0,0,1/19/2020 1:48,620
0,4,1,0,226,230,1788,70.83541689,1,0,1,0,0,1/6/2022 0:43,25207
23,2,11,2,232,238,1683,10.22813013,0,1,0,1,0,11/24/2020 23:22,11267
1,6,3,2,230,230,1507,73.41872088,1,1,0,1,0,3/18/2023 1:16,40139
6,4,4,2,230,232,1744,97.93528212,1,0,0,1,0,4/16/2020 6:57,3641
8,1,11,2,233,239,1797,76.997038,0,1,0,0,1,11/21/2022 8:07,36142
3,6,7,0,233,239,1591,39.88176134,1,1,1,0,0,7/30/2022 3:14,32231
5,6,2,1,225,233,1980,77.82790269,0,0,0,0,1,2/4/2023 5:00,38706
21,2,2,1,220,223,1743,75.90269127,0,0,1,1,0,2/11/2020 21:40,1436
21,4,5,2,235,239,1888,75.2387387,1,0,0,1,0,5/4/2023 21:54,41778
2,2,8,2,224,224,1652,74.06340708,1,1,0,1,1,8/1/2023 2:21,44798
7,7,12,1,215,220,1642,99.36241217,0,0,0,0,1,12/6/2020 7:59,11656
18,3,7,2,222,227,1674,10.60786276,1,0,0,0,0,7/27/2022 18:28,32150
23,7,4,2,231,239,1832,43.99084604,1,0,0,0,0,4/10/2022 23:45,28459
23,1,11,2,220,226,1629,94.59069051,0,1,0,0,1,11/2/2020 23:39,10514
2,1,10,1,238,238,1535,89.93730955,0,0,0,1,1,10/2/2023 2:11,46921
3,3,8,2,219,223,1530,48.55714732,1,0,0,0,0,8/26/2020 3:08,8156
7,4,9,2,222,227,1670,98.93647267,0,1,0,1,1,9/29/2022 7:26,34326
3,6,10,1,217,226,1623,58.74069328,0,0,0,0,1,10/1/2022 3:35,34389
8,2,7,1,232,234,1622,95.58298825,0,0,1,0,1,7/25/2023 8:28,44567
2,4,11,0,222,224,1708,66.40435202,0,1,1,1,0,11/18/2021 2:51,23532
4,4,7,2,216,221,1733,15.32649824,0,1,0,0,1,7/23/2020 4:05,6993
17,3,8,2,227,234,1873,80.53245276,1,1,0,0,1,8/12/2020 17:27,7697
1,3,3,1,226,235,1645,98.75914232,0,1,1,0,1,3/10/2021 1:36,14866
15,2,10,2,218,225,1572,49.44250659,0,0,0,1,0,10/20/2020 15:23,10057
17,4,7,0,215,221,1976,87.30029345,1,1,1,1,1,7/7/2022 17:42,31464
8,6,8,1,220,222,1755,44.32362589,0,1,1,1,1,8/22/2020 8:01,8026
13,4,3,2,228,233,1732,62.15619326,0,0,0,0,0,3/4/2021 13:08,14677
4,4,1,0,219,227,1816,57.76604612,1,0,1,1,0,1/21/2021 4:15,13226
18,4,2,2,215,220,1940,93.1266771,1,1,0,0,0,2/10/2022 18:30,26431
1,7,8,1,219,227,1731,78.0105713,0,0,0,1,1,8/21/2022 1:32,32982
18,5,7,0,232,235,1571,32.12297123,1,1,1,0,0,7/3/2020 18:45,6329
20,5,8,1,228,237,1913,89.85789987,1,0,0,1,1,8/6/2021 20:04,19995
17,4,9,0,230,234,1837,38.51055633,1,1,1,1,0,9/3/2020 17:10,8450
1,7,6,2,232,234,1766,63.77841136,0,1,0,0,0,6/27/2021 1:02,18598
14,4,3,2,219,228,1673,39.01011441,1,0,0,1,0,3/5/2020 14:54,2214
0,6,10,2,221,223,1649,62.16741432,0,1,0,0,1,10/24/2020 0:40,10173
5,3,11,1,212,220,1553,33.29450933,1,0,1,0,1,11/11/2020 5:17,10796
9,1,3,1,232,233,1792,50.10460122,0,0,1,1,0,3/14/2022 9:29,27514
19,6,6,0,223,225,1956,86.40901429,1,1,1,0,1,6/13/2020 19:23,5645
2,7,9,1,215,223,1999,38.80836848,0,0,1,1,1,9/6/2020 2:38,8532
8,5,3,1,227,232,1611,53.63538186,1,0,0,0,1,3/12/2021 8:57,14945
21,2,1,2,229,235,1994,55.54398254,1,0,0,1,0,1/28/2020 21:58,957
1,6,12,0,224,227,1893,80.49510824,1,1,1,0,0,12/25/2021 1:23,24797
10,6,7,0,223,225,1891,60.40008481,0,1,1,1,0,7/25/2020 10:45,7071
11,3,1,2,223,231,1913,25.70595256,1,0,0,0,0,1/22/2020 11:05,736
9,1,10,2,226,226,1731,79.91640272,1,0,0,1,0,10/16/2023 9:35,47411
1,4,10,1,214,220,1775,48.28944887,0,1,1,1,1,10/27/2022 1:54,35277
5,7,8,0,222,230,1840,60.08351188,1,0,1,1,0,8/2/2020 5:10,7337
6,1,10,0,217,225,1662,13.77482525,0,1,1,0,0,10/4/2021 6:24,21996
18,3,12,2,228,228,1844,60.71703344,1,1,0,0,0,12/1/2021 18:08,23999
1,3,6,0,233,235,1648,74.86548175,1,1,1,0,0,6/17/2020 1:11,5756
20,4,1,0,224,224,1934,62.48547,1,0,1,0,0,1/23/2020 20:44,784
8,6,2,1,230,230,1696,20.07054297,1,0,0,1,1,2/4/2023 8:30,38711
4,6,3,2,227,228,1804,14.79358369,1,1,0,1,0,3/14/2020 4:14,2507
16,7,10,2,217,222,1704,55.39051964,1,1,0,0,1,10/18/2020 16:25,9990
19,1,11,1,237,237,1573,51.58679375,1,0,1,0,1,11/15/2021 19:29,23453
17,2,3,1,233,234,1597,41.68554503,0,1,1,1,1,3/17/2020 17:02,2628
14,6,6,0,222,226,1690,47.98643737,1,1,1,1,1,6/11/2022 14:28,30569
9,2,11,1,225,229,1502,68.12590149,0,0,0,0,1,11/3/2020 9:28,10528
13,3,8,2,221,223,1595,13.48661371,1,1,0,1,1,8/3/2022 13:03,32382
10,5,5,2,215,221,1637,32.41445968,0,1,0,1,1,5/8/2020 10:10,4399
18,2,3,1,231,234,1597,99.66241365,0,1,1,0,1,3/7/2023 18:35,39787
15,4,3,2,217,223,1693,12.04464305,0,0,0,1,0,3/31/2022 15:40,28105
21,2,4,1,215,222,1580,97.36648156,1,0,0,1,1,4/28/2020 21:42,4073
20,2,9,0,229,233,1994,53.53330856,1,1,1,0,0,9/26/2023 20:02,46741
11,2,9,2,225,226,1816,88.02438163,0,1,0,0,0,9/7/2021 11:45,21079
10,3,5,2,235,237,1570,49.51832162,1,1,0,1,0,5/5/2021 10:52,16797
6,7,6,2,228,235,1812,46.39634957,0,1,0,1,0,6/28/2020 6:17,6140
7,7,12,1,226,227,1922,46.74493614,0,0,0,1,1,12/4/2022 7:58,36587
12,2,8,2,225,231,1646,30.64671737,1,1,0,0,0,8/24/2021 12:46,20601
18,3,10,1,218,220,1687,66.83810366,0,1,1,1,1,10/7/2020 18:19,9616
18,4,10,1,222,225,1663,80.16386317,0,1,1,0,1,10/6/2022 18:08,34581
13,6,10,1,228,236,1789,81.52504347,0,1,1,0,1,10/2/2021 13:45,21938
11,1,4,2,236,237,1836,30.4197422,0,1,0,1,0,4/5/2021 11:50,15771
11,4,6,2,213,222,1868,16.20415051,1,1,0,0,1,6/18/2020 11:31,5805
10,5,10,2,230,233,1622,98.72385411,0,0,0,0,0,10/22/2021 10:18,22618
14,7,3,1,228,229,1715,46.24679277,0,1,1,1,1,3/21/2021 14:25,15261
13,3,1,2,218,221,1723,95.87465971,1,1,0,1,1,1/6/2021 13:09,12725
17,5,10,0,227,230,1819,72.20825989,1,1,1,0,0,10/6/2023 17:37,47080
11,4,3,0,232,239,1794,24.63407789,0,1,1,1,0,3/9/2023 11:14,39845
6,1,3,2,227,232,1632,78.02358897,1,1,0,0,1,3/1/2021 6:39,14565
21,6,2,0,221,228,1646,76.95414841,0,1,1,1,0,2/29/2020 21:22,2052
0,1,6,2,230,238,1748,36.3453651,0,1,0,0,1,6/5/2023 0:16,42843
11,5,5,2,233,234,1990,24.97142377,0,1,0,1,1,5/12/2023 11:25,42037
0,5,11,2,221,226,1996,99.08748423,1,0,0,1,0,11/13/2020 0:44,10858
18,4,8,1,235,237,1712,42.32822768,0,0,0,1,1,8/27/2020 18:23,8212
22,3,2,2,216,225,1520,94.34431496,0,1,0,0,0,2/16/2022 22:23,26642
5,2,10,1,236,239,1709,72.21344906,1,0,0,0,1,10/17/2023 5:12,47439
23,5,1,1,230,239,1957,94.28083379,0,0,1,1,1,1/15/2021 23:31,13048
8,7,5,2,229,232,1539,73.77908806,0,0,0,1,0,5/17/2020 8:37,4705
11,1,2,0,228,237,1891,57.98120817,1,1,1,0,0,2/8/2021 11:40,13853
8,4,7,0,221,230,1514,75.79807267,1,1,1,1,0,7/8/2021 8:15,18985
17,2,1,1,223,223,1770,61.07088966,1,0,1,1,1,1/18/2022 17:34,25642
9,7,1,2,226,228,1959,60.61031615,0,1,0,0,0,1/1/2023 9:27,37548
23,1,4,1,226,232,1548,81.09372109,1,0,0,1,1,4/5/2021 23:03,15787
21,5,1,1,229,229,1669,43.55101847,1,0,0,0,1,1/21/2022 21:57,25751
6,5,3,1,219,228,1676,84.29119354,0,1,1,0,1,3/18/2022 6:42,27647
18,2,7,0,233,235,1524,96.84759206,0,1,1,0,0,7/5/2022 18:45,31397
23,4,9,2,217,226,1894,41.3935963,1,0,0,1,0,9/10/2020 23:40,8699
22,3,7,2,214,221,1799,93.2007136,0,1,0,0,0,7/28/2021 22:19,19690
11,2,3,2,229,236,1730,96.24360148,0,1,0,1,0,3/3/2020 11:02,2140
22,1,11,0,227,236,1594,96.26705067,1,1,1,0,1,11/23/2020 22:08,11231
15,5,8,0,218,227,1854,18.55413736,1,0,1,1,0,8/6/2021 15:52,19989
15,6,4,1,220,220,1630,46.94917004,0,0,0,1,1,4/23/2022 15:55,28893
2,2,5,0,226,230,1983,61.6018733,0,1,1,0,0,5/2/2023 2:37,41682
6,5,11,1,227,228,1689,66.0293407,1,0,1,0,1,11/17/2023 6:10,48502
8,2,11,1,216,223,1534,51.25223551,0,0,1,0,0,11/22/2022 8:38,36177
3,3,11,2,230,232,1839,75.3152391,0,1,0,0,1,11/9/2022 3:52,35725
1,6,1,2,230,233,1766,71.24798607,0,1,0,1,1,1/28/2023 1:18,38461
9,2,3,1,222,230,1518,64.05538933,1,0,0,0,1,3/15/2022 9:19,27548
13,1,11,1,225,229,1785,94.82733244,0,0,0,1,1,11/1/2021 13:29,22965
20,3,7,2,229,230,1716,98.40267012,1,0,0,0,0,7/13/2022 20:10,31673
21,5,3,0,232,232,1931,12.13328054,1,0,1,1,0,3/13/2020 21:13,2497
23,1,1,0,231,234,1549,19.65021597,1,1,1,0,1,1/2/2023 23:18,37602
15,1,4,0,215,220,1722,70.73223713,1,1,1,0,0,4/11/2022 15:10,28481
14,5,12,0,214,222,1892,31.49139335,0,1,1,0,0,12/25/2020 14:31,12316
10,3,6,2,227,227,1763,52.30330887,0,0,0,1,0,6/2/2021 10:57,17756
14,7,11,2,219,220,1823,72.42724156,0,1,0,1,1,11/13/2022 14:24,35877
17,5,9,2,217,222,1818,87.30280187,1,0,0,0,0,9/2/2022 17:42,33416
22,5,9,0,221,228,1887,23.28939379,1,1,1,1,0,9/9/2022 22:06,33662
19,1,9,2,233,233,1579,35.76092532,0,1,0,0,0,9/11/2023 19:07,46226
22,4,10,2,236,236,1567,73.92499324,1,1,0,1,0,10/27/2022 22:56,35307
2,2,10,0,221,225,1750,28.99776045,1,0,1,0,0,10/31/2023 2:48,47915
14,5,7,2,230,236,1723,30.49155493,1,0,0,1,0,7/24/2020 14:25,7042
21,3,10,2,232,235,1824,34.59423911,1,1,0,1,0,10/26/2022 21:00,35270
13,4,1,2,229,235,1845,55.35370512,1,1,0,0,0,1/20/2022 13:01,25704
9,4,10,1,212,220,1905,87.00632163,0,0,1,0,0,10/29/2020 9:37,10357
20,1,11,2,214,222,1835,56.44673279,0,1,0,0,0,11/29/2021 20:34,23934
22,7,3,2,217,222,1748,36.75794031,0,0,0,1,0,3/22/2020 22:29,2807
11,7,9,1,219,227,1673,99.76750001,0,1,1,1,1,9/13/2020 11:14,8784
20,6,1,1,224,231,1968,75.97980372,1,0,1,0,1,1/21/2023 20:02,38248
21,5,4,2,223,228,1802,80.43141068,0,1,0,0,1,4/2/2021 21:27,15682
14,1,6,0,222,230,1535,31.75982778,1,1,1,1,0,6/15/2020 14:50,5707
15,5,11,2,231,238,1766,71.14578669,0,1,0,0,1,11/13/2020 15:27,10879
22,4,8,0,234,235,1553,56.27402639,1,1,1,1,1,8/12/2021 22:32,20204
23,4,4,1,224,225,1913,24.4824325,1,0,0,1,1,4/1/2021 23:44,15651
12,6,2,2,222,229,1765,70.85182187,1,1,0,1,1,2/8/2020 12:22,1320
4,4,9,0,213,222,1908,90.67755456,0,1,1,0,0,9/14/2023 4:35,46308
2,5,9,2,231,237,1933,96.82378445,1,1,0,1,0,9/23/2022 2:10,34113
0,6,2,1,227,234,1976,84.42152834,0,1,1,1,1,2/19/2022 0:08,26713
4,7,11,0,233,235,1587,66.96662487,1,1,1,1,0,11/5/2023 4:44,48089
11,4,7,2,213,221,1902,56.1795971,1,1,0,0,1,7/21/2022 11:05,31934
22,7,3,0,220,221,1645,56.24671244,1,1,1,0,0,3/20/2022 22:28,27738
3,3,10,2,225,226,1950,71.60865676,0,1,0,0,1,10/28/2020 3:29,10314
4,5,7,0,231,232,1668,61.22973093,1,0,1,0,0,7/30/2021 4:27,19733
1,3,5,2,229,230,1701,45.91662537,0,0,0,1,0,5/12/2021 1:15,17023
23,4,1,1,217,223,1906,41.45339189,1,0,1,1,1,1/7/2021 23:29,12774
1,6,5,0,219,223,1627,89.07925424,1,0,1,0,0,5/8/2021 1:14,16886
14,2,10,2,227,230,1949,98.99194263,0,1,0,1,0,10/11/2022 14:29,34747
20,6,5,0,234,234,1958,77.13549081,1,1,1,1,0,5/16/2020 20:00,4687
4,1,1,0,224,230,1913,15.63377739,1,1,1,0,1,1/18/2021 4:04,13123
16,3,4,1,221,229,1940,82.15884377,0,0,0,0,1,4/21/2021 16:05,16325
16,4,3,0,226,229,1868,67.54670355,1,1,1,1,1,3/25/2021 16:32,15401
6,6,8,0,231,236,1759,42.97962518,1,1,1,0,0,8/29/2020 6:49,8264
22,2,3,1,224,230,1741,49.34602902,0,0,1,1,1,3/14/2023 22:17,40032
10,7,9,0,229,236,1502,38.24518459,1,1,1,0,1,9/3/2023 10:41,45940
20,6,7,0,224,231,1525,78.78559837,1,1,1,0,0,7/25/2020 20:33,7085
23,4,6,0,220,228,1876,47.32289969,1,1,1,0,1,6/8/2023 23:35,42979
14,3,2,2,219,228,1590,48.63151826,0,0,0,0,0,2/22/2023 14:31,39336
7,4,12,1,233,238,1639,87.64448748,0,0,0,0,1,12/1/2022 7:05,36483
1,6,7,2,221,224,1844,51.54485057,1,1,0,0,0,7/23/2022 1:38,31989
19,7,1,1,221,221,1848,44.4828444,1,0,1,1,1,1/26/2020 19:31,885
16,3,3,2,224,226,1739,30.518865,1,1,0,1,1,3/4/2020 16:28,2182
13,4,9,1,222,228,1623,93.9839374,0,0,1,1,1,9/8/2022 13:51,33616
4,5,5,2,231,233,1834,18.45920039,0,0,0,0,0,5/26/2023 4:48,42507
6,4,6,1,229,234,1633,79.55578708,0,0,1,0,0,6/17/2021 6:15,18263
14,3,6,0,211,220,1857,26.79433731,1,1,1,0,0,6/14/2023 14:50,43172
22,1,3,2,217,221,1674,89.74426563,0,1,0,0,1,3/20/2023 22:39,40238
16,7,3,0,224,229,1900,90.10325016,1,1,1,1,1,3/13/2022 16:40,27490
21,2,5,0,227,236,1737,21.65103172,1,0,1,0,0,5/12/2020 21:24,4552
18,1,6,1,236,238,1563,65.46854278,0,0,1,1,1,6/5/2023 18:29,42869
23,4,9,2,223,228,1871,84.27001013,1,1,0,0,0,9/8/2022 23:40,33630
0,5,6,0,224,232,1837,18.19752019,1,1,1,0,1,6/19/2020 0:08,5823
15,2,2,0,233,233,1956,74.6150161,0,1,1,0,0,2/14/2023 15:53,39064
6,6,8,1,229,234,1622,65.74673318,1,0,1,0,1,8/6/2022 6:14,32475
18,2,3,0,233,236,1748,98.09590597,1,1,1,0,0,3/23/2021 18:16,15335
5,7,4,1,227,230,1572,20.008929,0,0,0,1,1,4/9/2023 5:53,40899
1,2,10,2,223,232,1772,31.96535731,0,1,0,1,0,10/25/2022 1:33,35208
19,3,9,1,228,233,1867,45.25316415,0,1,1,0,1,9/21/2022 19:19,34069
6,2,9,0,230,233,1528,36.50314243,1,1,1,0,0,9/26/2023 6:43,46722
12,1,6,1,223,226,1919,37.67145931,0,0,1,0,1,6/14/2021 12:23,18169
22,1,1,1,226,232,1783,86.4030124,1,0,0,0,1,1/17/2022 22:39,25615
11,1,8,2,225,227,1579,67.73106141,0,1,0,0,1,8/30/2021 11:02,20804
14,2,9,1,224,226,1881,47.66079786,1,0,1,1,1,9/7/2021 14:33,21083
11,6,1,1,234,238,1992,38.69571195,0,1,1,0,1,1/29/2022 11:28,26010
17,6,3,1,228,229,1595,88.45895716,0,1,1,1,1,3/11/2023 17:11,39922
19,7,1,2,224,232,1693,68.99995032,0,1,0,0,0,1/2/2022 19:37,25097
3,3,8,2,214,222,1968,23.61468439,0,1,0,1,0,8/25/2021 3:29,20622
6,3,5,2,227,229,1605,61.54552634,1,0,0,1,0,5/27/2020 6:54,5045
5,7,9,2,227,233,1783,82.89521036,0,1,0,1,1,9/26/2021 5:40,21721
18,7,5,0,232,233,1936,14.62168896,1,1,1,0,0,5/30/2021 18:28,17664
16,5,10,2,220,228,1618,21.6398521,0,0,0,1,0,10/23/2020 16:16,10161
19,2,7,2,222,227,1504,87.49837797,1,1,0,1,0,7/6/2021 19:48,18933
5,1,7,2,217,220,1759,45.22995524,1,0,0,1,0,7/18/2022 5:18,31823
19,4,8,0,230,238,1604,37.54548747,0,1,1,0,0,8/5/2021 19:32,19960
11,1,9,1,226,231,1648,50.9668804,0,0,1,0,1,9/27/2021 11:06,21763
11,2,5,1,227,230,1528,89.56160477,0,1,1,0,1,5/16/2023 11:25,42174
17,6,2,2,219,223,1837,95.31048525,0,0,0,0,0,2/26/2022 17:51,26978
16,1,11,2,232,237,1797,70.79158685,1,1,0,1,1,11/13/2023 16:40,48380
4,3,10,2,225,234,1519,72.06646318,1,0,0,0,0,10/25/2023 4:32,47712
1,3,1,2,219,228,1963,21.25807735,0,1,0,0,0,1/25/2023 1:49,38359
11,2,8,2,222,231,1904,86.97701402,1,0,0,0,0,8/17/2021 11:10,20359
11,6,9,2,222,222,1866,53.56914827,0,0,0,0,0,9/12/2020 11:25,8750
7,1,6,2,223,230,1942,80.75982846,0,1,0,1,1,6/7/2021 7:17,17922
16,4,4,2,220,225,1621,71.47265957,1,1,0,1,0,4/1/2021 16:43,15641
3,7,3,0,229,236,1759,56.11723902,1,0,1,0,0,3/7/2021 3:31,14766
4,6,12,1,232,236,1540,89.54271299,1,0,0,1,1,12/25/2021 4:11,24801
16,7,12,1,216,221,1533,20.56274455,0,0,1,1,1,12/27/2020 16:16,12387
2,5,8,0,228,235,1916,80.41001969,1,0,1,1,0,8/20/2021 2:56,20450
0,4,2,1,219,222,1924,82.56954245,0,0,0,1,1,2/2/2023 0:26,38631
8,6,2,2,220,229,1782,30.11965631,1,0,0,0,0,2/6/2021 8:30,13780
18,6,7,1,234,237,1702,35.11559645,0,0,0,1,1,7/10/2021 18:25,19068
20,1,4,1,222,227,1785,45.2330955,0,0,0,1,1,4/5/2021 20:56,15784
16,4,10,0,230,236,1861,30.65349684,0,1,1,0,0,10/22/2020 16:26,10127
2,7,5,1,231,238,1995,33.70576963,0,0,0,0,1,5/21/2023 2:51,42333
13,4,5,0,215,220,1967,44.71140485,1,1,1,0,0,5/4/2023 13:29,41766
0,6,11,1,231,231,1709,15.77441256,0,0,1,0,0,11/28/2020 0:57,11372
6,2,12,1,233,238,1868,39.67864055,0,0,1,1,0,12/6/2022 6:14,36653
9,2,11,1,228,231,1580,90.74875898,0,1,1,0,1,11/8/2022 9:39,35699
8,7,7,1,227,234,1882,10.85027726,0,0,0,0,1,7/26/2020 8:28,7102
16,3,7,1,227,236,1841,52.76323662,0,0,1,1,1,7/26/2023 16:42,44613
1,3,2,1,233,233,1658,22.86316241,0,1,1,1,1,2/3/2021 1:19,13667
21,4,11,1,229,231,1739,58.78489202,1,0,1,0,1,11/26/2020 21:37,11333
20,2,6,0,222,231,1763,59.65069756,1,1,1,0,0,6/6/2023 20:25,42906
10,1,10,1,222,228,1584,47.25381354,0,0,1,0,0,10/9/2023 10:47,47173
2,1,8,1,219,226,1672,96.39319469,0,0,0,0,1,8/30/2021 2:37,20792
1,5,10,0,223,232,1754,70.07050973,0,1,1,1,0,10/15/2021 1:00,22365
5,1,7,2,238,238,1706,67.93383146,1,0,0,1,0,7/4/2022 5:36,31344
9,5,9,2,226,227,1615,44.43457019,0,0,0,1,0,9/23/2022 9:52,34124
13,3,4,0,233,236,1841,58.81964547,1,1,1,0,0,4/14/2021 13:05,16081
6,2,1,2,216,221,1571,21.45838559,1,1,0,0,1,1/5/2021 6:19,12681
23,5,12,0,225,229,1573,17.66310116,0,1,1,0,0,12/23/2022 23:37,37260
2,4,5,0,232,235,1650,52.89328804,1,0,1,1,0,5/19/2022 2:19,29764
22,4,6,0,228,237,1989,16.45924638,0,1,1,1,0,6/23/2022 22:13,30991
4,4,1,2,219,224,1505,12.22229713,0,0,0,1,0,1/6/2022 4:55,25213
23,1,6,1,231,232,1802,47.2840877,0,1,1,1,1,6/13/2022 23:14,30650
13,2,1,2,216,222,1916,19.37080386,0,1,0,0,0,1/26/2021 13:12,13410
0,4,5,1,232,233,1830,34.08545048,1,0,1,1,1,5/18/2023 0:34,42227
12,2,12,2,234,236,1522,37.85963998,1,1,0,1,1,12/13/2022 12:44,36902
14,1,7,1,223,226,1546,73.80545949,1,0,1,0,1,7/20/2020 14:25,6905
12,1,3,1,220,220,1765,38.4962719,0,0,0,0,1,3/1/2021 12:15,14573
8,2,5,0,228,237,1631,51.06757026,1,1,1,0,1,5/2/2023 8:14,41690
12,7,10,1,235,235,1718,65.32208053,0,0,0,1,1,10/25/2020 12:25,10224
9,2,6,2,231,235,1933,28.82190524,1,1,0,0,0,6/14/2022 9:45,30665
17,7,3,0,218,220,1620,80.34748825,1,1,1,1,1,3/14/2021 17:01,15025
1,6,9,0,231,234,1794,65.78484659,0,1,1,1,0,9/10/2022 1:36,33667
5,6,6,2,237,238,1826,13.31209251,0,0,0,1,0,6/25/2022 5:45,31036
8,4,6,2,219,224,1603,18.59040244,0,1,0,1,1,6/16/2022 8:00,30731
1,7,8,2,228,231,1533,88.90985445,1,1,0,1,1,8/30/2020 1:44,8291
16,1,12,2,213,220,1756,37.9760345,1,0,0,1,0,12/19/2022 16:36,37113
20,2,7,1,218,221,1551,83.98332746,0,1,1,1,1,7/7/2020 20:09,6468
9,3,3,2,228,231,1864,18.96581047,1,1,0,0,1,3/9/2022 9:39,27343
17,2,8,1,238,238,1788,93.10665547,1,0,0,0,1,8/31/2021 17:52,20848
4,3,2,0,218,226,1854,69.91379718,0,1,1,0,0,2/22/2023 4:00,39321
8,5,1,2,227,227,1882,90.18841552,1,0,0,0,0,1/20/2023 8:17,38197
3,3,1,2,218,227,1750,91.39269302,1,1,0,1,0,1/18/2023 3:43,38122
23,6,3,2,235,235,1727,63.59192991,0,0,0,0,0,3/11/2023 23:30,39931
8,7,9,0,211,220,1610,49.05464272,1,1,1,1,1,9/4/2022 8:14,33471
6,3,12,0,213,220,1901,25.57610771,1,1,1,0,0,12/1/2021 6:13,23982
20,6,4,1,233,233,1686,16.91391124,0,0,0,1,1,4/15/2023 20:16,41125
17,1,10,1,231,239,1515,40.48765656,0,0,1,1,1,10/26/2020 17:09,10265
20,5,11,1,231,232,1824,67.65287924,1,0,0,1,1,11/10/2023 20:00,48282
8,1,5,2,231,239,1855,16.9772145,1,0,0,0,0,5/9/2022 8:15,29430
17,2,5,2,219,225,1677,97.08731536,0,1,0,1,0,5/23/2023 17:13,42422
13,6,2,0,230,238,1659,79.74456693,1,1,1,0,1,2/19/2022 13:27,26732
9,4,7,1,237,237,1786,65.90558079,0,1,1,1,1,7/28/2022 9:53,32172
22,4,12,0,217,226,1667,76.47597033,1,1,1,1,1,12/2/2021 22:10,24039
12,7,1,1,229,232,1926,46.50554219,0,0,0,0,1,1/16/2022 12:18,25566
16,2,10,1,213,221,1638,62.39890858,1,0,1,0,1,10/10/2023 16:56,47216
22,4,11,0,232,234,1765,31.07298428,0,1,1,0,0,11/9/2023 22:16,48251
2,4,1,2,218,225,1787,78.86247613,1,0,0,0,0,1/19/2023 2:51,38155
22,4,5,2,226,227,1681,81.93137643,0,0,0,1,0,5/20/2021 22:18,17327
3,3,8,0,224,230,1663,43.91967242,1,0,1,0,0,8/5/2020 3:57,7438
23,1,7,0,216,224,1545,78.98981007,0,1,1,0,0,7/4/2022 23:50,31370
13,6,8,2,229,236,1814,49.69292732,0,1,0,0,0,8/15/2020 13:26,7794
5,1,1,1,232,239,1610,32.80253479,1,0,1,0,1,1/20/2020 5:50,660
20,7,2,0,227,233,1545,69.73999247,1,1,1,1,1,2/7/2021 20:15,13831
1,7,2,1,214,223,1850,22.05079857,0,0,1,1,0,2/26/2023 1:54,39455
9,6,1,0,226,231,1722,80.46582695,0,1,1,1,0,1/21/2023 9:31,38233
20,1,6,0,223,229,1908,75.35313271,1,1,1,1,1,6/27/2022 20:08,31125
3,4,8,0,221,221,1553,51.66403799,1,1,1,0,1,8/17/2023 3:06,45347
20,6,2,2,223,224,1555,33.01936956,0,1,0,0,1,2/29/2020 20:40,2051
1,7,12,1,230,239,1970,67.25600785,0,1,1,0,1,12/20/2020 1:22,12126
6,2,2,2,231,232,1735,49.17905554,1,0,0,1,0,2/11/2020 6:15,1414
9,6,11,2,227,234,1752,42.20566298,1,0,0,0,0,11/4/2023 9:07,48061
15,5,4,2,222,230,1833,10.98216992,1,1,0,1,0,4/28/2023 15:55,41564
23,3,3,1,222,225,1682,56.6278182,0,0,1,1,0,3/24/2021 23:42,15377
19,7,6,1,228,231,1506,66.17132138,0,1,1,0,1,6/25/2023 19:15,43555
3,7,9,1,228,237,1720,54.39296045,0,0,1,0,1,9/18/2022 3:43,33944
8,2,6,0,236,238,1800,74.42515674,1,0,1,0,0,6/20/2023 8:12,43368
16,1,6,2,225,232,1531,99.86047934,1,1,0,1,0,6/15/2020 16:56,5710
13,5,4,2,233,239,1700,53.45493514,1,1,0,0,0,4/24/2020 13:17,3924
9,4,4,1,225,226,1791,40.39476073,0,0,1,0,0,4/20/2023 9:36,41281
12,5,4,0,215,224,1668,98.81706223,1,0,1,0,0,4/3/2020 12:42,3204
22,3,3,0,230,238,1514,29.1831963,1,0,1,0,0,3/17/2021 22:49,15136
4,3,7,0,213,222,1996,29.01762046,1,0,1,1,0,7/22/2020 4:15,6959
22,7,4,0,226,231,1619,97.66631467,0,1,1,1,0,4/30/2023 22:35,41642
13,4,8,2,235,237,1572,53.00000759,1,1,0,1,1,8/6/2020 13:35,7486
19,4,9,0,231,232,1760,67.06160909,1,0,1,1,0,9/7/2023 19:49,46090
5,4,7,0,221,229,1988,95.63907094,1,0,1,0,0,7/22/2021 5:50,19461
3,3,4,2,217,226,1895,31.02282797,0,1,0,1,1,4/7/2021 3:47,15828
20,1,2,1,220,225,1815,22.21487959,0,1,1,0,1,2/8/2021 20:47,13866
5,2,5,2,227,228,1877,66.48681708,0,1,0,0,1,5/12/2020 5:59,4530
2,5,12,1,219,226,1706,49.36486338,0,0,0,0,1,12/25/2020 2:36,12299
21,6,9,2,225,234,1521,68.43792603,1,1,0,1,0,9/5/2020 21:44,8525
23,5,5,2,222,225,1574,38.2660554,0,1,0,0,1,5/27/2022 23:22,30068
3,3,10,2,226,228,1779,28.50845064,1,1,0,1,1,10/21/2020 3:17,10074
2,5,10,0,224,226,1938,51.65524158,1,1,1,1,1,10/23/2020 2:15,10141
13,7,4,0,226,228,1686,35.99539962,1,0,1,1,0,4/3/2022 13:03,28204
17,4,6,2,215,222,1809,99.61438374,0,1,0,1,1,6/8/2023 17:58,42971
22,5,4,1,228,235,1790,25.48505466,0,0,1,1,1,4/17/2020 22:54,3698
15,6,10,1,221,230,1785,43.97524161,0,0,0,0,1,10/17/2020 15:12,9954
16,4,4,2,219,226,1989,18.39964936,1,1,0,0,0,4/6/2023 16:55,40812
11,2,7,1,235,237,1887,75.27244571,0,0,1,0,0,7/14/2020 11:14,6695
2,6,9,0,230,233,1578,95.56645244,0,1,1,1,0,9/17/2022 2:30,33908
13,6,3,2,227,227,1958,64.95168366,0,1,0,0,1,3/12/2022 13:20,27451
4,2,10,1,213,222,1635,52.09478661,0,1,1,1,1,10/11/2022 4:40,34733
23,4,11,2,223,232,1913,79.44216712,0,1,0,0,0,11/26/2020 23:01,11335
3,2,9,2,229,229,1726,12.69318664,1,1,0,0,1,9/15/2020 3:53,8842
6,3,12,1,216,224,1779,71.93449545,0,0,1,0,1,12/22/2021 6:48,24702
12,4,5,1,230,236,1928,31.35492215,0,0,1,0,0,5/20/2021 12:29,17313
8,2,9,0,223,225,1629,11.75546436,1,0,1,0,0,9/28/2021 8:50,21794
9,7,10,2,226,235,1912,91.12831662,0,1,0,0,0,10/9/2022 9:55,34672
3,5,12,0,220,223,1544,78.45114771,1,1,1,0,0,12/23/2022 3:18,37231
14,2,10,0,220,224,1651,86.28315982,0,1,1,1,0,10/10/2023 14:49,47213
16,1,8,1,228,230,1988,63.54211287,1,0,0,0,1,8/10/2020 16:24,7627
6,7,8,1,228,234,1803,81.40757037,1,0,0,0,1,8/9/2020 6:46,7579
2,7,4,2,234,235,1830,66.57066317,1,0,0,1,0,4/18/2021 2:35,16203
4,1,5,2,225,226,1978,28.10404871,1,0,0,0,0,5/2/2022 4:33,29185
16,5,7,0,221,226,1567,87.34774765,1,1,1,0,1,7/8/2022 16:50,31497
0,6,2,0,216,223,1516,61.78723283,1,1,1,0,0,2/5/2022 0:27,26234
6,3,10,1,221,229,1706,82.38473561,1,0,1,0,1,10/19/2022 6:05,35009
10,3,2,0,230,232,1693,74.02587526,1,0,1,0,0,2/5/2020 10:47,1215
16,4,2,1,227,236,1866,46.08238436,0,0,1,0,1,2/3/2022 16:12,26188
11,6,4,1,235,236,1874,98.39426374,1,0,1,1,1,4/18/2020 11:31,3716
13,3,1,2,233,236,1655,97.40489126,1,0,0,1,0,1/19/2022 13:53,25671
19,4,1,2,219,220,1630,35.99586576,0,1,0,0,0,1/23/2020 19:20,782
16,7,5,1,222,225,1672,17.92539821,1,0,1,1,1,5/28/2023 16:22,42592
6,6,2,1,234,235,1543,95.11121226,0,0,1,0,1,2/18/2023 6:47,39188
8,6,8,0,226,232,1754,95.36445142,1,1,1,0,0,8/13/2022 8:31,32718
10,2,12,2,221,230,1801,36.82001203,0,0,0,0,0,12/28/2021 10:40,24913
5,2,3,1,217,223,1915,27.61007692,1,0,0,1,1,3/28/2023 5:51,40488
2,7,7,1,226,232,1963,76.75784775,0,0,0,0,1,7/24/2022 2:52,32025
10,5,1,2,219,220,1736,20.49328109,1,1,0,0,1,1/31/2020 10:14,1043
23,7,9,0,225,229,1917,46.74379094,1,1,1,1,0,9/10/2023 23:30,46198
15,2,4,0,214,222,1549,10.84950974,1,0,1,1,0,4/19/2022 15:12,28755
12,3,10,2,234,236,1780,28.72378713,0,1,0,1,0,10/14/2020 12:54,9848
10,6,9,1,229,233,1784,26.09353027,0,0,1,1,0,9/12/2020 10:43,8749
21,7,6,1,228,235,1943,29.52779775,0,1,1,0,1,6/11/2023 21:39,43079
8,5,7,1,228,232,1657,56.82084901,0,0,1,0,1,7/2/2021 8:35,18780
9,1,8,2,222,222,1857,60.46000764,1,1,0,0,1,8/31/2020 9:59,8337
0,1,10,1,233,239,1784,84.78827816,0,0,1,0,1,10/19/2020 0:08,10001
20,3,7,1,219,223,1523,68.31720617,0,0,1,1,1,7/21/2021 20:01,19447
23,5,9,2,219,225,1785,55.60214382,0,0,0,0,0,9/3/2021 23:39,20959
15,1,5,1,215,224,1930,31.61328419,1,0,1,0,1,5/17/2021 15:06,17214
21,2,8,2,223,232,1691,88.84881269,1,1,0,0,0,8/3/2021 21:59,19895
8,4,4,1,230,237,1915,41.92088992,0,1,1,1,1,4/15/2021 8:00,16108
4,3,3,2,225,230,1765,79.49667486,0,1,0,0,1,3/8/2023 4:23,39801
19,4,2,1,219,228,1834,38.66797521,0,0,1,1,1,2/4/2021 19:22,13727
21,2,11,0,229,229,1553,24.70027534,1,0,1,0,0,11/2/2021 21:43,23011
10,5,1,1,229,234,1866,64.97859348,1,0,0,0,1,1/21/2022 10:02,25734
20,7,4,2,235,238,1968,22.49879655,1,0,0,1,0,4/5/2020 20:46,3284
8,2,8,2,223,225,1525,86.26424774,0,1,0,1,0,8/8/2023 8:10,45046
9,6,1,1,217,224,1887,87.4415857,0,1,1,1,1,1/11/2020 9:29,357
15,5,5,1,222,228,1756,42.50153299,0,0,1,1,0,5/29/2020 15:40,5126
8,7,11,0,237,237,1712,51.268861,1,1,1,0,0,11/5/2023 8:14,48094
13,3,6,2,219,228,1725,24.4230386,0,1,0,1,0,6/15/2022 13:05,30704
4,7,3,1,228,230,1843,60.57422412,0,1,1,1,1,3/22/2020 4:57,2782
2,7,6,1,227,227,1577,39.10775056,0,0,1,0,1,6/20/2021 2:14,18360
11,1,5,2,217,223,1769,33.2417678,0,0,0,1,0,5/22/2023 11:47,42380
15,2,4,2,237,238,1933,17.5898597,0,0,0,1,0,4/4/2023 15:51,40742
18,2,9,1,220,229,1631,44.36708716,0,0,1,1,1,9/27/2022 18:59,34274
21,7,4,2,231,232,1541,83.79716101,0,1,0,1,0,4/25/2021 21:00,16469
18,6,11,1,223,229,1777,49.25884124,0,0,1,0,1,11/6/2021 18:14,23143
14,6,5,1,229,235,1690,77.05192001,0,0,1,0,0,5/23/2020 14:36,4919
1,6,7,1,211,220,1759,57.30929669,0,0,0,1,1,7/31/2021 1:29,19763
20,7,8,2,222,227,1735,47.89884363,1,1,0,0,0,8/30/2020 20:40,8318
10,2,9,1,218,220,1659,66.1519141,1,0,1,0,1,9/6/2022 10:42,33543
16,3,10,1,226,229,1771,19.47389611,1,0,0,1,1,10/26/2022 16:06,35263
11,2,7,1,214,221,1674,22.45632075,1,0,1,1,1,7/26/2022 11:38,32106
10,5,8,2,226,234,1656,68.63662493,0,1,0,0,1,8/28/2020 10:30,8235
4,7,12,1,214,223,1612,37.82571867,0,0,0,0,1,12/18/2022 4:10,37061
1,4,9,2,234,234,1834,47.59813718,0,0,0,1,0,9/23/2021 1:17,21612
7,1,3,0,219,228,1531,62.84123639,1,0,1,1,0,3/30/2020 7:47,3060
22,2,10,1,220,221,1912,60.69587347,0,0,1,1,1,10/17/2023 22:02,47463
15,2,5,1,218,226,1922,39.65812303,0,0,1,0,1,5/4/2021 15:57,16770
11,5,3,0,229,230,1799,47.78956871,1,0,1,0,0,3/12/2021 11:46,14949
1,3,6,1,225,231,1923,36.13325307,1,0,1,0,1,6/2/2021 1:08,17742
7,4,10,0,226,232,1748,83.0917602,0,1,1,0,0,10/5/2023 7:16,47031
6,4,8,0,219,224,1705,25.22909645,1,0,1,0,0,8/12/2021 6:25,20181
18,6,9,2,221,227,1792,50.64166044,1,0,0,0,0,9/18/2021 18:58,21466
22,3,1,2,231,232,1711,69.91539274,0,0,0,0,0,1/15/2020 22:49,513
9,1,2,1,225,227,1843,87.55867774,1,0,1,0,1,2/17/2020 9:25,1624
2,1,12,1,231,238,1949,71.4828364,0,0,1,1,0,12/14/2020 2:24,11922
0,1,8,0,222,228,1934,80.34413241,1,1,1,1,1,8/10/2020 0:59,7605
1,4,11,1,237,239,1817,90.57777662,0,0,0,1,1,11/10/2022 1:36,35756
5,3,3,2,224,227,1994,69.98033508,1,1,0,1,0,3/23/2022 5:50,27817
14,2,6,2,228,236,1873,69.22876914,0,1,0,0,0,6/13/2023 14:18,43137
6,5,9,0,220,222,1812,38.83377635,0,1,1,1,0,9/29/2023 6:12,46824
19,2,5,1,232,235,1675,50.71949466,0,1,1,1,1,5/30/2023 19:31,42665
8,4,1,1,219,228,1888,36.81639338,0,1,1,1,1,1/28/2021 8:39,13472
8,6,4,2,222,226,1980,32.14589296,0,1,0,0,1,4/9/2022 8:31,28403
0,1,9,2,217,226,1790,48.6016468,1,0,0,0,0,9/14/2020 0:33,8803
10,4,3,0,226,226,1960,71.96537263,1,0,1,0,0,3/17/2022 10:22,27618
15,1,6,1,228,233,1868,75.76517976,0,1,1,0,1,6/22/2020 15:02,5947
14,2,4,2,231,233,1506,80.34812368,0,1,0,1,1,4/6/2021 14:28,15809
8,4,12,0,221,222,1990,49.20609988,1,1,1,1,0,12/2/2021 8:51,24020
22,1,5,0,235,237,1872,61.22344468,1,1,1,0,0,5/17/2021 22:07,17224
14,7,4,0,223,227,1979,64.07714461,0,1,1,1,0,4/18/2021 14:30,16220
23,2,11,0,213,220,1597,45.26649107,1,0,1,1,0,11/21/2023 23:42,48664
11,5,5,0,231,235,1804,12.08990526,0,1,1,0,0,5/1/2020 11:23,4161
2,5,9,0,226,227,1749,49.98879039,1,1,1,0,1,9/11/2020 2:29,8703
8,6,11,0,224,231,1637,17.00769418,1,0,1,1,0,11/12/2022 8:16,35834
19,6,8,1,236,239,1933,11.20200663,0,0,0,1,1,8/26/2023 19:04,45678
9,5,5,2,235,236,1778,63.89699111,1,1,0,1,1,5/7/2021 9:07,16863
23,5,7,1,231,233,1986,71.10860196,0,1,1,0,1,7/1/2022 23:39,31267
15,4,5,0,233,236,1627,37.24523762,1,1,1,1,0,5/7/2020 15:57,4373
10,4,5,1,228,232,1887,23.75717494,0,1,1,1,1,5/26/2022 10:55,30016
4,2,10,1,231,233,1922,53.7327873,0,1,1,1,1,10/6/2020 4:28,9562
21,2,1,1,236,236,1856,17.78924974,0,1,1,1,1,1/31/2023 21:06,38592
12,2,10,2,230,236,1946,51.00611275,0,1,0,1,0,10/27/2020 12:46,10293
9,1,7,2,234,237,1961,18.03757297,0,1,0,0,1,7/19/2021 9:51,19364
17,6,5,2,225,232,1608,30.39605956,1,1,0,0,0,5/15/2021 17:33,17149
23,1,2,0,227,227,1605,23.35852563,1,1,1,1,1,2/20/2023 23:58,39281
4,5,3,1,231,237,1992,30.14903661,0,1,1,1,1,3/13/2020 4:24,2473
22,4,3,0,223,227,1688,61.55567814,0,1,1,1,0,3/23/2023 22:08,40340
13,7,2,0,231,232,1909,71.20385713,0,1,1,1,0,2/5/2023 13:14,38752
17,3,2,2,229,229,1633,32.86600004,1,1,0,1,1,2/23/2022 17:40,26875
23,4,6,1,222,224,1710,97.10661306,0,0,0,1,1,6/25/2020 23:38,6062
15,2,10,0,216,222,1586,59.54009969,1,1,1,1,0,10/17/2023 15:43,47454
8,5,8,0,233,234,1954,65.60273597,1,1,1,1,0,8/19/2022 8:53,32924
19,7,10,0,212,220,1608,92.33611859,1,1,1,1,0,10/16/2022 19:13,34925
11,1,4,1,239,239,1747,69.83625769,0,0,0,0,1,4/25/2022 11:22,28955
19,6,6,0,222,229,1875,56.36958693,1,1,1,0,0,6/4/2022 19:11,30336
18,7,5,2,230,234,1590,36.28730193,1,0,0,1,0,5/9/2021 18:35,16945
0,7,7,2,223,227,1500,42.30579056,0,1,0,0,1,7/12/2020 0:22,6611
14,5,2,0,228,234,1628,26.49837956,0,1,1,0,0,2/11/2022 14:50,26460
12,1,1,0,235,236,1627,80.86848399,1,1,1,1,1,1/10/2022 12:38,25361
9,4,2,0,222,231,1896,87.50998628,1,1,1,1,1,2/18/2021 9:57,14193
14,7,4,1,217,223,1645,60.43986171,1,0,1,1,1,4/17/2022 14:08,28685
2,4,5,2,232,239,1753,21.46461005,0,0,0,0,0,5/12/2022 2:07,29524
20,3,12,2,222,222,1547,61.4445189,0,1,0,1,0,12/23/2020 20:28,12256
19,5,1,2,213,221,1935,40.74739067,1,1,0,1,0,1/24/2020 19:51,817
3,3,3,2,215,224,1643,59.2766516,1,1,0,1,0,3/10/2021 3:00,14868
6,3,11,2,228,233,1944,41.07425187,1,1,0,1,1,11/3/2021 6:08,23023
18,3,6,2,218,221,1862,49.75588267,0,0,0,1,0,6/23/2021 18:32,18486
22,1,3,1,233,238,1733,16.627145,0,0,1,1,1,3/28/2022 22:30,28012
2,7,5,1,220,226,1899,75.06356167,0,1,1,0,1,5/14/2023 2:39,42093
1,7,2,1,225,229,1579,24.52065518,0,1,1,1,1,2/16/2020 1:53,1579
10,7,6,1,218,220,1828,66.19610261,1,0,0,1,1,6/19/2022 10:18,30837
4,2,12,2,233,235,1691,82.87216593,1,1,0,1,1,12/29/2020 4:01,12438
5,5,9,2,230,233,1582,38.36502013,1,0,0,1,0,9/17/2021 5:49,21413
7,4,9,1,222,223,1563,39.55421724,0,0,1,0,1,9/22/2022 7:14,34086
9,1,6,1,216,221,1999,55.21268109,0,1,1,0,1,6/20/2022 9:25,30870
4,7,2,1,223,229,1512,69.01954356,1,0,0,0,1,2/16/2020 4:41,1583
4,5,7,1,222,229,1987,64.4669274,1,0,1,1,1,7/24/2020 4:37,7028
5,4,8,2,222,228,1764,40.39897221,0,1,0,0,1,8/12/2021 5:43,20180
13,6,10,2,225,227,1686,77.27831606,1,0,0,0,0,10/23/2021 13:38,22657
7,2,6,2,221,222,1815,31.29711772,1,0,0,0,0,6/30/2020 7:21,6210
7,2,12,0,221,228,1573,56.25506025,0,1,1,0,0,12/15/2020 7:08,11963
3,4,3,1,232,237,1805,37.47698382,0,0,1,1,0,3/18/2021 3:01,15142
12,3,8,1,221,230,1631,75.67300516,0,0,1,0,1,8/11/2021 12:54,20156
19,6,9,2,227,228,1690,24.06433437,1,1,0,0,0,9/4/2021 19:59,20988
3,2,3,1,225,228,1682,32.28000892,1,0,0,1,1,3/21/2023 3:33,40245
11,1,2,2,219,223,1731,19.62395216,1,1,0,1,0,2/24/2020 11:01,1866
14,2,9,2,218,225,1934,21.44432191,1,1,0,1,0,9/29/2020 14:05,9336
6,6,9,0,230,233,1552,66.48424172,1,0,1,0,0,9/9/2023 6:09,46139
13,1,11,1,226,226,1647,22.48763403,0,1,1,0,1,11/2/2020 13:08,10499
0,7,6,2,214,221,1867,15.6997083,1,1,0,0,0,6/12/2022 0:17,30583
14,7,9,2,217,222,1641,69.46287435,1,1,0,1,1,9/3/2023 14:53,45946
22,5,7,2,216,222,1587,68.41547458,0,1,0,1,1,7/8/2022 22:26,31505
10,1,11,2,228,229,1934,83.73409885,0,0,0,0,0,11/29/2021 10:04,23919
10,4,10,1,216,224,1508,72.50518936,0,0,0,1,1,10/14/2021 10:17,22344
18,1,7,0,224,224,1817,66.92808101,1,1,1,1,1,7/12/2021 18:04,19136
5,5,5,0,214,221,1599,52.51957991,1,1,1,0,0,5/29/2020 5:51,5112
10,5,7,1,231,236,1778,17.50112166,0,0,1,0,0,7/14/2023 10:22,44193
23,1,10,1,231,233,1581,57.78863763,0,1,1,0,1,10/2/2023 23:55,46952
12,2,7,1,220,224,1785,34.84619838,0,0,1,1,1,7/21/2020 12:50,6937
21,4,9,2,232,232,1727,81.16199642,1,1,0,0,0,9/15/2022 21:03,33866
15,6,6,2,228,233,1587,91.75600758,1,1,0,1,0,6/25/2022 15:34,31050
7,2,3,0,217,220,1840,91.21730199,0,1,1,0,0,3/16/2021 7:34,15080
20,5,7,2,232,236,1861,16.01380375,1,1,0,0,1,7/3/2020 20:51,6332
6,2,4,1,227,236,1542,95.63595548,0,0,1,0,0,4/27/2021 6:38,16517
4,4,1,1,234,236,1678,41.55564322,1,0,0,1,1,1/5/2023 4:34,37678
16,2,5,2,218,226,1985,68.10617401,0,1,0,1,0,5/25/2021 16:32,17490
13,3,6,2,221,225,1900,44.33410139,0,1,0,0,0,6/8/2022 13:35,30465
14,5,3,0,224,226,1737,12.93180061,1,1,1,1,0,3/5/2021 14:22,14713
8,3,4,1,234,234,1932,76.81006546,0,0,1,1,0,4/15/2020 8:32,3609
7,6,11,2,212,221,1535,62.78020832,0,1,0,1,1,11/19/2022 7:03,36072
16,4,10,1,220,221,1834,39.77738087,1,0,1,0,1,10/8/2020 16:45,9648
15,1,5,2,219,225,1519,51.7057704,0,0,0,1,0,5/4/2020 15:04,4269
7,6,8,1,219,222,1828,49.2441025,0,0,1,0,1,8/28/2021 7:10,20730
11,1,12,1,223,225,1795,48.774273,1,0,1,0,1,12/19/2022 11:00,37105
15,5,9,2,235,238,1901,45.77311885,0,1,0,1,1,9/9/2022 15:47,33653
12,5,5,0,230,235,1724,81.50686668,1,1,1,0,1,5/7/2021 12:37,16868
12,2,7,1,224,225,1506,53.54208253,1,0,0,1,1,7/7/2020 12:27,6457
21,1,6,2,217,226,1735,92.37588731,1,1,0,1,1,6/8/2020 21:39,5477
1,2,2,0,235,236,1501,84.11297765,1,0,1,0,0,2/14/2023 1:10,39043
16,4,8,0,233,233,1786,40.58747446,1,1,1,0,0,8/27/2020 16:58,8210
5,5,7,0,221,229,1981,43.04377347,1,1,1,1,1,7/22/2022 5:18,31960
11,7,7,2,234,234,1985,90.10730038,0,0,0,0,0,7/3/2022 11:23,31318
0,6,3,1,229,237,1641,63.72841675,0,1,1,0,1,3/27/2021 0:04,15446
22,6,8,0,231,233,1658,63.36898949,1,0,1,0,0,8/27/2022 22:56,33218
22,3,10,2,213,221,1820,24.4876108,1,1,0,1,0,10/27/2021 22:45,22807
23,2,10,2,229,230,1853,84.05501274,0,1,0,1,1,10/3/2023 23:02,46985
18,3,6,2,228,232,1743,97.30671092,1,0,0,1,0,6/30/2021 18:44,18726
14,7,10,0,229,235,1924,97.5845278,1,1,1,1,1,10/1/2023 14:16,46904
2,6,7,0,222,231,1583,45.86564972,1,1,1,0,0,7/10/2021 2:18,19045
10,5,8,0,216,223,1835,69.56293949,1,0,1,0,0,8/26/2022 10:29,33166
7,1,7,1,218,223,1560,40.45453299,0,0,1,0,1,7/31/2023 7:26,44771
17,2,7,2,223,229,1616,52.19069413,1,0,0,1,0,7/20/2021 17:23,19409
20,6,9,0,230,231,1957,19.04813209,0,1,1,1,0,9/24/2022 20:12,34173
7,4,12,1,221,223,1895,93.77268249,0,0,0,1,1,12/30/2021 7:31,24977
12,7,7,2,220,225,1579,10.54592007,1,0,0,1,0,7/4/2021 12:26,18854
5,7,6,2,235,235,1776,16.46782479,0,1,0,1,1,6/20/2021 5:02,18364
23,6,9,0,234,234,1978,38.22954646,1,1,1,0,1,9/9/2023 23:40,46164
3,7,11,1,216,223,1719,76.74599395,1,0,0,0,1,11/7/2021 3:20,23156
11,7,5,0,232,233,1951,27.15466791,0,1,1,0,0,5/9/2021 11:35,16935
6,2,9,1,225,234,1944,17.59965449,1,0,0,0,1,9/15/2020 6:41,8846
9,7,3,1,223,230,1860,62.08581139,1,0,1,0,1,3/22/2020 9:10,2788
2,1,4,1,225,225,1538,82.31537248,0,0,1,1,1,4/18/2022 2:03,28702
1,7,6,1,226,230,1724,71.61232706,0,0,1,1,0,6/11/2023 1:20,43050
2,6,4,0,216,221,1724,13.69381066,1,0,1,1,0,4/15/2023 2:45,41100
10,5,10,1,233,236,1877,62.408875,0,1,1,0,1,10/20/2023 10:18,47549
0,5,5,1,219,223,1807,40.1213708,1,0,1,1,1,5/20/2022 0:45,29796
17,7,6,1,221,221,1736,74.10016433,0,0,1,0,1,6/19/2022 17:18,30847
9,3,9,1,226,227,1617,74.0266625,0,0,1,1,1,9/1/2021 9:59,20871
23,4,7,2,219,227,1848,96.62142545,0,0,0,1,0,7/1/2021 23:28,18767
9,5,9,0,215,223,1618,26.41014922,1,1,1,1,1,9/2/2022 9:59,33405
8,1,10,0,225,233,1889,15.17713859,1,1,1,1,0,10/26/2020 8:02,10252
19,2,1,2,228,232,1710,26.48328137,0,1,0,1,0,1/26/2021 19:31,13419
4,7,4,1,223,231,1904,59.70134519,1,0,0,0,1,4/10/2022 4:08,28431
3,5,2,2,232,235,1732,87.873455,0,1,0,1,1,2/14/2020 3:37,1513
22,3,6,2,229,233,1572,39.21331516,0,1,0,0,0,6/15/2022 22:12,30717
18,6,11,1,223,232,1925,54.28525412,1,0,1,1,1,11/25/2023 18:49,48794
0,2,5,2,225,229,1509,14.85945031,1,1,0,0,0,5/11/2021 0:43,16988
14,3,5,0,224,233,1878,13.62290967,1,0,1,0,0,5/11/2022 14:13,29507
12,7,9,2,212,220,1511,25.21067045,1,0,0,0,0,9/20/2020 12:50,9026
20,7,1,0,235,239,1592,12.51741858,1,1,1,1,0,1/9/2022 20:31,25338
2,5,4,1,227,231,1908,49.0279593,1,0,1,1,1,4/14/2023 2:55,41066
2,1,2,0,216,224,1521,32.37828226,1,0,1,1,0,2/7/2022 2:12,26305
18,7,3,0,230,231,1691,68.92146564,1,0,1,1,0,3/8/2020 18:35,2322
21,1,5,0,220,227,1761,37.19801722,1,0,1,1,0,5/2/2022 21:22,29209
10,3,9,2,228,229,1980,52.68032179,1,0,0,1,0,9/14/2022 10:43,33817
4,6,4,1,229,238,1930,46.24304735,0,0,0,1,1,4/29/2023 4:32,41582
11,5,10,2,215,224,1681,28.46026235,0,1,0,0,0,10/13/2023 11:30,47311
17,3,12,2,237,237,1928,10.49755977,0,1,0,0,1,12/22/2021 17:19,24717
23,3,12,0,227,233,1665,33.07892955,1,0,1,0,0,12/30/2020 23:28,12500
10,7,11,1,237,239,1882,63.81912901,0,1,1,0,1,11/22/2020 10:23,11180
0,4,12,2,234,234,1697,65.3695776,1,0,0,0,0,12/16/2021 0:49,24488
13,1,2,2,228,233,1952,61.94988234,0,1,0,0,0,2/1/2021 13:34,13616
7,3,11,0,216,223,1655,28.51347137,0,1,1,1,0,11/22/2023 7:25,48675
21,1,3,0,228,237,1959,29.10287087,1,0,1,0,0,3/9/2020 21:55,2361
11,4,7,2,234,234,1781,74.81914599,1,1,0,0,1,7/8/2021 11:45,18990
21,4,8,2,228,236,1854,35.34409227,0,1,0,0,1,8/25/2022 21:52,33148
11,2,4,2,227,235,1588,46.65963108,1,0,0,0,0,4/26/2022 11:11,28989
4,1,11,1,229,238,1568,59.92595561,0,0,0,0,1,11/22/2021 4:58,23672
23,4,2,1,216,225,1923,51.49678139,0,0,1,0,1,2/16/2023 23:57,39144
19,2,8,2,215,222,1855,31.85423429,1,0,0,1,0,8/31/2021 19:16,20850
17,6,9,1,230,237,1926,56.73455858,1,0,1,1,1,9/10/2022 17:43,33690
8,2,7,1,214,221,1592,47.68610527,1,0,1,1,1,7/7/2020 8:57,6452
15,3,8,2,230,239,1549,59.41626047,0,1,0,1,1,8/18/2021 15:54,20400
0,3,5,1,234,237,1811,35.78968444,1,0,0,0,1,5/18/2022 0:23,29727
21,6,2,2,230,236,1546,24.70801878,0,1,0,1,1,2/1/2020 21:59,1094
11,3,10,0,233,237,1639,16.47858576,1,0,1,1,0,10/11/2023 11:09,47242
18,3,12,2,224,230,1614,81.58813873,0,1,0,0,0,12/22/2021 18:01,24718
11,4,7,0,229,233,1760,21.43048462,1,0,1,1,0,7/6/2023 11:03,43920
14,1,7,0,220,229,1912,65.69586033,1,0,1,0,0,7/3/2023 14:22,43822
9,3,10,0,223,230,1722,26.87708289,1,1,1,0,0,10/11/2023 9:03,47239
5,4,2,1,234,236,1769,45.43658507,1,0,1,0,1,2/25/2021 5:14,14426
10,2,3,2,216,225,1692,91.5752629,1,1,0,0,1,3/10/2020 10:32,2379
13,4,7,2,230,238,1623,42.85295245,1,0,0,0,0,7/2/2020 13:19,6287
4,7,6,0,231,232,1835,13.67411394,0,1,1,1,0,6/28/2020 4:53,6138
12,4,10,0,227,233,1628,18.19711354,0,1,1,0,0,10/8/2020 12:32,9642
3,6,4,1,228,235,1719,59.78245154,0,0,1,0,1,4/1/2023 3:03,40621
17,6,10,1,234,239,1693,33.4545007,1,0,0,0,1,10/21/2023 17:08,47593
23,3,10,1,218,222,1571,92.50632837,0,1,1,0,1,10/27/2021 23:27,22808
23,6,7,1,231,233,1529,69.76590145,1,0,1,1,1,7/29/2023 23:54,44726
14,7,9,1,234,234,1944,87.55010647,0,0,1,0,1,9/11/2022 14:02,33719
8,4,3,0,230,236,1808,17.93182011,1,1,1,1,0,3/23/2023 8:49,40321
16,6,4,2,214,221,1509,88.41050967,0,1,0,1,1,4/30/2022 16:06,29133
3,6,1,1,232,238,1616,62.04106894,1,0,0,1,1,1/14/2023 3:01,37984
21,3,4,1,232,239,1585,38.70072421,0,1,1,1,1,4/13/2022 21:08,28558
21,1,9,1,221,221,1590,25.01084093,1,0,0,1,1,9/12/2022 21:35,33764
10,6,12,2,224,228,1630,82.69277402,1,1,0,0,0,12/5/2020 10:15,11625
22,3,12,1,227,230,1730,65.62881501,1,0,1,1,1,12/7/2022 22:52,36711
8,1,6,2,226,230,1727,25.51650174,0,1,0,1,0,6/5/2023 8:41,42855
1,7,11,2,219,226,1906,82.40842639,0,1,0,1,0,11/27/2022 1:28,36338
22,4,1,0,216,222,1917,74.90647571,1,0,1,1,0,1/5/2023 22:05,37703
5,3,9,2,233,238,1823,68.4524872,1,1,0,0,1,9/28/2022 5:30,34289
9,6,4,0,224,233,1846,15.41687571,1,1,1,0,1,4/24/2021 9:15,16418
2,2,4,1,230,234,1838,56.82836842,0,0,1,1,1,4/18/2023 2:14,41202
17,7,4,2,221,221,1941,65.55980144,0,0,0,1,0,4/30/2023 17:41,41635
13,3,4,2,223,227,1691,89.0153462,1,1,0,0,0,4/8/2020 13:56,3377
23,6,8,2,216,225,1624,54.73410208,0,1,0,1,1,8/29/2020 23:38,8288
14,2,11,2,217,221,1923,51.03209893,1,0,0,1,0,11/28/2023 14:47,48891
17,5,1,0,213,220,1684,47.85312926,1,1,1,1,1,1/3/2020 17:52,95
0,1,11,1,223,228,1651,38.75343098,0,0,1,0,0,11/8/2021 0:22,23186
0,2,12,1,223,223,1824,86.47225642,0,0,1,0,1,12/29/2020 0:31,12433
17,7,10,2,228,232,1914,93.33062067,1,1,0,0,0,10/18/2020 17:49,9992
23,5,5,1,224,229,1959,24.09596551,1,0,0,0,1,5/29/2020 23:22,5137
17,7,5,2,222,222,1891,97.16334928,0,1,0,0,1,5/22/2022 17:13,29888
20,3,12,1,224,224,1711,46.67244483,1,0,1,0,1,12/1/2021 20:14,24002
9,7,4,2,225,231,1978,56.03169481,1,0,0,0,0,4/4/2021 9:54,15734
8,1,4,2,238,239,1993,96.78318955,0,1,0,0,0,4/3/2023 8:19,40697
3,3,2,1,221,225,1871,76.04470564,1,0,0,0,1,2/23/2022 3:39,26855
17,1,9,1,226,231,1550,41.94154911,1,0,1,0,1,9/21/2020 17:34,9067
23,6,11,1,213,220,1788,35.91551625,1,0,1,0,1,11/14/2020 23:41,10925
18,6,4,1,223,224,1976,74.741111,0,0,0,0,1,4/17/2021 18:10,16191
18,1,8,2,211,220,1775,58.43022159,1,0,0,1,0,8/24/2020 18:54,8110
8,3,9,1,219,228,1616,94.98332158,0,1,1,0,1,9/21/2022 8:07,34053
11,5,8,2,216,220,1820,84.85101485,1,1,0,1,1,8/27/2021 11:33,20702
19,5,10,2,231,235,1682,76.30299579,0,1,0,1,0,10/13/2023 19:55,47323
10,3,2,1,237,239,1622,26.5982466,0,0,1,1,1,2/12/2020 10:16,1454
7,1,9,0,215,224,1674,12.80991362,0,1,1,0,0,9/14/2020 7:34,8813
7,3,11,0,221,224,1556,16.65071811,1,0,1,0,0,11/17/2021 7:55,23505
20,4,4,2,228,234,1854,47.92543296,1,1,0,1,0,4/21/2022 20:28,28831
8,7,11,2,224,232,1645,25.1708777,1,1,0,1,1,11/20/2022 8:17,36108
3,1,12,2,228,236,1590,61.64047551,1,1,0,1,1,12/26/2022 3:29,37334
14,6,3,1,234,237,1582,26.34095446,0,0,0,1,1,3/25/2023 14:47,40398
21,2,4,2,218,226,1624,64.77455888,1,1,0,0,0,4/11/2023 21:39,40990
17,4,6,1,227,234,1946,22.92077457,0,0,0,1,1,6/4/2020 17:26,5334
2,3,5,2,234,236,1750,73.33768786,1,1,0,1,0,5/6/2020 2:06,4319
23,4,5,2,224,229,1701,25.12645084,1,1,0,0,0,5/20/2021 23:42,17329
18,5,10,0,233,237,1944,69.13539479,1,0,1,1,0,10/22/2021 18:01,22629
4,1,1,1,234,234,1563,79.87448067,1,0,1,0,1,1/10/2022 4:56,25350
23,7,11,2,237,239,1612,42.10209069,1,1,0,0,0,11/20/2022 23:42,36130
13,7,5,1,216,221,1606,16.32432479,0,1,1,1,1,5/3/2020 13:08,4232
8,5,4,2,230,238,1953,46.98405989,0,1,0,1,1,4/22/2022 8:22,28848
11,6,3,2,222,229,1738,60.71587337,1,0,0,1,0,3/14/2020 11:14,2517
9,1,9,2,226,227,1540,64.75572,0,0,0,1,0,9/12/2022 9:40,33747
13,6,1,2,234,236,1733,17.19113532,1,1,0,0,0,1/23/2021 13:01,13307
2,2,3,2,227,235,1522,69.49136509,0,1,0,1,0,3/31/2020 2:00,3086
6,6,3,1,230,234,1769,73.9432461,0,0,0,0,1,3/25/2023 6:22,40386
12,2,2,2,231,232,1840,70.04728222,0,0,0,1,0,2/1/2022 12:21,26114
6,3,2,2,231,231,1738,45.01720931,1,1,0,0,1,2/24/2021 6:48,14394
7,2,6,1,227,227,1716,31.0855407,1,0,0,1,1,6/28/2022 7:20,31141
12,7,2,2,238,238,1731,25.38945817,1,0,0,1,0,2/27/2022 12:46,27005
7,3,8,1,223,223,1703,31.69931349,0,0,1,1,1,8/12/2020 7:39,7683
20,6,9,0,218,224,1630,25.23807722,1,1,1,0,0,9/17/2022 20:01,33933
8,5,3,2,235,235,1651,55.57723781,0,0,0,1,0,3/17/2023 8:27,40115
18,7,3,2,230,231,1568,70.85349912,1,0,0,1,0,3/13/2022 18:46,27493
0,1,11,1,230,235,1592,61.76253303,0,1,1,1,1,11/27/2023 0:15,48836
2,7,2,0,228,230,1924,76.29734991,0,1,1,0,0,2/27/2022 2:58,26991
3,6,7,1,232,232,1569,53.07375952,0,1,1,0,1,7/18/2020 3:33,6821
4,3,5,0,215,221,1948,26.1939945,0,1,1,0,0,5/5/2021 4:33,16788
7,3,9,2,221,226,1874,61.05571412,1,0,0,1,0,9/30/2020 7:37,9361
7,5,1,1,220,221,1775,21.74904413,1,0,0,0,1,1/27/2023 7:05,38435
21,1,8,0,214,220,1773,92.95111405,1,1,1,1,0,8/31/2020 21:53,8354
17,2,9,1,214,221,1615,20.34199314,0,1,1,0,1,9/6/2022 17:00,33552
4,2,4,2,214,220,1674,52.42917838,0,0,0,0,0,4/11/2023 4:08,40965
21,7,12,0,225,231,1560,81.01759974,1,1,1,0,0,12/12/2021 21:08,24380
17,5,11,1,225,234,1506,88.61511934,0,0,1,0,0,11/10/2023 17:11,48278
3,2,2,0,228,232,1774,12.77547455,0,1,1,0,0,2/14/2023 3:16,39046
19,7,3,2,221,223,1736,21.7763912,1,1,0,0,1,3/20/2022 19:40,27734
2,1,5,0,226,228,1648,40.71816871,1,0,1,0,0,5/8/2023 2:59,41888
5,2,8,1,229,231,1727,48.39304535,0,0,1,0,1,8/4/2020 5:31,7406
15,5,5,1,233,233,1644,13.95753729,0,1,1,0,1,5/28/2021 15:19,17591
9,7,4,1,229,234,1536,74.20231502,1,0,0,1,1,4/16/2023 9:35,41144
0,2,12,0,222,229,1837,63.8673533,1,1,1,1,1,12/8/2020 0:38,11714
13,4,5,1,235,236,1507,90.58382711,0,0,0,1,1,5/7/2020 13:09,4369
8,3,5,0,227,234,1741,14.45315746,1,1,1,0,1,5/19/2021 8:27,17273
9,6,8,0,234,234,1830,41.08218552,1,0,1,0,0,8/22/2020 9:26,8028
22,3,9,0,223,225,1837,66.39612715,1,1,1,1,1,9/6/2023 22:05,46059
7,3,10,1,229,236,1651,52.89328678,1,0,0,0,1,10/13/2021 7:39,22306
17,2,5,0,226,228,1688,88.05586264,1,0,1,0,0,5/26/2020 17:35,5026
18,7,3,2,221,230,1625,66.28327078,1,1,0,0,1,3/22/2020 18:16,2801
16,1,10,1,217,226,1536,53.41656419,0,1,1,0,1,10/10/2022 16:45,34716
2,6,7,2,226,227,1543,54.46907155,0,1,0,0,1,7/29/2023 2:10,44695
4,4,6,1,222,227,1822,73.07173284,1,0,1,0,1,6/15/2023 4:51,43192
4,2,10,1,223,224,1616,10.44787612,0,0,1,0,1,10/27/2020 4:22,10281
0,4,10,1,221,226,1514,47.21228707,1,0,0,1,1,10/15/2020 0:49,9865
3,6,6,1,237,237,1968,25.40690175,0,0,0,0,1,6/19/2021 3:49,18328
2,6,7,1,230,234,1911,42.54895189,0,0,1,0,0,7/24/2021 2:41,19525
4,1,4,1,230,232,1638,57.78424838,0,0,1,1,1,4/24/2023 4:00,41410
4,4,2,0,227,228,1920,15.47006392,0,1,1,1,0,2/20/2020 4:41,1720
3,7,9,2,227,233,1784,58.04285808,0,1,0,1,0,9/20/2020 3:44,9013
5,4,2,1,219,224,1700,52.54628237,1,0,1,1,1,2/23/2023 5:14,39357
5,6,6,0,224,227,1934,58.39288729,0,1,1,0,0,6/4/2022 5:10,30316
11,2,7,2,226,231,1624,92.86556964,1,1,0,0,0,7/14/2020 11:56,6696
7,7,2,1,233,237,1545,92.64725812,1,0,1,1,1,2/26/2023 7:31,39463
12,2,6,2,226,226,1800,25.99853495,0,1,0,0,1,6/2/2020 12:52,5259
20,3,6,2,227,233,1680,40.72632344,1,1,0,0,1,6/7/2023 20:57,42941
20,7,1,0,218,224,1743,74.77433297,0,1,1,1,0,1/2/2022 20:19,25098
15,3,4,2,224,229,1650,94.1061692,0,1,0,1,1,4/6/2022 15:20,28310
23,7,4,1,224,231,1841,88.48397035,1,0,0,0,1,4/12/2020 23:46,3528
6,6,5,2,213,220,1817,34.94932904,0,1,0,1,0,5/23/2020 6:11,4907
3,7,8,1,221,224,1536,27.21103261,0,0,1,1,1,8/8/2021 3:36,20040
9,4,9,2,218,221,1806,57.92361244,1,0,0,1,0,9/23/2021 9:42,21624
8,4,1,2,224,224,1934,66.21111162,1,1,0,1,0,1/20/2022 8:07,25697
6,7,10,2,229,237,1643,15.1314845,0,0,0,0,0,10/31/2021 6:39,22921
11,3,1,1,235,236,1503,14.14358349,0,0,1,0,0,1/19/2022 11:47,25668
16,3,9,0,213,221,1640,96.61292168,0,1,1,1,0,9/1/2021 16:17,20880
0,4,2,0,233,239,1664,75.80505713,1,1,1,1,0,2/24/2022 0:41,26885
22,3,11,1,222,226,1746,90.14321997,0,1,1,1,1,11/3/2021 22:15,23046
2,2,5,1,220,221,1524,37.98638193,0,0,1,0,0,5/11/2021 2:49,16991
10,3,7,1,218,221,1592,84.31842476,0,0,0,0,1,7/14/2021 10:43,19194
4,2,8,2,225,227,1896,87.1414675,0,1,0,0,0,8/4/2020 4:49,7405
4,4,3,2,228,233,1746,25.92131255,1,0,0,0,0,3/25/2021 4:37,15384
20,2,5,1,236,238,1750,58.27354442,0,0,0,0,1,5/23/2023 20:44,42427
13,2,7,0,226,234,1843,88.52431958,1,1,1,0,0,7/14/2020 13:21,6698
4,7,8,1,213,221,1583,24.35661522,0,0,1,0,1,8/15/2021 4:30,20281
1,6,4,0,216,223,1549,65.25215805,1,1,1,0,0,4/24/2021 1:33,16407
16,3,1,1,221,226,1642,49.36908984,1,0,0,0,1,1/13/2021 16:09,12969
3,1,1,1,229,230,1854,31.66820836,1,0,1,1,1,1/20/2020 3:44,657
21,2,8,0,217,220,1765,71.25240826,1,1,1,1,1,8/29/2023 21:22,45784
21,1,4,2,232,232,1535,90.89755691,1,0,0,1,0,4/19/2021 21:20,16264
19,1,3,1,232,237,1840,57.23899502,0,0,1,0,1,3/22/2021 19:09,15302
18,4,3,1,223,229,1670,91.24339738,0,1,1,1,1,3/18/2021 18:26,15164
23,4,1,2,218,223,1915,72.32504283,0,0,0,1,0,1/21/2021 23:53,13254
13,2,10,1,238,239,1760,90.53945919,1,0,0,1,1,10/27/2020 13:28,10294
1,3,9,2,220,223,1643,11.57429495,1,0,0,1,0,9/27/2023 1:39,46749
18,7,8,1,233,239,1944,40.34144503,0,0,0,0,1,8/16/2020 18:10,7835
22,2,7,2,224,231,1760,60.22545068,0,1,0,1,1,7/14/2020 22:27,6711
6,2,4,0,216,223,1924,68.94256268,0,1,1,1,0,4/7/2020 6:24,3332
14,7,12,2,235,237,1643,33.73962924,0,1,0,0,1,12/5/2021 14:38,24131
5,1,10,2,228,230,1703,22.62175441,0,1,0,1,1,10/4/2021 5:42,21995
0,6,7,2,222,222,1749,31.53557647,1,1,0,0,0,7/3/2021 0:00,18802
6,4,11,2,230,232,1767,20.07137524,1,1,0,1,0,11/3/2022 6:18,35523
22,6,12,2,220,225,1818,58.19382863,0,1,0,1,1,12/26/2020 22:45,12362
5,4,4,1,236,239,1605,31.02097642,0,0,0,0,1,4/23/2020 5:45,3879
15,1,4,0,228,230,1797,15.52927179,1,1,1,0,1,4/6/2020 15:41,3311
13,6,4,0,228,232,1913,35.45766602,1,1,1,1,1,4/4/2020 13:56,3240
1,5,12,2,225,228,1806,78.61818592,1,1,0,1,1,12/17/2021 1:21,24523
19,5,8,1,214,220,1507,90.3973387,1,0,1,1,1,8/7/2020 19:43,7529
15,4,11,2,224,231,1989,92.53801707,1,1,0,0,1,11/18/2021 15:28,23550
8,7,3,2,226,229,1983,53.42836519,1,1,0,1,0,3/6/2022 8:46,27239
0,6,8,2,222,224,1913,58.88947404,1,0,0,1,0,8/28/2021 0:09,20720
22,6,2,1,219,222,1806,20.55082327,0,0,1,0,0,2/13/2021 22:43,14040
10,7,5,0,223,232,1942,61.26825948,1,1,1,1,1,5/28/2023 10:45,42584
12,7,10,1,228,237,1759,92.4587734,0,0,1,0,0,10/31/2021 12:15,22929
7,5,8,1,226,229,1533,37.84041115,0,0,1,0,1,8/5/2022 7:06,32442
23,5,1,1,233,237,1945,26.40253949,0,0,1,1,1,1/8/2021 23:19,12808
10,5,1,2,225,226,1806,74.62682312,1,1,0,1,0,1/15/2021 10:12,13029
2,1,6,2,222,231,1771,80.93898395,1,1,0,1,0,6/7/2021 2:22,17915
5,7,7,0,223,229,1819,98.47040605,1,0,1,0,0,7/3/2022 5:05,31309
19,4,1,1,219,224,1986,22.4868402,0,0,0,0,1,1/21/2021 19:40,13248
22,7,3,2,229,230,1839,77.99816819,0,1,0,0,1,3/7/2021 22:26,14793
10,1,1,1,231,231,1901,94.02167201,0,1,1,1,1,1/18/2021 10:23,13132
11,6,1,2,229,229,1892,96.2924958,1,0,0,1,0,1/28/2023 11:49,38476
5,4,8,0,216,220,1826,31.64871312,0,1,1,1,0,8/24/2023 5:24,45590
2,6,9,0,215,221,1933,52.10674021,1,1,1,1,1,9/12/2020 2:18,8737
13,1,3,1,232,235,1968,75.59249969,0,0,0,1,1,3/16/2020 13:42,2589
4,7,10,1,235,235,1514,96.71581375,0,0,1,0,0,10/3/2021 4:28,21959
14,2,9,1,225,226,1890,79.13375871,1,0,0,0,1,9/26/2023 14:26,46733
23,7,1,2,224,229,1667,57.92479931,1,1,0,1,1,1/17/2021 23:10,13116
13,6,12,2,230,233,1672,62.26186966,0,1,0,1,0,12/12/2020 13:57,11870
14,3,6,1,235,239,1958,95.29457644,0,0,0,0,1,6/29/2022 14:53,31186
20,2,6,1,232,232,1605,70.8462315,0,0,1,1,1,6/7/2022 20:04,30440
11,4,7,2,230,230,1825,82.6748048,1,0,0,1,0,7/20/2023 11:26,44400
1,5,10,2,225,225,1506,53.43671632,1,0,0,1,0,10/13/2023 1:41,47297
7,3,10,0,218,227,1855,45.31331785,1,1,1,1,0,10/26/2022 7:41,35251
0,7,4,2,231,236,1661,55.49845548,1,0,0,0,0,4/10/2022 0:38,28426
1,2,12,1,239,239,1626,51.91906806,0,0,1,0,0,12/7/2021 1:40,24181
17,3,10,2,233,239,1918,30.08354808,0,1,0,1,0,10/11/2023 17:27,47251
9,6,7,1,233,237,1550,90.32432637,0,0,1,1,0,7/16/2022 9:09,31760
14,6,9,1,222,225,1936,74.00379569,1,0,1,0,1,9/24/2022 14:36,34165
11,3,3,2,219,226,1939,73.15496855,0,1,0,1,1,3/16/2022 11:57,27586
1,7,4,2,213,221,1951,13.25558405,1,1,0,0,0,4/3/2022 1:50,28188
21,2,10,2,234,237,1744,16.97833393,1,0,0,1,0,10/11/2022 21:29,34757
4,1,4,2,218,224,1771,58.99144916,1,0,0,0,0,4/5/2021 4:49,15761
20,6,3,2,226,231,1655,74.26693705,0,1,0,1,1,3/18/2023 20:53,40167
3,6,8,2,232,237,1699,56.86200211,0,1,0,1,1,8/27/2022 3:18,33190
8,5,12,1,232,234,1608,43.74610999,0,0,0,1,1,12/2/2022 8:19,36519
21,4,4,1,230,235,1620,81.30539423,0,0,1,1,1,4/7/2022 21:28,28353
17,3,12,0,232,236,1898,30.1031222,1,0,1,1,0,12/2/2020 17:05,11532
17,7,11,2,228,237,1990,61.06254134,1,0,0,0,0,11/14/2021 17:33,23416
12,3,5,2,233,235,1604,43.18664678,0,0,0,1,0,5/24/2023 12:09,42449
16,3,7,2,227,229,1532,66.86697897,1,1,0,1,1,7/1/2020 16:17,6257
15,6,3,0,217,220,1608,57.86010442,1,1,1,1,0,3/20/2021 15:17,15228
16,2,8,1,224,225,1564,26.48358515,0,0,1,0,0,8/22/2023 16:16,45537
5,1,6,0,231,235,1924,80.61402146,1,1,1,1,0,6/20/2022 5:13,30864
9,1,1,0,228,235,1663,27.00162864,0,1,1,1,0,1/11/2021 9:29,12891
2,5,11,0,224,227,1965,19.36905833,1,1,1,0,1,11/3/2023 2:59,48018
1,5,8,0,223,225,1995,96.15207056,1,1,1,0,0,8/18/2023 1:32,45379
4,2,4,2,237,239,1609,20.54023546,0,0,0,0,0,4/28/2020 4:11,4048
7,7,5,0,236,238,1748,53.45775602,1,0,1,0,0,5/2/2021 7:11,16689
11,3,4,1,232,237,1817,58.28543086,0,1,1,0,1,4/21/2021 11:10,16318
17,5,8,0,230,231,1991,41.63965563,1,1,1,0,1,8/6/2021 17:58,19992
19,3,10,2,231,233,1919,96.82245092,0,1,0,0,1,10/11/2023 19:33,47254
12,7,8,2,234,234,1789,99.53112916,0,1,0,0,1,8/2/2020 12:52,7348
0,7,1,2,230,235,1946,87.18775238,0,1,0,1,1,1/1/2023 0:21,37535
18,5,12,1,225,231,1688,26.21077283,0,0,1,1,1,12/10/2021 18:41,24308
6,5,8,2,235,236,1572,65.55872493,0,1,0,0,1,8/13/2021 6:15,20215
6,5,5,1,223,226,1938,52.333146,1,0,0,0,1,5/20/2022 6:21,29804
11,3,5,2,231,237,1516,77.4044132,0,1,0,1,0,5/6/2020 11:13,4332
15,3,1,2,237,237,1531,79.96246938,0,1,0,1,0,1/15/2020 15:48,503
18,6,4,1,225,228,1510,59.84672925,1,0,0,1,1,4/29/2023 18:33,41602
12,2,5,1,225,231,1891,26.82156432,0,0,1,1,0,5/5/2020 12:47,4300
15,7,5,0,236,237,1616,51.79442529,1,1,1,1,1,5/7/2023 15:04,41871
12,7,4,2,228,231,1632,41.67407596,0,0,0,1,0,4/2/2023 12:00,40668
8,4,12,0,232,233,1543,10.42015044,0,1,1,0,0,12/29/2022 8:34,37444
13,1,4,1,224,229,1820,90.67182871,0,0,0,0,1,4/3/2023 13:56,40705
1,4,11,2,218,222,1586,29.27894938,0,1,0,1,1,11/4/2021 1:45,23051
5,7,10,2,234,239,1791,59.4322188,0,1,0,1,0,10/17/2021 5:33,22440
6,5,2,1,234,235,1540,26.92788884,1,0,0,0,1,2/25/2022 6:49,26928
4,1,3,2,220,227,1864,34.42866976,1,0,0,0,0,3/6/2023 4:02,39732
9,1,5,1,225,228,1560,60.9683562,1,0,1,0,1,5/2/2022 9:27,29192
13,1,4,2,229,238,1650,55.71744491,0,1,0,1,1,4/3/2023 13:13,40704
7,1,4,0,233,234,1866,52.30354403,1,0,1,0,0,4/4/2022 7:16,28230
8,5,10,0,221,224,1688,25.4663715,1,1,1,0,1,10/7/2022 8:51,34602
6,7,10,0,228,235,1732,29.1614431,1,0,1,0,0,10/18/2020 6:37,9976
3,5,7,0,227,233,1644,33.10563197,1,1,1,1,1,7/8/2022 3:31,31478
16,2,9,1,227,228,1987,94.12378119,0,0,1,1,0,9/20/2022 16:00,34030
12,2,1,2,230,231,1671,38.97599743,0,1,0,0,0,1/3/2023 12:37,37621
4,6,7,0,232,239,1981,90.32450962,0,1,1,0,0,7/1/2023 4:54,43740
13,2,1,0,224,225,1804,11.79274023,1,0,1,0,0,1/28/2020 13:34,945
8,6,2,2,232,234,1733,53.49959945,1,1,0,0,0,2/18/2023 8:12,39190
16,2,4,0,228,236,1514,23.950725,1,1,1,0,1,4/20/2021 16:57,16292
0,2,2,1,216,224,1829,15.79173538,0,0,1,1,0,2/18/2020 0:08,1645
11,4,1,2,220,227,1925,40.24906956,1,1,0,1,0,1/19/2023 11:58,38168
2,7,10,0,226,230,1726,90.95709243,1,1,1,1,0,10/16/2022 2:24,34901
9,6,8,2,219,223,1759,29.4893036,1,1,0,1,0,8/1/2020 9:32,7309
23,6,6,2,226,229,1752,77.9807273,1,1,0,0,0,6/3/2023 23:44,42808
0,4,8,2,222,230,1599,58.76630267,0,0,0,1,0,8/26/2021 0:30,20652
3,3,11,1,214,223,1842,41.20244494,0,0,1,0,1,11/11/2020 3:11,10793
3,7,5,0,228,236,1736,46.43407653,1,1,1,1,1,5/24/2020 3:55,4938
14,1,5,2,223,231,1583,74.23228284,0,1,0,1,1,5/15/2023 14:24,42144
12,2,10,1,229,232,1743,65.53057643,0,0,0,1,1,10/11/2022 12:22,34744
14,5,4,1,220,225,1760,99.50052449,0,0,1,1,1,4/29/2022 14:11,29096
11,7,6,1,222,227,1856,17.57524416,1,0,1,1,1,6/19/2022 11:00,30838
20,7,4,2,228,234,1715,60.2407101,1,1,0,1,1,4/19/2020 20:27,3763
17,2,9,0,239,239,1980,88.75355042,1,0,1,0,0,9/19/2023 17:02,46497
12,4,8,1,229,235,1677,50.89390117,1,0,1,0,1,8/31/2023 12:36,45840
4,5,10,2,222,227,1932,18.87222735,1,1,0,1,1,10/30/2020 4:33,10384
4,1,7,0,229,237,1547,51.86593905,1,0,1,0,0,7/20/2020 4:36,6891
21,3,7,0,232,232,1522,35.68549726,0,1,1,0,0,7/29/2020 21:16,7223
20,2,10,2,215,224,1965,83.77892171,0,1,0,1,0,10/3/2023 20:14,46981
14,4,9,2,220,227,1990,63.71162765,1,1,0,1,0,9/2/2021 14:43,20912
9,4,2,2,227,235,1581,30.70401804,0,1,0,0,0,2/9/2023 9:03,38883
4,2,7,1,227,234,1850,65.10224588,0,0,1,1,0,7/20/2021 4:04,19390
22,1,5,1,225,231,1846,13.20237563,1,0,1,0,1,5/24/2021 22:18,17464
5,5,4,2,212,221,1642,16.20777123,1,1,0,0,0,4/16/2021 5:44,16139
2,3,3,1,226,228,1792,56.5300937,0,0,1,1,1,3/25/2020 2:20,2881
2,3,2,0,211,220,1784,14.12735313,1,0,1,0,0,2/12/2020 2:34,1443
0,3,9,1,226,231,1799,76.63682939,0,0,1,1,0,9/6/2023 0:22,46028
6,1,11,1,237,239,1843,57.36394376,0,0,1,1,1,11/13/2023 6:52,48366
16,5,1,2,231,236,1598,80.10047968,0,0,0,0,0,1/14/2022 16:51,25504
21,5,10,0,227,228,1814,47.75984726,1,0,1,0,0,10/21/2022 21:52,35100
0,1,10,0,221,226,1720,28.92004166,1,1,1,0,1,10/24/2022 0:19,35172
8,4,10,0,227,229,1778,68.39583145,1,0,1,1,0,10/7/2021 8:41,22102
14,6,7,0,216,220,1804,36.33433261,1,0,1,0,0,7/11/2020 14:34,6597
7,7,8,1,233,235,1669,25.89131304,0,0,0,0,1,8/20/2023 7:30,45456
10,5,9,0,220,224,1884,94.52442705,1,1,1,0,1,9/15/2023 10:01,46350
3,6,6,2,233,234,1855,31.30785173,0,0,0,1,0,6/17/2023 3:06,43258
14,4,8,0,236,236,1721,93.25955706,1,0,1,1,0,8/25/2022 14:52,33138
15,4,2,0,220,223,1731,83.2443822,0,1,1,1,0,2/13/2020 15:43,1496
18,7,11,2,222,222,1571,92.96439708,1,0,0,1,0,11/1/2020 18:13,10472
6,7,10,0,222,222,1881,72.79345821,1,1,1,1,0,10/8/2023 6:45,47133
4,3,7,2,237,238,1524,93.41836467,1,1,0,0,0,7/15/2020 4:46,6720
16,3,12,1,232,236,1622,86.49309876,0,0,0,0,1,12/22/2021 16:37,24716
17,7,1,2,218,226,1564,88.10580245,0,0,0,0,0,1/19/2020 17:13,642
4,4,3,1,219,220,1944,69.26159069,0,1,1,1,1,3/9/2023 4:55,39836
11,1,6,2,217,222,1641,32.72113694,1,1,0,1,0,6/29/2020 11:43,6182
19,4,3,1,234,239,1996,57.55817972,1,0,0,1,1,3/16/2023 19:50,40097
13,1,3,2,217,225,1926,95.38983046,0,1,0,1,1,3/7/2022 13:30,27280
12,1,2,1,226,228,1884,22.90822356,0,0,1,1,1,2/22/2021 12:03,14333
6,1,12,1,219,221,1861,90.72530286,1,0,0,0,1,12/27/2021 6:38,24873
17,1,1,2,225,228,1948,50.23362416,0,0,0,0,0,1/18/2021 17:23,13142
11,5,7,0,229,230,1827,33.85210662,1,1,1,1,0,7/28/2023 11:27,44674
13,4,12,0,232,236,1705,20.387639,1,0,1,0,0,12/22/2022 13:59,37212
0,4,6,0,221,230,1774,13.21927529,1,1,1,0,0,6/23/2022 0:30,30960
0,2,6,2,231,234,1539,63.53292437,0,0,0,1,0,6/13/2023 0:59,43118
3,3,9,2,214,221,1797,60.22339704,1,0,0,1,0,9/27/2023 3:03,46751
14,4,1,1,225,229,1843,77.18417705,1,0,1,0,1,1/14/2021 14:34,13001
11,1,3,2,222,231,1728,49.53485977,0,1,0,1,1,3/2/2020 11:12,2106
13,7,3,2,232,236,1657,29.1250835,1,0,0,1,0,3/19/2023 13:42,40191
2,3,11,1,221,223,1751,35.79727727,1,0,0,0,1,11/11/2020 2:29,10792
10,4,12,1,218,220,1860,26.96203824,1,0,0,1,1,12/8/2022 10:47,36728
19,4,10,1,219,224,1582,98.42886374,0,0,0,1,1,10/28/2021 19:47,22837
9,5,7,1,220,222,1766,46.3007319,0,1,1,1,1,7/2/2021 9:59,18782
7,3,3,1,220,223,1844,95.76997172,0,0,1,0,0,3/10/2021 7:54,14875
20,3,11,0,221,229,1826,81.2448915,1,1,1,0,1,11/1/2023 20:09,47974
23,3,7,1,236,238,1574,25.99770107,0,0,1,0,0,7/14/2021 23:20,19212
18,1,5,2,235,237,1908,18.80931784,1,1,0,0,0,5/29/2023 18:17,42629
5,3,7,1,231,239,1683,78.90472102,0,1,1,0,1,7/14/2021 5:07,19186
15,5,2,0,228,235,1602,21.93013312,0,1,1,0,0,2/28/2020 15:56,2010
18,5,4,0,218,223,1904,76.26714903,1,1,1,1,1,4/28/2023 18:02,41567
18,7,12,2,229,235,1968,34.08416253,1,1,0,1,0,12/20/2020 18:11,12150
14,7,11,1,226,226,1523,69.19436619,1,0,0,1,1,11/19/2023 14:14,48582
10,1,4,0,232,235,1784,93.8285622,1,1,1,1,0,4/6/2020 10:05,3303
9,1,5,2,227,232,1934,69.5376161,0,1,0,1,1,5/3/2021 9:48,16727
3,4,6,0,212,220,1598,74.65110876,1,0,1,1,0,6/18/2020 3:06,5793
1,2,8,1,235,238,1709,62.40407276,0,0,1,0,1,8/2/2022 1:19,32331
15,5,6,1,216,225,1538,18.05421532,0,0,1,0,0,6/11/2021 15:00,18070
10,2,4,0,216,221,1632,60.31930495,1,0,1,0,0,4/25/2023 10:50,41454
15,3,2,2,233,237,1936,18.88632396,0,1,0,0,1,2/2/2022 15:41,26153
19,6,1,2,225,228,1652,96.87596823,0,0,0,0,0,1/16/2021 19:50,13077
16,5,9,2,221,221,1941,36.47985362,1,1,0,1,0,9/8/2023 16:50,46120
13,2,6,2,234,236,1894,14.34978143,0,1,0,1,0,6/29/2021 13:18,18684
23,7,4,1,226,227,1577,59.03826147,1,0,1,1,1,4/26/2020 23:27,4007
22,5,7,2,215,223,1818,58.85249476,0,1,0,1,0,7/16/2021 22:59,19280
18,2,8,2,224,227,1807,87.5427454,0,1,0,1,0,8/18/2020 18:31,7904
1,1,1,2,231,234,1541,37.4503988,0,1,0,1,1,1/16/2023 1:16,38050
23,3,7,0,229,230,1999,35.54713921,1,1,1,1,0,7/5/2023 23:50,43904
3,7,5,2,215,220,1865,54.13375633,0,1,0,1,0,5/23/2021 3:33,17403
23,5,12,2,221,228,1534,10.79649371,0,1,0,0,1,12/24/2021 23:58,24795
9,7,6,2,226,228,1508,80.62222802,1,0,0,1,0,6/25/2023 9:26,43541
3,1,5,0,220,227,1561,82.60989752,0,1,1,0,0,5/25/2020 3:44,4972
2,4,1,1,224,233,1735,81.167606,1,0,0,1,1,1/19/2023 2:09,38154
0,2,10,2,235,235,1943,62.74019103,0,0,0,1,0,10/20/2020 0:40,10036
5,2,1,2,230,230,1980,17.96098964,0,1,0,0,0,1/7/2020 5:58,215
2,5,6,0,224,224,1693,80.77567552,1,1,1,1,1,6/23/2023 2:04,43462
14,4,1,0,237,238,1594,20.5826893,1,0,1,1,0,1/9/2020 14:44,296
16,6,12,2,222,227,1898,67.55106129,1,0,0,0,0,12/31/2022 16:38,37524
21,1,6,2,226,230,1967,27.64756664,1,1,0,0,0,6/28/2021 21:11,18661
7,4,8,1,220,225,1581,59.64565212,1,0,1,0,1,8/6/2020 7:59,7478
22,3,8,2,230,238,1641,75.34058524,0,1,0,1,1,8/18/2021 22:12,20409
0,4,6,1,217,220,1521,48.3290955,0,0,1,0,1,6/9/2022 0:48,30481
3,2,3,0,226,232,1929,19.34203312,1,0,1,1,0,3/15/2022 3:43,27540
6,1,8,1,218,222,1574,29.16428701,0,0,1,0,0,8/14/2023 6:25,45249
8,3,3,1,232,234,1860,74.8603405,0,0,1,1,0,3/9/2022 8:57,27342
7,7,7,1,216,220,1738,34.63554396,1,0,0,0,1,7/16/2023 7:55,44258
19,4,6,1,222,228,1786,34.6648951,1,0,0,1,1,6/17/2021 19:34,18282
3,2,4,2,232,239,1922,89.73663025,1,1,0,1,0,4/21/2020 3:17,3807
16,2,8,2,220,226,1592,84.82634747,1,1,0,1,1,8/3/2021 16:23,19887
15,6,3,0,224,230,1943,86.51075805,1,0,1,0,0,3/11/2023 15:47,39920
20,5,11,1,223,230,1606,81.20913951,1,0,1,0,1,11/3/2023 20:30,48043
16,2,9,2,212,221,1662,86.92797923,0,1,0,1,1,9/26/2023 16:32,46736
17,6,8,0,220,226,1978,13.36908282,1,1,1,0,1,8/27/2022 17:19,33210
19,3,2,1,231,237,1635,84.3436686,0,0,1,0,1,2/5/2020 19:53,1228
23,5,11,2,214,222,1521,62.83747144,0,0,0,1,0,11/5/2021 23:18,23116
9,1,2,2,226,227,1559,11.36516245,1,1,0,1,1,2/8/2021 9:34,13850
22,2,11,0,230,238,1805,41.5429326,1,0,1,1,0,11/22/2022 22:39,36197
0,4,4,1,233,235,1759,67.92326177,1,0,1,0,1,4/13/2023 0:59,41029
23,4,11,2,215,220,1660,66.23906544,0,0,0,1,0,11/30/2023 23:33,48972
0,1,4,0,231,236,1619,37.09925077,1,0,1,1,0,4/5/2021 0:37,15755
13,1,10,2,230,235,1892,21.37737143,1,1,0,1,0,10/23/2023 13:17,47656
2,7,11,1,213,221,1968,84.38460321,1,0,1,0,1,11/20/2022 2:41,36100
20,6,7,0,230,230,1588,95.41451694,0,1,1,1,0,7/30/2022 20:45,32256
10,6,2,0,220,228,1573,24.74431998,1,0,1,1,0,2/5/2022 10:57,26249
16,5,4,0,223,227,1894,21.067259,1,1,1,1,1,4/24/2020 16:47,3929
19,4,9,2,220,221,1831,19.21615056,0,1,0,1,1,9/28/2023 19:00,46808
9,1,4,1,234,239,1586,39.78638164,1,0,0,0,1,4/3/2023 9:43,40699
13,5,5,0,235,236,1535,84.21873514,0,1,1,1,0,5/21/2021 13:43,17349
22,2,6,1,222,230,1578,76.17565988,1,0,0,0,1,6/14/2022 22:22,30683
8,2,8,0,230,233,1995,71.32938702,1,1,1,1,1,8/8/2023 8:52,45047
2,3,1,1,230,239,1770,81.91609002,0,0,1,0,0,1/11/2023 2:08,37880
20,1,10,1,231,239,1964,48.03573469,0,0,0,1,1,10/23/2023 20:18,47666
19,2,5,0,220,225,1634,29.37179048,0,1,1,0,0,5/19/2020 19:29,4789
4,1,5,2,213,221,1580,59.27822685,0,0,0,0,0,5/31/2021 4:17,17678
18,4,6,1,225,231,1695,52.22586036,1,0,0,1,1,6/9/2022 18:19,30506
14,3,3,2,219,227,1534,91.53033856,1,0,0,0,0,3/25/2020 14:57,2899
7,1,1,0,232,235,1501,23.02585232,0,1,1,0,0,1/16/2023 7:34,38059
6,6,2,1,237,239,1802,47.78278832,0,0,1,1,0,2/6/2021 6:24,13777
18,2,6,2,231,236,1564,79.6970839,0,1,0,1,1,6/22/2021 18:01,18451
18,5,6,0,223,230,1585,35.3294494,0,1,1,1,0,6/5/2020 18:40,5370
16,1,2,0,228,228,1506,26.06796335,1,1,1,1,1,2/27/2023 16:27,39510
21,2,11,0,230,239,1557,83.18508812,1,1,1,0,1,11/16/2021 21:25,23490
15,6,10,1,235,236,1848,76.88089962,1,0,1,0,1,10/2/2021 15:09,21940
12,2,11,1,226,230,1959,17.13535455,0,0,1,1,1,11/21/2023 12:29,48648
23,2,3,2,220,221,1648,49.86679426,1,1,0,0,0,3/31/2020 23:02,3116
21,3,1,1,236,239,1694,55.16464406,1,0,1,1,1,1/18/2023 21:57,38148
23,1,9,2,223,226,1802,15.81254474,0,1,0,1,1,9/12/2022 23:41,33767
7,4,6,1,222,229,1965,18.27914663,1,0,1,1,1,6/24/2021 7:51,18505
2,4,2,1,222,224,1995,69.61664114,0,0,1,0,1,2/3/2022 2:12,26168
23,4,5,2,231,232,1603,29.77339711,0,0,0,1,0,5/21/2020 23:21,4863
12,3,9,1,224,231,1953,89.3113351,0,0,1,1,1,9/6/2023 12:58,46046
6,3,8,2,223,227,1847,36.5330855,1,1,0,0,1,8/12/2020 6:15,7681
6,4,9,1,218,223,1945,59.28837675,0,0,1,1,1,9/16/2021 6:00,21379
17,1,10,1,228,235,1919,67.86048641,0,1,1,1,1,10/16/2023 17:18,47422
11,7,1,2,232,233,1980,56.84813421,1,1,0,0,1,1/30/2022 11:17,26044
16,5,8,1,225,229,1502,72.92465669,1,0,1,0,1,8/18/2023 16:15,45400
23,3,3,0,229,229,1971,30.62808247,1,1,1,1,1,3/29/2023 23:12,40547
8,1,12,1,225,234,1622,25.93719626,1,0,1,1,1,12/20/2021 8:33,24636
16,1,1,2,234,234,1611,94.84040903,0,1,0,0,0,1/17/2022 16:20,25606
9,3,4,2,229,230,1973,42.72216313,1,0,0,1,0,4/26/2023 9:16,41486
13,6,5,0,214,220,1999,12.98714872,1,1,1,0,0,5/21/2022 13:11,29848
4,1,8,1,221,223,1881,34.58785021,1,0,1,1,1,8/30/2021 4:01,20794
12,4,2,1,218,227,1973,32.83955049,0,0,1,1,1,2/2/2023 12:21,38648
5,1,9,2,229,236,1675,97.05269796,1,0,0,1,0,9/20/2021 5:18,21515
0,3,5,1,215,224,1644,65.26992433,0,0,0,0,1,5/10/2023 0:32,41953
14,6,10,1,235,235,1978,59.06050766,1,0,1,0,1,10/24/2020 14:41,10193
9,2,6,0,215,222,1871,58.9119599,1,0,1,1,0,6/7/2022 9:33,30425
18,4,11,2,235,237,1797,75.8115852,1,0,0,0,0,11/19/2020 18:37,11089
11,6,5,1,225,227,1521,66.36871325,0,0,1,0,1,5/9/2020 11:24,4435
2,7,6,2,221,224,1743,24.58061818,1,0,0,1,0,6/11/2023 2:02,43051
23,6,11,1,219,222,1845,53.89361702,1,0,1,1,1,11/27/2021 23:01,23869
18,6,7,1,221,229,1831,34.2391997,1,0,0,1,1,7/25/2020 18:27,7082
23,1,4,2,223,232,1913,19.20698539,1,0,0,0,0,4/10/2023 23:56,40959
0,5,5,1,238,239,1853,20.99548822,0,0,1,0,0,5/8/2020 0:22,4385
20,2,8,2,236,239,1639,98.03736086,0,1,0,0,0,8/1/2023 20:35,44824
6,6,9,2,226,226,1748,59.74456188,0,1,0,1,1,9/24/2022 6:54,34154
14,3,10,2,226,233,1610,34.8561595,0,0,0,1,0,10/21/2020 14:30,10090
16,5,4,2,231,238,1627,79.15856468,0,0,0,1,0,4/30/2021 16:38,16634
13,5,4,1,222,230,1539,37.50928704,1,0,0,0,1,4/9/2021 13:57,15911
17,7,7,0,233,233,1735,59.84016989,1,0,1,0,0,7/31/2022 17:04,32285
15,5,11,2,218,226,1803,58.00235781,1,1,0,0,0,11/20/2020 15:39,11119
6,7,6,2,217,221,1801,73.77746013,1,0,0,1,0,6/6/2021 6:45,17887
14,4,1,1,227,232,1960,74.47731602,0,0,1,1,1,1/16/2020 14:14,535
14,1,7,1,229,236,1883,87.08613335,0,0,1,1,1,7/19/2021 14:46,19371
19,6,11,0,229,230,1985,17.57293051,0,1,1,0,0,11/4/2023 19:38,48076
21,1,11,2,218,225,1813,97.39026784,1,0,0,1,0,11/20/2023 21:46,48627
1,1,4,1,219,227,1571,39.95025666,0,1,1,0,1,4/24/2023 1:12,41406
4,3,7,1,228,236,1803,47.36377748,0,0,1,0,0,7/13/2022 4:45,31651
10,5,9,0,225,230,1934,38.78392281,0,1,1,0,0,9/18/2020 10:23,8954
18,7,9,2,228,237,1989,64.87136527,0,0,0,1,0,9/3/2023 18:24,45951
20,6,4,2,231,239,1641,89.34820641,1,1,0,0,1,4/4/2020 20:14,3249
20,7,11,1,228,229,1998,36.92613703,0,1,1,0,1,11/28/2021 20:03,23899
0,1,11,0,218,224,1873,73.0910796,1,0,1,0,0,11/9/2020 0:43,10721
5,1,4,0,221,222,1787,71.70879319,1,1,1,0,0,4/5/2021 5:31,15762
7,3,5,1,230,230,1553,58.59127692,1,0,0,1,1,5/4/2022 7:00,29257
9,6,12,1,231,235,1967,72.96027802,1,0,1,0,1,12/17/2022 9:14,37034
5,6,1,2,212,220,1606,53.41763681,0,1,0,1,1,1/15/2022 5:28,25522
21,5,10,0,223,226,1942,26.45811541,1,1,1,0,0,10/2/2020 21:17,9449
9,3,7,1,226,235,1966,74.14687728,0,0,1,1,1,7/28/2021 9:00,19671
3,2,8,2,217,224,1748,38.01989514,0,1,0,1,0,8/11/2020 3:37,7643
0,2,3,2,227,234,1742,32.70638895,0,1,0,1,0,3/17/2020 0:13,2604
17,5,8,1,220,225,1512,71.41399962,0,0,1,0,1,8/7/2020 17:37,7526
19,1,1,1,230,231,1884,86.43196453,0,0,0,0,1,1/20/2020 19:51,680
16,7,9,1,225,234,1664,16.56694304,0,1,1,0,1,9/12/2021 16:30,21257
0,2,9,1,228,234,1700,51.491881,0,1,1,1,1,9/27/2022 0:46,34248
1,7,6,2,220,226,1758,18.5483695,1,0,0,1,0,6/25/2023 1:01,43529
10,4,10,1,226,226,1644,65.22942717,1,0,0,1,1,10/19/2023 10:28,47515
20,1,7,2,220,228,1862,75.94682958,1,1,0,0,1,7/20/2020 20:01,6913
16,6,7,2,218,224,1559,55.43990109,0,1,0,1,0,7/1/2023 16:07,43756
15,1,8,2,232,232,1720,62.22400723,0,0,0,1,0,8/10/2020 15:00,7625
19,4,4,1,220,222,1526,97.52575703,1,0,1,0,1,4/14/2022 19:34,28590
10,1,2,1,222,224,1706,31.55919639,1,0,1,0,1,2/1/2021 10:04,13611
11,5,7,1,217,225,1877,88.62921547,0,0,1,1,1,7/23/2021 11:16,19503
18,1,6,2,236,236,1757,77.68964465,1,1,0,0,0,6/19/2023 18:53,43349
8,4,6,1,228,235,1643,13.29549515,0,0,1,1,1,6/29/2023 8:45,43677
0,6,3,0,226,227,1898,29.63997944,0,1,1,0,0,3/20/2021 0:34,15207
23,2,6,1,238,239,1900,37.26133601,0,0,0,0,1,6/27/2023 23:48,43630
9,5,9,1,217,220,1809,85.99427032,0,1,1,0,1,9/2/2022 9:17,33404
12,1,10,1,226,229,1970,89.12114239,1,0,1,0,1,10/25/2021 12:35,22724
5,1,10,2,232,237,1897,31.02928693,1,1,0,0,0,10/10/2022 5:32,34700
8,2,11,2,220,227,1989,44.54004448,0,0,0,0,0,11/16/2021 8:48,23472
18,5,4,1,231,233,1881,78.71225877,0,0,0,0,1,4/29/2022 18:23,29102
0,3,9,0,226,235,1907,96.42273742,1,1,1,0,1,9/30/2020 0:36,9351
21,7,4,0,219,222,1677,14.97404455,1,0,1,1,0,4/12/2020 21:40,3525
17,2,12,1,229,230,1563,50.65406996,0,0,1,0,0,12/20/2022 17:50,37149
0,7,1,2,218,224,1994,70.19960541,1,1,0,0,0,1/2/2022 0:00,25069
9,2,8,1,226,231,1582,69.28738808,0,0,1,0,1,8/4/2020 9:43,7412
4,4,2,0,222,224,1986,74.45801159,1,0,1,1,0,2/27/2020 4:53,1960
6,3,6,1,224,226,1678,17.57911438,1,0,1,0,1,6/16/2021 6:26,18229
12,5,8,0,223,229,1506,83.91861589,1,0,1,1,0,8/21/2020 12:24,7998
2,7,9,1,228,229,1812,32.06901672,1,0,1,0,1,9/24/2023 2:52,46648
6,4,8,1,222,227,1691,86.16245764,1,0,0,0,1,8/31/2023 6:18,45831
4,7,10,2,229,229,1751,46.27748633,1,0,0,1,0,10/22/2023 4:21,47609
11,7,8,0,226,235,1861,63.18649684,1,1,1,1,0,8/2/2020 11:28,7346
2,7,6,2,217,225,1951,54.9499331,1,0,0,1,0,6/19/2022 2:35,30826
9,1,10,0,219,226,1659,53.13633286,1,0,1,1,0,10/23/2023 9:05,47650
10,2,1,0,220,220,1998,65.03646047,0,1,1,0,0,1/28/2020 10:03,940
5,5,8,1,221,226,1550,94.30067611,1,0,0,1,1,8/18/2023 5:02,45384
4,5,8,2,222,230,1627,40.94462522,0,1,0,0,1,8/12/2022 4:29,32678
12,2,4,2,219,225,1510,75.27767001,0,1,0,1,1,4/11/2023 12:33,40977
22,4,3,1,226,227,1550,81.42103505,1,0,0,0,1,3/12/2020 22:06,2464
5,1,6,0,221,227,1999,32.81675254,1,1,1,1,0,6/14/2021 5:22,18159
2,3,4,2,218,227,1823,68.08023245,1,1,0,1,0,4/29/2020 2:37,4080
23,6,3,1,220,222,1852,96.74703231,0,0,0,0,1,3/13/2021 23:30,15000
7,5,8,2,230,237,1530,55.61731574,1,0,0,1,0,8/11/2023 7:39,45148
17,1,7,1,235,237,1724,53.75807512,0,0,0,1,1,7/3/2023 17:10,43826
22,5,2,0,233,236,1695,46.92145566,1,0,1,0,0,2/18/2022 22:44,26711
1,6,10,0,228,236,1967,94.15239437,1,1,1,1,1,10/1/2022 1:29,34386
22,6,4,2,217,222,1922,14.91265802,0,1,0,0,1,4/30/2022 22:25,29142
3,7,8,1,228,235,1596,66.01689938,0,1,1,0,1,8/16/2020 3:27,7814
21,4,1,0,212,220,1784,21.54481351,1,1,1,1,1,1/9/2020 21:44,306
13,5,5,1,221,230,1881,34.30304552,1,0,1,0,1,5/20/2022 13:22,29814
14,6,1,0,234,234,1772,67.81019044,1,0,1,0,0,1/22/2022 14:46,25775
0,1,10,2,221,221,1850,40.43694222,1,1,0,1,0,10/26/2020 0:20,10241
17,7,8,2,229,233,1905,69.08066675,1,0,0,0,0,8/30/2020 17:52,8314
20,2,7,1,226,234,1921,22.42503788,1,0,1,0,1,7/27/2021 20:23,19653
15,5,5,1,219,222,1501,93.5918723,1,0,0,0,1,5/19/2023 15:49,42283
12,7,6,1,215,222,1527,63.63850358,0,0,0,0,1,6/12/2022 12:54,30601
10,7,7,2,214,220,1570,23.90159974,0,0,0,1,0,7/17/2022 10:22,31796
0,5,9,1,228,228,1541,14.63734328,0,0,0,0,1,9/23/2022 0:45,34111
7,7,12,1,228,237,1595,60.23042949,0,0,1,0,0,12/18/2022 7:40,37066
20,4,12,2,219,220,1612,21.37279794,1,1,0,0,0,12/3/2020 20:25,11571
11,7,2,1,239,239,1544,34.27900276,0,0,0,0,1,2/12/2023 11:20,38989
12,2,4,1,225,231,1928,49.30639472,0,0,1,0,1,4/14/2020 12:12,3580
6,3,12,2,215,222,1697,81.57696055,1,1,0,1,1,12/28/2022 6:38,37407
20,3,8,0,231,239,1595,59.68104971,1,1,1,0,0,8/26/2020 20:39,8181
1,1,8,2,223,228,1559,83.63741727,0,0,0,0,0,8/9/2021 1:20,20071
2,1,11,1,232,239,1750,76.16985025,0,1,1,0,1,11/30/2020 2:42,11443
2,2,3,0,219,223,1970,98.1666602,1,1,1,0,1,3/21/2023 2:09,40243
12,1,2,2,221,224,1625,13.40452084,1,1,0,0,0,2/20/2023 12:45,39265
3,2,6,0,214,220,1894,20.96132415,1,1,1,1,1,6/14/2022 3:27,30656
15,6,8,1,213,220,1751,86.58188549,1,0,1,0,1,8/13/2022 15:32,32728
1,6,12,1,229,234,1556,90.50521414,0,1,1,1,1,12/3/2022 1:08,36543
5,4,11,2,230,235,1675,36.27304394,0,1,0,0,0,11/16/2023 5:39,48467
20,2,6,2,227,234,1559,10.14388538,1,0,0,0,0,6/7/2022 20:46,30441
6,3,5,0,223,228,1903,57.53661144,1,1,1,0,1,5/12/2021 6:09,17030
8,7,11,1,220,220,1657,25.78769297,1,0,1,0,1,11/7/2021 8:57,23164
20,3,4,0,237,238,1841,25.42396455,1,1,1,0,0,4/1/2020 20:45,3147
14,5,10,2,230,233,1935,41.54464249,0,0,0,0,0,10/20/2023 14:30,47555
20,6,9,2,227,235,1886,97.95158015,0,1,0,1,0,9/25/2021 20:34,21708
4,4,6,0,223,226,1517,65.5913276,1,0,1,0,0,6/25/2020 4:42,6035
10,2,2,0,221,222,1874,77.23632817,1,1,1,1,0,2/18/2020 10:39,1660
7,2,3,2,226,230,1946,92.88393421,1,1,0,0,0,3/30/2021 7:57,15560
3,4,8,1,216,222,1924,82.08915738,0,0,1,1,1,8/31/2023 3:30,45827
10,7,2,2,225,225,1650,95.1151773,0,0,0,0,0,2/13/2022 10:17,26522
20,5,3,0,236,238,1527,59.4320158,0,1,1,1,0,3/18/2022 20:43,27667
13,5,1,1,227,233,1664,34.21633958,0,0,1,1,1,1/1/2021 13:19,12554
6,7,6,1,217,225,1858,48.98493465,1,0,0,0,1,6/13/2021 6:57,18127
3,7,2,2,220,223,1902,79.72617396,1,1,0,0,1,2/13/2022 3:16,26512
18,3,6,2,226,233,1697,60.4112637,1,0,0,0,0,6/24/2020 18:54,6021
7,5,2,1,229,237,1909,54.27872349,1,0,1,0,1,2/26/2021 7:10,14463
7,1,6,2,223,228,1887,39.96896283,0,1,0,0,0,6/26/2023 7:52,43573
0,1,12,0,231,237,1888,18.2391678,0,1,1,1,0,12/5/2022 0:48,36611
13,5,5,2,221,226,1778,69.60379597,1,1,0,0,1,5/15/2020 13:52,4644
10,2,3,1,228,237,1717,99.42666254,0,0,1,1,1,3/22/2022 10:55,27790
23,2,10,1,222,224,1881,55.17661625,0,0,1,1,1,10/27/2020 23:59,10309
22,3,9,1,234,238,1552,94.53614904,1,0,0,1,1,9/14/2022 22:38,33834
6,4,9,1,234,234,1782,14.15357115,1,0,1,0,1,9/17/2020 6:21,8914
16,4,9,0,225,232,1651,62.03667176,1,0,1,1,0,9/17/2020 16:52,8929
3,5,11,2,223,231,1535,39.84411414,1,0,0,0,0,11/25/2022 3:55,36273
17,4,12,2,222,228,1734,56.66663607,0,0,0,0,0,12/29/2022 17:41,37457
21,1,9,0,233,233,1878,26.91516134,1,0,1,0,0,9/19/2022 21:04,34003
7,2,11,1,216,222,1797,44.61700064,0,0,1,0,0,11/16/2021 7:24,23470
10,5,3,2,224,228,1714,42.48591855,1,1,0,1,0,3/20/2020 10:54,2722
0,6,2,2,229,234,1649,38.55349718,1,1,0,1,1,2/19/2022 0:50,26714
11,1,8,2,222,227,1714,32.39403734,0,0,0,0,0,8/7/2023 11:08,45016
2,4,10,2,225,228,1666,64.07308306,1,0,0,1,0,10/12/2023 2:34,47264
3,1,6,2,219,222,1677,54.21445882,0,1,0,1,0,6/14/2021 3:58,18157
4,4,5,1,218,225,1517,87.72291951,1,0,1,0,1,5/20/2021 4:04,17301
8,7,1,1,220,225,1792,57.32984524,1,0,1,1,1,1/8/2023 8:15,37786
14,4,8,2,212,221,1630,21.31578572,0,0,0,1,0,8/10/2023 14:07,45123
11,7,5,2,223,228,1509,16.90120943,1,1,0,1,1,5/30/2021 11:28,17654
3,2,10,1,216,223,1575,12.76371198,0,0,0,0,1,10/11/2022 3:16,34731
8,7,10,1,225,232,1510,76.62522365,0,1,1,0,1,10/10/2021 8:52,22205
2,6,4,2,225,225,1828,43.27232642,1,1,0,0,0,4/17/2021 2:03,16168
12,3,4,0,220,223,1975,13.59173318,1,1,1,1,0,4/12/2023 12:22,41011
14,5,4,2,236,238,1802,96.28201918,1,0,0,0,0,4/10/2020 14:18,3446
1,7,9,2,234,235,1702,80.73037788,1,1,0,1,0,9/27/2020 1:49,9250
2,4,5,2,221,222,1568,56.26581214,1,1,0,1,1,5/4/2023 2:17,41750
18,3,12,1,216,223,1879,81.83000412,0,0,1,1,1,12/30/2020 18:34,12493
17,5,3,2,230,234,1906,95.06829328,1,0,0,0,0,3/31/2023 17:15,40607
5,4,3,2,233,235,1871,57.93391664,0,1,0,1,0,3/12/2020 5:59,2441
22,7,10,2,220,227,1871,94.93680969,1,1,0,1,0,10/18/2020 22:02,9998
11,5,9,1,222,230,1906,87.03861099,1,0,1,0,1,9/1/2023 11:44,45873
13,5,12,0,218,221,1832,73.83445353,0,1,1,0,0,12/23/2022 13:49,37246
10,1,3,0,228,233,1905,33.25488006,1,1,1,0,0,3/20/2023 10:02,40220
19,6,2,1,225,228,1680,69.21845645,0,0,1,0,1,2/15/2020 19:34,1570
0,1,12,2,222,222,1585,61.59232326,1,0,0,0,0,12/26/2022 0:41,37330
11,3,7,0,216,225,1967,81.3495319,1,1,1,1,0,7/22/2020 11:16,6969
8,7,1,0,220,222,1651,56.01978669,1,1,1,0,0,1/3/2021 8:46,12616
2,4,5,0,233,236,1854,96.65682838,0,1,1,0,0,5/14/2020 2:50,4594
23,6,11,1,232,238,1969,80.49121966,1,0,1,0,1,11/18/2023 23:31,48561
13,5,5,1,222,227,1562,74.61126143,0,1,1,0,1,5/8/2020 13:41,4404
10,3,6,0,232,239,1971,59.71433476,1,0,1,1,0,6/10/2020 10:48,5530
19,2,6,0,214,221,1527,83.99000471,1,1,1,0,0,6/2/2020 19:53,5269
0,6,9,1,237,238,1839,98.94949394,0,1,1,0,1,9/16/2023 0:44,46371
3,1,3,0,224,225,1646,66.35611427,1,1,1,1,0,3/20/2023 3:01,40210
3,5,6,1,225,225,1782,93.70891656,0,0,1,0,1,6/2/2023 3:35,42745
7,4,4,2,224,226,1534,94.14881068,1,1,0,1,0,4/15/2021 7:18,16107
8,7,2,1,228,237,1603,13.24279435,0,0,0,0,1,2/6/2022 8:41,26280
3,7,5,0,223,224,1979,75.95675717,1,1,1,1,1,5/28/2023 3:03,42573
18,1,7,1,229,231,1633,96.1975519,0,0,1,0,0,7/24/2023 18:27,44547
5,3,4,2,229,236,1545,54.82994138,0,1,0,0,0,4/13/2022 5:43,28536
10,5,11,0,214,223,1737,68.52858647,1,1,1,0,0,11/19/2021 10:23,23577
0,5,7,0,229,231,1545,64.26804177,1,0,1,0,0,7/2/2021 0:10,18768
4,6,8,2,236,236,1852,70.00510379,0,1,0,0,1,8/7/2021 4:29,20007
22,6,3,1,236,237,1697,60.94528874,1,0,0,1,1,3/11/2023 22:06,39929
8,5,12,0,234,235,1521,51.86298568,0,1,1,0,0,12/10/2021 8:52,24294
3,2,7,2,220,223,1601,47.83148362,0,1,0,0,0,7/21/2020 3:02,6923
4,2,12,0,231,233,1996,68.37596283,0,1,1,1,0,12/14/2021 4:40,24425
23,2,5,1,230,237,1585,46.47084066,0,0,0,1,1,5/19/2020 23:00,4794
13,3,1,2,226,227,1753,93.53312014,1,1,0,0,1,1/25/2023 13:44,38376
21,3,1,2,228,236,1516,54.08299802,0,1,0,0,0,1/1/2020 21:43,32
0,5,5,0,234,234,1678,27.75243803,1,1,1,1,0,5/29/2020 0:15,5104
12,2,11,1,219,222,1767,61.29799985,0,0,1,1,0,11/7/2023 12:48,48169
15,7,12,0,226,230,1665,34.57074077,1,1,1,1,1,12/20/2020 15:23,12146
8,3,11,0,231,234,1525,47.73938486,1,0,1,1,0,11/30/2022 8:40,36451
0,2,5,0,219,226,1814,62.20895787,1,0,1,1,0,5/9/2023 0:43,41919
9,4,4,2,232,235,1591,27.01441266,0,0,0,1,0,4/23/2020 9:15,3884
5,7,5,1,228,235,1785,97.83814455,1,0,1,0,1,5/22/2022 5:18,29871
3,1,5,0,231,238,1778,44.35080379,1,1,1,1,0,5/30/2022 3:14,30142
23,4,5,2,232,235,1969,67.95990448,0,1,0,0,1,5/25/2023 23:53,42500
19,7,9,0,221,226,1817,49.82202747,1,0,1,0,0,9/25/2022 19:20,34206
1,4,11,1,222,228,1605,36.61210661,1,0,1,1,1,11/30/2023 1:50,48941
20,3,2,1,214,223,1770,81.17994003,1,0,1,0,1,2/3/2021 20:14,13694
17,4,3,0,219,222,1796,85.45666248,1,1,1,1,0,3/18/2021 17:02,15162
16,4,2,0,232,233,1548,89.33879403,1,1,1,0,0,2/24/2022 16:48,26908
2,1,7,1,219,227,1556,33.6051669,0,0,0,1,1,7/5/2021 2:27,18874
12,2,8,0,234,238,1763,81.93153032,1,1,1,0,0,8/9/2022 12:43,32587
8,4,10,0,219,222,1869,68.38577691,1,0,1,0,0,10/15/2020 8:32,9876
9,2,9,1,223,225,1530,46.84248151,1,0,1,0,1,9/27/2022 9:53,34261
11,5,11,2,219,222,1852,97.4126821,0,0,0,0,0,11/3/2023 11:23,48030
1,2,5,1,221,228,1954,26.52070475,0,0,1,0,0,5/25/2021 1:07,17468
23,4,4,1,227,230,1661,29.6598794,0,1,1,0,1,4/29/2021 23:07,16609
6,1,3,2,221,227,1888,91.83492366,0,1,0,0,1,3/30/2020 6:23,3058
11,3,10,1,229,233,1757,69.1842579,0,1,1,1,1,10/19/2022 11:00,35016
5,2,7,2,230,230,1541,52.18607653,0,1,0,1,1,7/19/2022 5:07,31857
19,1,7,1,226,229,1549,73.41268866,0,1,1,1,1,7/24/2023 19:09,44548
20,7,9,2,236,239,1872,32.75060649,0,1,0,0,1,9/4/2022 20:09,33488
0,6,8,2,221,224,1927,83.69214478,1,1,0,1,0,8/20/2022 0:19,32946
3,4,2,0,232,239,1551,88.14051597,0,1,1,0,0,2/18/2021 3:38,14184
6,2,5,0,222,222,1924,70.51522866,0,1,1,0,0,5/25/2021 6:01,17475
3,4,12,1,230,239,1970,17.99592776,0,1,1,0,1,12/17/2020 3:59,12027
4,6,9,2,229,232,1868,41.49558139,0,1,0,1,0,9/17/2022 4:36,33911
10,7,10,2,217,223,1807,64.03048954,1,0,0,0,0,10/18/2020 10:07,9981
23,6,4,0,236,236,1809,28.1046001,1,1,1,1,1,4/24/2021 23:58,16439
21,1,11,1,219,227,1980,72.85327421,1,0,0,0,1,11/30/2020 21:38,11470
12,4,1,1,229,235,1930,31.25550776,0,0,0,0,1,1/14/2021 12:28,12998
11,4,8,1,220,226,1739,90.5977659,0,0,0,0,1,8/24/2023 11:43,45599
3,2,8,1,234,236,1840,46.54910785,0,0,1,0,1,8/4/2020 3:25,7403
19,2,10,2,221,228,1509,29.65485148,1,1,0,1,1,10/3/2023 19:32,46980
22,6,3,0,225,225,1739,20.03162261,1,1,1,1,1,3/6/2021 22:36,14759
17,1,2,2,221,222,1682,43.27927612,1,1,0,0,0,2/1/2021 17:47,13622
3,7,7,1,224,227,1954,48.44830453,1,0,0,0,1,7/2/2023 3:19,43772
15,7,10,2,236,238,1951,67.65436099,0,1,0,1,0,10/23/2022 15:13,35159
16,2,4,1,229,234,1528,21.88409799,0,0,0,0,1,4/18/2023 16:15,41222
5,7,2,1,224,232,1671,81.84140036,1,0,0,0,1,2/12/2023 5:43,38981
13,6,1,2,221,225,1779,52.37734503,0,1,0,1,0,1/23/2021 13:43,13308
14,5,1,2,231,237,1613,29.39904554,0,0,0,1,0,1/20/2023 14:35,38206
22,1,10,0,230,236,1622,54.30611942,1,0,1,1,0,10/31/2022 22:15,35443
4,2,3,2,217,224,1900,25.6193387,0,0,0,0,0,3/3/2020 4:01,2130
17,4,5,2,226,232,1773,46.80652832,0,1,0,0,0,5/19/2022 17:02,29785
16,6,5,2,220,222,1580,25.18961929,1,1,0,0,1,5/2/2020 16:49,4203
11,5,12,0,224,230,1783,66.87108442,1,1,1,0,1,12/10/2021 11:40,24298
18,5,2,0,219,228,1708,96.3535011,1,1,1,0,0,2/26/2021 18:23,14479
2,4,1,0,228,235,1900,22.97768344,0,1,1,0,0,1/23/2020 2:30,758
21,3,5,0,217,226,1729,22.01233941,1,1,1,1,0,5/12/2021 21:34,17052
12,5,7,2,214,222,1536,75.5184918,0,1,0,1,1,7/3/2020 12:26,6320
1,3,4,1,224,233,1778,21.55002748,0,0,1,1,1,4/27/2022 1:54,29010
17,1,5,2,224,225,1629,71.67902757,1,1,0,1,1,5/30/2022 17:57,30163
6,7,3,0,231,233,1600,26.77459995,1,1,1,0,1,3/13/2022 6:09,27475
2,4,8,2,218,225,1545,82.75972958,1,1,0,1,0,8/12/2021 2:55,20176
13,6,5,2,217,221,1638,93.47867357,0,1,0,1,0,5/2/2020 13:18,4198
10,4,6,2,215,222,1670,12.47998599,0,1,0,0,1,6/1/2023 10:46,42721
20,2,10,1,232,238,1794,31.11710305,0,0,1,1,0,10/25/2022 20:28,35235
12,3,10,1,222,228,1676,37.69279875,1,0,1,1,1,10/14/2020 12:12,9847
12,2,3,2,228,234,1623,50.53635779,1,1,0,1,0,3/9/2021 12:17,14847
16,7,9,1,220,226,1632,56.28376603,1,0,1,0,1,9/3/2023 16:18,45948
12,5,1,2,234,236,1903,14.86718756,1,1,0,0,1,1/22/2021 12:30,13272
16,4,3,0,230,235,1689,95.32591976,1,1,1,0,1,3/30/2023 16:43,40572
6,7,3,2,232,232,1606,86.30268721,0,1,0,1,0,3/19/2023 6:00,40180
10,7,9,2,227,236,1584,47.33720997,1,1,0,1,0,9/10/2023 10:53,46180
8,5,5,0,222,223,1743,23.24094326,1,1,1,0,0,5/8/2020 8:04,4396
21,3,9,0,211,220,1851,13.9696451,0,1,1,0,0,9/27/2023 21:16,46777
6,6,6,2,220,227,1776,47.44269762,1,1,0,1,1,6/5/2021 6:55,17853
20,5,5,2,222,230,1725,32.53000346,1,1,0,1,0,5/15/2020 20:53,4654
21,7,1,2,219,228,1953,78.44573473,0,1,0,1,1,1/9/2022 21:13,25339
0,4,11,0,230,236,1631,88.17152242,1,1,1,1,0,11/5/2020 0:42,10584
8,4,8,0,214,221,1565,97.57197022,1,0,1,0,0,8/27/2020 8:34,8198
11,6,4,2,216,221,1566,35.29515811,1,1,0,0,1,4/17/2021 11:10,16181
15,4,7,0,230,234,1825,52.02804981,1,0,1,1,0,7/30/2020 15:29,7249
1,5,7,0,217,222,1519,68.40944407,0,1,1,0,0,7/7/2023 1:46,43941
10,6,11,0,224,233,1886,20.86984317,1,0,1,1,0,11/28/2020 10:04,11385
14,5,8,1,221,222,1706,26.3796526,0,1,1,1,1,8/5/2022 14:06,32452
21,7,3,2,229,229,1800,72.35516962,0,1,0,0,1,3/12/2023 21:13,39962
8,5,8,2,211,220,1665,64.4066015,0,1,0,0,0,8/6/2021 8:09,19978
1,3,8,2,228,231,1558,44.76036432,1,1,0,0,1,8/31/2022 1:55,33325
0,7,1,1,225,230,1602,42.67552856,0,0,1,1,0,1/17/2021 0:44,13084
9,1,3,1,237,238,1965,95.84134426,1,0,1,0,1,3/28/2022 9:53,27994
20,3,2,2,216,224,1662,44.57115294,1,0,0,0,0,2/19/2020 20:59,1709
10,1,11,0,221,222,1562,45.06330036,0,1,1,1,0,11/20/2023 10:34,48611
18,2,1,0,230,237,1518,75.67678967,1,1,1,1,1,1/5/2021 18:14,12698
21,2,11,1,218,220,1836,10.06739967,0,0,1,0,1,11/9/2021 21:55,23251
9,7,3,1,233,237,1709,69.10746682,0,1,1,0,1,3/5/2023 9:49,39706
13,1,2,2,228,231,1866,64.14906023,0,1,0,1,0,2/7/2022 13:25,26321
15,4,7,2,230,230,1588,17.13945222,0,1,0,0,0,7/14/2022 15:48,31701
8,4,7,2,226,229,1860,20.82264967,0,1,0,0,0,7/2/2020 8:24,6280
3,4,5,2,233,233,1918,32.97951721,0,1,0,1,0,5/21/2020 3:44,4835
13,3,4,2,224,224,1576,33.08954567,0,0,0,1,0,4/21/2021 13:17,16321
15,5,5,1,216,223,1712,27.97981935,1,0,0,1,1,5/6/2022 15:04,29337
13,2,9,1,233,239,1783,75.52385212,0,1,1,0,1,9/29/2020 13:23,9335
16,5,5,1,224,229,1971,92.7817907,1,0,1,0,1,5/22/2020 16:10,4887
18,7,9,1,225,233,1765,97.80192441,0,0,0,0,1,9/4/2022 18:45,33486
22,6,2,0,225,226,1537,80.39799853,1,1,1,1,0,2/12/2022 22:22,26505
18,4,3,2,212,221,1747,17.12722799,1,1,0,1,0,3/24/2022 18:59,27870
19,1,3,2,214,220,1907,84.92712474,1,1,0,0,0,3/15/2021 19:39,15063
15,2,5,1,235,238,1688,49.22355352,0,0,0,1,1,5/24/2022 15:28,29954
12,6,11,2,212,221,1712,31.60413805,0,0,0,1,0,11/25/2023 12:30,48785
18,6,9,2,226,229,1988,83.28742771,1,1,0,1,0,9/5/2020 18:14,8520
18,1,8,1,226,231,1513,25.9053954,1,0,0,0,1,8/1/2022 18:18,32321
23,3,5,2,224,227,1852,31.19437093,1,0,0,0,0,5/24/2023 23:21,42465
2,7,7,1,218,224,1829,85.18090457,0,0,1,0,0,7/30/2023 2:00,44729
10,4,3,1,232,232,1686,93.55980918,1,0,0,0,1,3/2/2023 10:20,39604
22,5,12,2,230,237,1628,83.93458278,1,1,0,1,1,12/16/2022 22:01,37018
5,1,2,0,223,228,1617,68.78521598,1,0,1,0,0,2/3/2020 5:31,1139
19,2,2,0,213,221,1632,97.3655791,0,1,1,1,0,2/15/2022 19:03,26603
11,2,8,1,215,222,1770,19.99543278,0,1,1,1,1,8/24/2021 11:22,20599
6,6,2,1,234,234,1784,36.44096501,0,0,0,1,1,2/22/2020 6:27,1791
22,5,8,0,234,234,1861,28.71459474,0,1,1,0,0,8/6/2021 22:10,19998
7,1,1,2,232,236,1615,36.88123599,0,0,0,0,0,1/20/2020 7:56,663
8,4,8,1,235,236,1801,20.18132176,0,0,1,0,1,8/26/2021 8:55,20664
14,3,1,1,225,228,1544,76.14999447,0,0,1,1,1,1/20/2021 14:56,13207
23,2,4,0,237,237,1534,19.58225558,1,1,1,1,0,4/13/2021 23:04,16061
0,5,1,2,228,236,1824,53.90451241,1,1,0,1,0,1/13/2023 0:23,37946
10,7,3,2,223,232,1564,39.21576592,1,1,0,1,1,3/26/2023 10:24,40426
15,6,10,1,215,220,1948,68.26226953,1,0,1,0,1,10/8/2022 15:42,34646
20,6,8,0,238,238,1614,57.00657184,1,1,1,0,1,8/12/2023 20:05,45200
3,6,1,1,216,222,1797,30.69908003,0,1,1,1,1,1/23/2021 3:13,13293
23,6,3,1,232,234,1792,84.13349445,0,0,0,1,1,3/26/2022 23:32,27945
5,2,5,2,234,235,1658,85.25424313,1,1,0,1,0,5/10/2022 5:16,29460
8,1,8,0,218,222,1542,47.04370437,1,0,1,1,0,8/15/2022 8:53,32787
14,6,2,2,228,232,1697,54.43768098,0,1,0,0,1,2/22/2020 14:52,1803
3,3,3,0,211,220,1710,97.97843219,0,1,1,0,0,3/10/2021 3:42,14869
10,6,1,2,231,236,1860,82.47686606,0,1,0,1,0,1/30/2021 10:25,13543
8,4,8,1,227,230,1643,67.45784694,0,0,1,0,1,8/11/2022 8:52,32650
3,1,4,0,226,227,1746,15.29027983,1,0,1,0,0,4/4/2022 3:04,28224
1,6,10,0,212,220,1558,79.09383043,1,0,1,1,0,10/28/2023 1:55,47811
14,7,7,2,224,228,1823,88.01346105,0,1,0,0,1,7/19/2020 14:35,6871
2,4,1,0,222,227,1542,19.22623894,1,1,1,1,1,1/30/2020 2:00,997
14,6,11,2,232,236,1663,90.13208619,0,1,0,0,1,11/21/2020 14:46,11152
15,6,11,1,238,239,1559,29.64576444,0,1,1,0,1,11/26/2022 15:40,36324
17,1,9,0,220,228,1977,52.38728906,1,1,1,0,0,9/25/2023 17:24,46703
13,1,5,2,231,235,1661,91.64559512,1,1,0,0,1,5/9/2022 13:51,29438
1,6,10,1,219,220,1906,69.36071085,1,0,0,0,1,10/3/2020 1:29,9455
1,2,8,0,232,237,1580,15.00720438,1,1,1,1,0,8/16/2022 1:00,32810
5,3,10,1,230,232,1614,15.66452117,0,0,0,0,1,10/20/2021 5:44,22543
6,6,10,2,219,223,1687,95.9265275,0,0,0,0,0,10/2/2021 6:02,21927
9,1,5,1,227,229,1562,72.17583396,0,0,1,1,0,5/30/2022 9:32,30151
6,5,8,2,227,229,1736,48.92076649,0,1,0,1,1,8/26/2022 6:17,33160
11,5,2,2,226,235,1816,93.10536568,1,1,0,1,0,2/3/2023 11:29,38681
7,2,8,2,226,227,1774,58.45204388,0,1,0,1,0,8/10/2021 7:28,20114
7,6,7,0,219,220,1769,83.07365762,1,1,1,0,1,7/3/2021 7:42,18813
12,2,8,1,213,221,1512,22.15500053,0,0,0,0,1,8/4/2020 12:32,7416
16,2,10,2,237,239,1747,40.46855794,0,1,0,0,0,10/26/2021 16:37,22764
23,3,5,0,231,239,1859,66.35234367,1,1,1,0,1,5/19/2021 23:52,17295
6,7,7,1,219,226,1796,75.90433054,1,0,0,1,1,7/2/2023 6:50,43777
12,4,1,1,223,228,1891,91.40263431,0,0,1,0,1,1/7/2021 12:59,12759
15,3,6,1,219,228,1749,83.98780861,0,0,0,0,1,6/3/2020 15:30,5297
18,6,1,2,229,232,1980,68.58983463,1,0,0,0,0,1/25/2020 18:59,850
0,1,5,0,214,221,1990,13.48936967,0,1,1,1,0,5/29/2023 0:04,42603
21,3,11,1,227,230,1989,24.13808288,0,1,1,1,1,11/30/2022 21:59,36470
11,7,9,1,214,222,1691,91.68719208,0,0,1,1,0,9/4/2022 11:02,33475
1,4,12,1,226,233,1895,94.82717353,0,0,1,0,0,12/17/2020 1:11,12023
13,5,4,2,227,231,1718,84.05790745,1,0,0,1,0,4/23/2021 13:38,16390
1,4,4,1,216,222,1596,94.62080942,0,0,0,1,1,4/28/2022 1:44,29044
16,4,1,2,217,221,1635,64.5672785,1,1,0,0,1,1/26/2023 16:22,38414
0,5,11,2,223,224,1516,24.72215512,0,0,0,1,0,11/25/2022 0:25,36268
11,1,5,2,215,224,1654,88.97326496,0,1,0,0,0,5/3/2021 11:13,16729
5,7,5,2,228,237,1985,97.7978697,1,1,0,0,0,5/24/2020 5:19,4940
17,6,11,0,219,226,1630,72.86372136,1,0,1,0,0,11/12/2022 17:22,35847
16,5,3,1,223,224,1619,55.64000733,0,1,1,0,1,3/17/2023 16:51,40127
19,4,9,0,219,226,1806,90.2344265,1,0,1,0,0,9/30/2021 19:42,21878
16,3,7,1,224,231,1503,36.55555786,0,0,1,1,0,7/22/2020 16:52,6977
8,2,7,0,229,238,1724,44.22734867,1,1,1,1,1,7/28/2020 8:08,7170
10,3,5,1,227,234,1611,61.00414946,0,0,1,1,0,5/6/2020 10:31,4331
19,4,10,1,222,231,1914,85.48231927,1,0,1,0,1,10/6/2022 19:33,34583
10,6,10,1,228,229,1628,75.81909449,1,0,0,1,1,10/23/2021 10:08,22652
12,6,2,0,225,230,1634,73.9065958,1,1,1,0,1,2/5/2022 12:22,26251
15,1,1,0,217,221,1762,19.33464142,1,1,1,0,0,1/31/2022 15:19,26084
11,6,4,1,222,226,1636,35.43427901,0,0,1,0,1,4/23/2022 11:42,28887
3,4,7,1,234,239,1705,64.47401779,0,0,0,1,1,7/22/2021 3:44,19458
16,2,1,1,213,220,1759,85.80045075,1,0,0,1,1,1/11/2022 16:40,25401
21,1,9,1,224,231,1935,84.74597002,0,0,1,1,1,9/11/2023 21:55,46230
10,1,8,2,224,230,1665,64.29770409,1,1,0,1,0,8/17/2020 10:17,7858
4,4,3,1,221,221,1771,39.16155253,0,0,1,1,0,3/17/2022 4:04,27609
17,4,6,0,233,233,1532,21.18086517,1,1,1,1,1,6/8/2023 17:16,42970
8,6,6,2,214,221,1873,80.01843813,0,0,0,1,0,6/11/2022 8:52,30561
7,4,1,0,229,229,1918,49.59397638,1,0,1,1,0,1/30/2020 7:37,1005
16,7,6,2,231,237,1632,20.62945391,0,1,0,1,0,6/4/2023 16:33,42832
15,5,12,2,232,239,1667,96.33538051,0,0,0,0,0,12/17/2021 15:22,24543
17,1,5,2,214,223,1751,65.43673488,0,1,0,1,0,5/9/2022 17:21,29443
19,2,7,1,219,224,1675,86.90960672,0,0,0,1,1,7/4/2023 19:48,43864
7,4,11,0,218,224,1636,51.0565321,1,1,1,0,0,11/9/2023 7:33,48230
17,4,4,1,222,230,1747,19.06189207,0,1,1,1,1,4/30/2020 17:09,4135
5,5,10,2,232,235,1707,91.5192406,1,1,0,0,0,10/16/2020 5:33,9906
4,4,6,1,230,235,1644,10.49741821,0,0,1,0,0,6/2/2022 4:49,30247
19,6,2,2,222,227,1983,35.16723835,1,1,0,1,0,2/8/2020 19:22,1330
22,1,7,2,224,224,1597,96.11717206,1,1,0,1,0,7/20/2020 22:49,6917
19,4,7,1,232,235,1734,88.53593873,0,1,1,1,1,7/7/2022 19:06,31466
21,2,5,1,229,230,1526,99.41981057,0,0,1,1,1,5/3/2022 21:12,29243
10,3,1,1,235,236,1935,40.16368754,0,0,1,1,1,1/15/2020 10:12,495
22,7,2,0,224,227,1612,22.10698213,0,1,1,1,0,2/27/2022 22:35,27019
6,3,8,1,217,220,1581,91.40217041,0,1,1,1,1,8/18/2021 6:05,20386
5,3,5,1,227,229,1991,20.03501662,0,1,1,0,1,5/19/2021 5:39,17269
18,3,6,1,226,228,1720,78.17133829,0,1,1,1,1,6/7/2023 18:09,42937
2,5,11,0,238,238,1717,41.00604124,0,1,1,1,0,11/25/2022 2:31,36271
19,7,3,2,214,220,1577,58.81722635,1,1,0,1,1,3/22/2020 19:40,2803
0,5,12,0,219,220,1703,92.09304318,0,1,1,0,0,12/4/2020 0:37,11577
4,4,8,1,224,226,1850,60.288448,0,0,1,0,0,8/31/2023 4:54,45829
21,6,9,1,228,233,1877,68.85580882,0,0,1,0,1,9/24/2022 21:37,34175
2,4,2,2,223,225,1671,65.85674725,0,1,0,1,0,2/10/2022 2:23,26408
12,5,7,0,217,223,1642,23.36079284,1,1,1,1,1,7/28/2023 12:51,44676
20,7,10,2,224,228,1753,72.83832238,1,1,0,0,1,10/25/2020 20:07,10235
10,5,5,0,214,221,1986,56.28579227,1,0,1,1,0,5/12/2023 10:43,42036
1,5,6,1,220,223,1745,62.81928177,0,1,1,0,1,6/2/2023 1:29,42742
9,1,10,1,230,231,1735,27.95005997,0,0,1,0,0,10/4/2021 9:54,22001
12,5,5,1,234,239,1929,17.66264601,0,0,0,0,1,5/26/2023 12:30,42518
13,2,11,2,229,235,1613,73.50718815,0,0,0,1,0,11/7/2023 13:30,48170
8,1,5,1,226,226,1822,13.56198563,1,0,0,1,1,5/2/2022 8:45,29191
17,7,9,1,219,225,1696,27.84529923,0,0,1,1,0,9/12/2021 17:12,21258
16,5,5,0,227,235,1509,84.67606792,0,1,1,1,0,5/5/2023 16:49,41805
12,4,12,2,230,231,1777,43.3746353,0,1,0,1,0,12/23/2021 12:14,24744
19,5,7,1,228,230,1737,92.98700132,0,0,0,0,1,7/2/2021 19:05,18795
11,3,11,1,229,231,1508,68.39352172,0,1,1,0,1,11/25/2020 11:59,11285
22,4,3,1,224,230,1855,32.05901152,1,0,1,1,1,3/12/2020 22:48,2465
22,4,11,1,222,224,1637,30.60173853,0,0,0,0,1,11/2/2023 22:46,48012
15,2,3,0,217,226,1825,91.26156358,0,1,1,1,0,3/7/2023 15:04,39782
22,7,5,2,220,225,1886,67.90505077,1,1,0,1,1,5/29/2022 22:19,30135
20,3,1,1,235,238,1600,87.05711047,0,0,1,1,0,1/15/2020 20:42,510
14,4,8,1,233,238,1579,46.54073309,0,1,1,1,1,8/12/2021 14:08,20192
12,5,1,2,227,231,1761,32.3462749,0,1,0,0,1,1/8/2021 12:06,12792
16,4,6,1,235,238,1878,22.83393176,1,0,0,1,1,6/1/2023 16:22,42729
5,3,7,1,225,227,1792,11.45463093,0,0,1,1,1,7/12/2023 5:06,44117
5,3,3,0,235,236,1566,53.54575624,1,0,1,1,0,3/4/2020 5:15,2166
9,1,6,0,227,234,1897,17.81134314,1,0,1,1,0,6/19/2023 9:46,43336
0,3,11,0,227,235,1714,69.73047049,1,1,1,0,0,11/10/2021 0:43,23255
23,6,4,2,224,230,1552,89.79365547,1,1,0,0,0,4/16/2022 23:25,28664
16,7,8,1,229,232,1717,37.36157022,0,0,0,0,1,8/22/2021 16:37,20538
7,7,10,2,220,226,1612,79.82218156,0,1,0,0,1,10/30/2022 7:00,35387
21,3,7,2,222,222,1932,61.35145013,0,1,0,0,0,7/26/2023 21:37,44620
4,5,5,1,218,225,1541,67.94088392,0,0,1,1,1,5/20/2022 4:15,29801
13,3,1,1,236,237,1530,98.87111206,1,0,1,0,1,1/25/2023 13:02,38375
5,4,11,2,228,237,1999,86.67610395,1,0,0,1,0,11/10/2022 5:06,35761
16,5,5,2,233,237,1855,78.1945185,0,1,0,1,1,5/20/2022 16:52,29819
19,2,11,1,225,226,1978,37.1906526,0,1,1,0,1,11/21/2023 19:30,48658
18,2,2,2,229,235,1533,38.71481586,0,0,0,1,0,2/11/2020 18:09,1431
14,1,3,1,226,226,1991,72.59823468,0,1,1,1,1,3/2/2020 14:43,2111
1,6,1,1,230,234,1836,56.73364763,1,0,0,0,1,1/23/2021 1:07,13290
23,5,3,2,235,239,1709,16.97482729,0,0,0,0,0,3/17/2023 23:10,40136
14,5,11,0,235,235,1675,60.20936797,1,1,1,1,1,11/12/2021 14:24,23343
14,2,11,2,216,222,1813,34.59885054,1,1,0,1,1,11/3/2020 14:22,10535
12,5,1,1,233,239,1739,72.68031733,0,0,0,0,1,1/14/2022 12:39,25498
5,1,7,0,230,236,1552,82.07386427,1,1,1,0,1,7/11/2022 5:48,31584
18,1,12,2,224,227,1786,93.22727248,0,1,0,1,0,12/7/2020 18:19,11705
6,1,1,2,234,236,1545,54.43822814,0,0,0,1,0,1/16/2023 6:52,38058
18,7,5,2,223,229,1647,95.30966726,1,0,0,0,0,5/16/2021 18:05,17184
2,3,6,2,219,224,1572,44.5713184,0,1,0,1,1,6/29/2022 2:16,31168
16,1,12,1,229,231,1850,43.61589878,1,0,0,1,1,12/6/2021 16:34,24168
17,7,7,2,224,229,1960,46.29970603,0,0,0,0,0,7/10/2022 17:53,31567
1,6,4,0,228,228,1506,90.60396252,1,0,1,0,0,4/16/2022 1:00,28632
4,2,3,2,219,220,1809,50.79894462,0,1,0,0,0,3/8/2022 4:55,27302
0,2,3,1,224,232,1873,40.42172287,0,0,0,1,1,3/21/2023 0:45,40241
19,3,2,0,233,233,1692,47.11138309,0,1,1,0,0,2/12/2020 19:23,1467
20,1,4,1,232,235,1839,76.26322368,0,0,1,1,1,4/24/2023 20:49,41434
22,7,6,1,230,235,1927,67.25870537,0,0,1,1,1,6/21/2020 22:55,5924
20,5,1,0,223,227,1632,38.29984246,1,0,1,0,0,1/31/2020 20:03,1057
13,2,2,0,224,227,1555,64.23834285,1,0,1,0,0,2/16/2021 13:06,14129
20,5,4,0,223,232,1524,12.51582493,0,1,1,1,0,4/17/2020 20:06,3694
7,6,9,1,217,223,1969,47.21139443,1,0,1,1,1,9/25/2021 7:15,21689
3,1,10,2,230,235,1538,24.25893666,1,1,0,1,1,10/18/2021 3:59,22472
9,3,9,1,233,237,1704,83.6629267,1,0,0,0,1,9/9/2020 9:50,8645
4,4,3,1,216,221,1878,67.18952511,0,1,1,1,1,3/24/2022 4:58,27850
13,7,8,1,226,232,1644,91.15692868,1,0,1,0,1,8/1/2021 13:55,19815
5,1,5,0,225,234,1956,71.06075212,1,1,1,1,1,5/25/2020 5:50,4975
11,7,5,2,229,232,1853,86.53322072,1,1,0,0,0,5/29/2022 11:06,30119
4,2,5,0,227,229,1777,19.37377794,0,1,1,0,0,5/30/2023 4:48,42644
1,5,3,1,221,229,1870,95.65835129,0,1,1,1,1,3/4/2022 1:24,27160
3,3,6,0,233,237,1673,91.11756063,0,1,1,0,0,6/23/2021 3:07,18464
4,2,10,0,233,236,1559,52.55276948,1,1,1,1,0,10/19/2021 4:31,22507
2,4,12,2,236,236,1586,17.44099875,1,0,0,0,0,12/29/2022 2:16,37435
4,5,7,2,213,221,1509,23.71452754,1,0,0,1,0,7/2/2021 4:22,18774
5,5,8,1,227,231,1659,87.65497692,1,0,0,1,1,8/20/2021 5:44,20454
10,5,8,2,236,236,1895,37.96518396,1,0,0,1,0,8/14/2020 10:48,7756
10,4,10,1,236,239,1522,99.40325264,1,0,1,0,1,10/1/2020 10:15,9399
10,5,5,1,232,234,1991,65.88352258,1,0,1,1,1,5/19/2023 10:12,42275
17,1,11,2,226,227,1809,25.45438607,1,0,0,1,0,11/23/2020 17:56,11225
14,2,6,1,232,239,1707,20.99260297,1,0,0,1,1,6/8/2021 14:49,17967
14,5,12,0,225,228,1567,29.69948545,1,1,1,0,0,12/11/2020 14:50,11837
16,2,8,1,232,233,1635,74.21988659,1,0,1,0,1,8/15/2023 16:04,45297
4,1,2,1,225,228,1626,44.88956645,1,0,0,1,1,2/17/2020 4:30,1617
13,2,9,0,221,230,1640,86.4348481,1,1,1,1,0,9/20/2022 13:53,34027
1,4,4,0,225,228,1921,95.067879,1,0,1,0,0,4/28/2022 1:02,29043
4,4,3,2,231,233,1912,91.57304137,0,1,0,1,1,3/23/2023 4:36,40315
18,6,12,2,231,237,1722,95.76324714,1,0,0,0,0,12/4/2021 18:19,24102
11,5,9,0,226,227,1721,28.10217963,1,0,1,0,0,9/4/2020 11:23,8476
9,4,9,1,224,230,1559,53.04962002,0,1,1,1,1,9/15/2022 9:09,33849
14,3,4,2,230,236,1727,68.22818001,1,1,0,0,0,4/21/2021 14:41,16323
15,3,4,0,226,235,1550,66.2512397,1,0,1,0,0,4/26/2023 15:34,41495
15,1,4,0,212,220,1626,58.32783248,0,1,1,0,0,4/13/2020 15:53,3551
4,2,9,2,235,239,1693,79.43375913,0,1,0,1,0,9/28/2021 4:38,21788
10,3,7,2,216,222,1725,38.8313535,0,1,0,0,0,7/6/2022 10:52,31420
3,4,1,1,224,230,1529,89.96462825,0,0,1,1,1,1/7/2021 3:10,12745
1,5,9,2,227,230,1995,81.94785406,0,0,0,1,0,9/10/2021 1:25,21167
15,4,4,1,217,222,1706,36.38911979,0,0,1,0,1,4/6/2023 15:31,40810
7,5,1,1,220,220,1575,60.82577274,0,0,1,0,1,1/17/2020 7:45,560
10,7,10,2,225,227,1809,20.99675254,0,0,0,1,0,10/2/2022 10:25,34433
15,2,11,1,230,239,1972,27.70681394,0,0,0,1,1,11/16/2021 15:48,23482
5,4,7,1,217,222,1725,90.34885004,0,0,1,0,1,7/9/2020 5:06,6515
9,3,4,0,216,220,1555,36.89922006,1,0,1,1,0,4/20/2022 9:25,28781
5,4,11,1,225,233,1582,80.25955195,0,0,1,1,1,11/26/2020 5:30,11310
0,4,10,2,227,233,1558,24.19077819,1,0,0,1,0,10/13/2022 0:07,34795
3,1,5,1,232,235,1731,76.48374594,1,0,0,1,1,5/10/2021 3:42,16958
12,2,1,1,232,237,1764,95.32880745,0,0,1,0,0,1/4/2022 12:58,25156
9,1,7,2,236,237,1709,49.92611608,1,1,0,1,1,7/3/2023 9:27,43815
18,2,5,0,221,230,1853,98.12100421,1,0,1,1,0,5/30/2023 18:07,42663
9,5,8,1,227,229,1755,59.69456406,0,0,1,0,1,8/6/2021 9:33,19980
7,6,4,2,215,221,1832,19.97951599,1,0,0,0,0,4/9/2022 7:07,28401
20,1,1,1,216,225,1803,26.08619976,0,1,1,0,1,1/13/2020 20:21,441
6,4,8,2,216,224,1742,61.92132241,1,0,0,1,0,8/26/2021 6:07,20660
12,6,6,1,214,221,1645,23.35772202,0,0,1,0,1,6/12/2021 12:01,18100
16,5,4,0,223,224,1684,19.62536623,1,0,1,1,0,4/29/2022 16:59,29100
6,2,7,1,229,233,1819,31.86335076,0,0,0,0,1,7/7/2020 6:50,6449
22,2,10,2,213,220,1791,22.91581063,1,1,0,1,1,10/20/2020 22:23,10067
11,7,5,0,218,222,1908,35.23218152,1,0,1,1,0,5/29/2022 11:49,30120
16,7,1,2,219,228,1873,20.49419419,0,0,0,1,0,1/5/2020 16:07,161
21,6,10,2,233,234,1761,35.0191531,0,1,0,1,0,10/30/2021 21:32,22908
21,3,3,1,221,224,1703,77.64431231,0,0,1,1,1,3/25/2020 21:58,2909
12,5,6,1,226,229,1533,61.27797931,1,0,0,0,1,6/2/2023 12:00,42757
9,2,6,1,230,239,1617,38.64307217,0,0,0,0,1,6/23/2020 9:57,5974
14,5,9,2,235,238,1845,58.49870993,0,0,0,0,0,9/25/2020 14:47,9200
0,7,4,2,237,239,1852,74.95869518,0,1,0,0,0,4/25/2021 0:40,16440
11,3,1,1,217,226,1570,85.68746972,0,0,1,1,1,1/4/2023 11:45,37654
13,4,8,2,221,221,1771,64.58054769,1,1,0,0,1,8/20/2020 13:16,7965
1,3,9,0,222,228,1655,80.04703367,0,1,1,1,0,9/13/2023 1:57,46270
18,7,2,2,235,239,1544,51.06586942,1,1,0,0,1,2/5/2023 18:51,38760
14,1,7,1,224,232,1860,68.51261864,0,0,0,0,1,7/6/2020 14:43,6426
14,7,7,0,228,236,1979,56.5584183,1,0,1,1,0,7/23/2023 14:25,44507
17,6,11,0,222,230,1990,58.96018544,1,0,1,1,0,11/13/2021 17:43,23382
9,7,6,2,223,231,1985,65.63734396,0,1,0,1,0,6/21/2020 9:36,5905
16,1,8,1,225,233,1996,20.47291273,0,0,1,0,0,8/29/2022 16:17,33277
18,1,9,1,233,233,1666,73.60320424,1,0,1,0,1,9/6/2021 18:14,21054
10,7,11,0,227,235,1734,63.67367664,1,1,1,1,1,11/21/2021 10:02,23645
21,1,11,2,213,221,1525,32.84667127,0,0,0,1,0,11/22/2021 21:47,23696
7,4,6,2,223,226,1636,50.81484854,0,0,0,1,0,6/24/2021 7:09,18504
15,1,1,2,213,220,1766,92.97906391,1,1,0,1,1,1/30/2023 15:40,38550
17,2,10,0,221,226,1841,37.63514982,1,1,1,0,0,10/6/2020 17:05,9580
2,2,11,2,238,238,1517,62.00668378,0,1,0,1,1,11/1/2022 2:27,35449
12,1,9,1,229,231,1976,51.98326422,0,0,1,1,0,9/7/2020 12:59,8581
11,6,6,0,228,231,1625,38.33434541,1,1,1,1,1,6/3/2023 11:49,42791
12,1,9,0,228,229,1977,72.80311177,0,1,1,0,0,9/6/2021 12:37,21046
20,2,11,2,226,228,1716,42.77260932,0,1,0,0,1,11/8/2022 20:52,35715
12,7,7,1,222,227,1698,48.00677409,0,0,1,1,1,7/24/2022 12:40,32039
15,6,3,2,229,233,1960,88.56544154,0,1,0,0,0,3/13/2021 15:05,14988
20,6,6,0,223,225,1551,37.37361292,1,0,1,1,0,6/6/2020 20:36,5407
11,7,11,1,226,227,1864,72.71570505,1,0,1,0,1,11/5/2023 11:45,48099
3,2,4,2,231,238,1983,49.96452023,0,1,0,1,1,4/4/2023 3:14,40724
6,5,7,0,231,236,1564,33.89524578,1,1,1,0,1,7/14/2023 6:52,44188
19,6,7,2,232,237,1867,35.36270226,1,0,0,0,0,7/30/2022 19:21,32254
6,4,11,2,219,224,1883,30.52023048,0,0,0,0,0,11/9/2023 6:51,48229
8,7,3,2,237,237,1576,93.09789363,0,0,0,1,0,3/19/2023 8:06,40183
16,4,8,0,231,233,1709,63.86401123,0,1,1,0,0,8/17/2023 16:25,45366
21,6,3,1,226,233,1585,21.96792865,1,0,0,1,1,3/25/2023 21:05,40407
17,3,6,0,217,223,1821,34.08463774,1,1,1,0,1,6/9/2021 17:27,18005
12,2,2,2,229,231,1568,36.56796849,0,0,0,1,0,2/25/2020 12:14,1902
11,1,2,1,215,223,1656,35.25872414,0,0,0,1,1,2/10/2020 11:19,1387
1,6,1,2,238,238,1729,16.37427482,1,1,0,1,0,1/11/2020 1:46,346
12,5,4,0,219,226,1642,82.32111814,1,0,1,1,0,4/14/2023 12:02,41079
4,7,2,1,231,239,1587,26.16796799,0,0,1,0,0,2/13/2022 4:40,26514
4,1,11,2,230,231,1888,10.738708,0,1,0,1,1,11/6/2023 4:34,48123
8,2,6,1,220,222,1731,51.48321174,0,1,1,0,1,6/7/2022 8:09,30423
21,5,2,2,228,235,1856,20.35879446,1,1,0,1,0,2/12/2021 21:29,14004
16,6,11,2,225,233,1935,70.83369101,0,1,0,0,1,11/11/2023 16:19,48311
5,5,1,1,233,238,1876,87.99006974,0,0,1,1,1,1/21/2022 5:08,25727
21,1,12,2,219,228,1594,30.39348395,1,1,0,1,0,12/26/2022 21:42,37360
9,6,1,0,233,233,1850,80.51099066,1,0,1,0,0,1/25/2020 9:10,836
19,3,9,2,219,221,1875,26.59300886,0,1,0,1,1,9/6/2023 19:17,46055
3,6,2,1,220,223,1797,23.50027114,1,0,0,0,1,2/5/2022 3:57,26239
7,7,11,0,233,233,1920,83.47606743,1,1,1,1,0,11/26/2023 7:25,48812
18,1,4,0,231,234,1721,75.56257655,0,1,1,0,0,4/26/2021 18:01,16499
12,3,3,1,221,229,1726,61.83330328,0,0,1,0,0,3/22/2023 12:29,40292
11,7,4,2,216,224,1642,55.576944,1,0,0,0,0,4/10/2022 11:09,28441
14,3,6,1,225,233,1540,93.57233369,0,0,0,0,1,6/15/2022 14:29,30706
9,1,12,1,221,226,1701,99.3913865,0,0,1,0,0,12/28/2020 9:06,12411
19,1,10,1,228,237,1824,16.07837061,0,0,0,1,1,10/5/2020 19:22,9549
12,2,12,1,223,225,1607,77.11750876,1,0,0,1,1,12/7/2021 12:11,24196
0,6,3,0,225,231,1919,97.52332444,0,1,1,1,0,3/28/2020 0:25,2981
7,1,6,0,219,222,1531,83.13986919,0,1,1,0,0,6/15/2020 7:50,5697
2,5,11,2,220,223,1964,12.64962506,0,0,0,0,0,11/3/2023 2:17,48017
6,5,11,2,222,229,1651,81.95620265,1,1,0,0,1,11/26/2021 6:22,23811
4,4,7,1,239,239,1709,35.87207609,0,0,1,0,1,7/15/2021 4:14,19219
17,5,3,2,227,227,1763,16.59251538,1,1,0,0,0,3/13/2020 17:43,2492
21,4,10,1,231,231,1888,22.35235574,1,0,0,1,1,10/7/2021 21:18,22120
16,7,10,2,222,227,1998,69.64541251,0,1,0,1,0,10/3/2021 16:23,21976
11,1,1,0,216,223,1915,53.55706347,0,1,1,0,0,1/31/2022 11:49,26079
8,3,10,1,216,224,1815,13.03554269,0,0,0,1,1,10/6/2021 8:51,22068
6,7,6,2,223,228,1707,16.91982825,1,0,0,0,0,6/18/2023 6:26,43297
19,7,3,2,218,222,1645,75.82391498,1,0,0,0,0,3/6/2022 19:17,27254
17,1,7,2,228,235,1670,58.45979431,0,1,0,0,1,7/11/2022 17:01,31600
1,4,9,0,221,227,1775,54.29295818,0,1,1,0,0,9/22/2022 1:38,34078
23,4,4,1,235,236,1540,85.64498194,0,0,1,0,1,4/8/2021 23:14,15890
5,3,12,0,220,229,1699,32.99912048,0,1,1,0,0,12/8/2021 5:00,24220
0,1,3,2,223,229,1997,64.87010025,1,0,0,1,0,3/6/2023 0:32,39727
19,2,9,0,236,239,1709,68.18999274,1,1,1,0,1,9/12/2023 19:39,46261
19,3,9,2,221,230,1643,49.91444936,0,1,0,0,1,9/1/2021 19:05,20884
16,5,4,0,221,226,1788,19.63925722,1,1,1,0,0,4/29/2022 16:17,29099
22,3,3,1,223,232,1776,43.54408959,1,0,1,1,1,3/16/2022 22:28,27601
0,6,8,2,232,239,1767,44.7953282,1,1,0,1,1,8/15/2020 0:49,7776
2,5,3,0,220,223,1581,77.09881843,1,1,1,0,1,3/25/2022 2:41,27881
14,4,2,2,234,237,1626,80.71386926,1,0,0,0,0,2/9/2023 14:39,38891
1,4,9,2,222,227,1889,54.85067892,0,0,0,0,0,9/1/2022 1:03,33358
19,3,9,1,220,225,1662,99.27419102,1,0,1,1,1,9/8/2021 19:59,21125
23,3,12,1,218,220,1917,53.33945376,0,1,1,0,1,12/29/2021 23:07,24965
9,5,5,0,234,236,1559,85.05463901,0,1,1,0,0,5/21/2021 9:31,17343
10,2,7,1,218,227,1616,78.57075411,0,0,1,1,1,7/27/2021 10:35,19639
4,6,11,2,233,237,1779,26.02715869,1,0,0,1,0,11/4/2023 4:55,48055
7,5,6,0,223,232,1672,41.51514341,0,1,1,1,0,6/17/2022 7:08,30764
3,1,1,0,221,223,1930,49.89430486,1,1,1,0,1,1/24/2022 3:13,25827
15,6,5,1,217,221,1605,38.6572985,0,0,0,1,1,5/29/2021 15:50,17626
19,7,8,0,229,234,1734,25.51548183,1,0,1,1,0,8/20/2023 19:24,45473
12,4,9,0,230,239,1583,52.9358728,1,1,1,1,1,9/30/2021 12:42,21868
9,7,1,0,225,226,1747,55.31093685,1,1,1,0,0,1/24/2021 9:21,13336
5,6,4,1,217,222,1611,84.22246378,0,0,1,0,1,4/2/2022 5:31,28159
18,6,12,1,215,223,1574,74.40558557,1,0,1,1,1,12/26/2020 18:33,12356
9,7,7,2,220,222,1960,80.85134486,0,1,0,1,1,7/23/2023 9:31,44500
8,3,5,1,235,235,1839,24.4467005,0,0,0,1,1,5/10/2023 8:15,41964
20,6,9,0,233,239,1789,27.43748809,1,0,1,0,0,9/5/2020 20:20,8523
10,7,6,1,223,225,1777,98.94624797,0,0,1,0,0,6/25/2023 10:08,43542
23,2,12,2,230,231,1855,43.73020266,0,0,0,0,0,12/15/2020 23:15,11986
17,2,2,0,221,227,1718,26.85450795,1,0,1,1,0,2/8/2022 17:27,26361
9,6,2,2,229,231,1799,21.97339794,0,1,0,0,1,2/11/2023 9:24,38952
12,2,8,1,225,233,1696,76.48916377,0,0,0,1,1,8/15/2023 12:34,45292
2,4,9,2,226,231,1831,56.09589452,1,0,0,0,0,9/15/2022 2:08,33839
6,6,3,2,228,233,1876,11.39344445,0,0,0,0,0,3/26/2022 6:01,27920
2,2,3,1,224,224,1914,48.88535411,0,0,0,0,1,3/28/2023 2:21,40483
10,1,12,2,231,232,1646,90.14151474,0,0,0,1,0,12/21/2020 10:18,12173
22,3,12,2,219,221,1874,72.38820489,1,1,0,1,0,12/30/2020 22:46,12499
2,2,8,0,228,231,1665,18.54439433,1,1,1,0,0,8/15/2023 2:03,45277
23,1,3,1,223,226,1871,53.68774547,1,0,1,0,1,3/15/2021 23:51,15069
8,5,9,1,233,238,1878,53.68874305,0,0,1,1,0,9/2/2022 8:35,33403
20,1,4,0,223,232,1531,36.91555855,1,1,1,1,0,4/17/2023 20:37,41194
19,4,6,0,223,224,1691,34.93629053,1,0,1,0,0,6/24/2021 19:04,18521
13,5,7,0,223,229,1892,11.23675796,0,1,1,0,0,7/16/2021 13:10,19266
8,3,8,1,223,231,1769,43.91705659,0,1,1,1,1,8/3/2022 8:51,32376
23,6,1,2,218,220,1945,35.67900345,0,1,0,1,1,1/22/2022 23:53,25788
23,1,2,1,225,227,1867,91.26040871,0,0,1,0,1,2/13/2023 23:04,39040
9,6,2,1,225,228,1772,25.63262805,0,0,1,0,0,2/6/2021 9:13,13781
2,3,1,1,219,228,1798,28.30191374,0,0,1,1,1,1/15/2020 2:29,484
17,3,2,1,222,225,1809,83.17368777,0,0,1,0,0,2/9/2022 17:17,26395
6,6,4,2,239,239,1929,41.67470071,1,1,0,1,0,4/22/2023 6:27,41345
13,7,8,2,226,228,1548,34.87428793,1,0,0,1,0,8/6/2023 13:25,44985
3,1,4,1,224,227,1614,91.37680982,0,1,1,1,1,4/5/2021 3:25,15759
11,5,4,2,225,228,1586,94.38431952,1,0,0,1,0,4/22/2022 11:53,28853
17,1,8,1,223,232,1516,59.78485182,1,0,1,0,1,8/29/2022 17:41,33279
7,3,6,2,226,230,1612,54.01852894,1,1,0,1,1,6/7/2023 7:38,42922
8,4,1,2,220,224,1969,68.58449941,0,1,0,1,0,1/6/2022 8:25,25218
3,6,1,2,219,222,1640,20.2443251,1,1,0,0,1,1/18/2020 3:22,588
12,3,10,2,213,220,1826,95.96223015,0,1,0,1,1,10/5/2022 12:00,34538
16,6,5,1,231,239,1820,42.58908307,0,0,1,1,1,5/15/2021 16:09,17147
3,2,7,2,217,222,1851,15.90455477,1,1,0,0,0,7/11/2023 3:10,44080
8,1,7,1,223,228,1751,43.42861218,0,0,0,0,1,7/20/2020 8:06,6896
1,2,10,2,226,228,1977,12.55903933,0,0,0,1,0,10/18/2022 1:21,34968
20,7,8,0,235,237,1909,64.76179486,1,0,1,1,0,8/20/2023 20:06,45474
12,7,1,2,227,234,1613,78.16303644,0,1,0,1,0,1/23/2022 12:30,25806
0,5,8,1,232,239,1673,75.32475521,0,0,1,1,1,8/12/2022 0:17,32672
4,2,7,2,220,227,1629,26.65148449,0,1,0,0,1,7/25/2023 4:58,44562
1,7,6,2,223,227,1565,92.37914849,0,1,0,1,1,6/5/2022 1:30,30345
0,7,9,0,237,239,1717,15.97905723,1,1,1,0,0,9/11/2022 0:43,33700
8,1,7,0,217,224,1687,84.81940171,1,1,1,0,1,7/10/2023 8:57,44054
18,7,1,2,232,233,1537,71.71628642,0,1,0,0,1,1/17/2021 18:58,13110
2,2,9,2,224,229,1796,38.08213544,1,1,0,1,0,9/14/2021 2:08,21305
17,6,4,0,217,223,1562,84.29074056,1,1,1,1,1,4/23/2022 17:19,28895
4,2,9,2,234,235,1537,29.40807192,1,1,0,0,1,9/8/2020 4:24,8603
0,5,9,1,231,231,1954,11.92301793,1,0,0,1,1,9/2/2022 0:10,33391
19,7,5,2,236,237,1623,33.01306523,1,1,0,0,0,5/14/2023 19:28,42117
19,7,1,0,228,230,1878,63.12564857,1,1,1,1,0,1/24/2021 19:52,13351
11,3,2,2,224,229,1881,43.10316941,0,1,0,0,0,2/1/2023 11:07,38612
10,3,4,0,234,239,1918,34.37520198,0,1,1,0,0,4/14/2021 10:59,16078
11,2,1,2,236,237,1705,23.56750935,1,1,0,0,0,1/5/2021 11:55,12689
6,1,3,1,232,233,1713,46.86775722,0,1,1,0,1,3/21/2022 6:11,27749
21,4,2,1,228,233,1714,33.7440187,1,0,0,0,1,2/9/2023 21:39,38901
1,5,3,1,228,228,1758,34.07634881,0,0,1,1,1,3/3/2023 1:03,39625
20,6,3,1,216,225,1837,48.89831398,0,0,0,0,1,3/13/2021 20:00,14995
4,5,1,1,216,224,1502,88.69135963,0,0,1,0,0,1/7/2022 4:45,25247
5,1,5,1,236,238,1604,20.00772741,0,0,0,0,1,5/8/2023 5:47,41892
17,6,6,1,234,238,1952,40.12716354,0,0,1,1,1,6/3/2023 17:26,42799
18,6,8,1,227,229,1985,75.48472738,1,0,0,1,1,8/26/2023 18:22,45677
17,5,7,0,227,230,1960,37.77350721,1,1,1,0,0,7/28/2023 17:04,44682
16,6,11,2,227,231,1890,82.21304825,0,1,0,1,1,11/6/2021 16:50,23141
10,7,5,0,214,220,1617,12.18258033,1,0,1,1,0,5/17/2020 10:43,4708
0,3,10,1,216,223,1550,16.45326024,1,0,1,1,1,10/21/2020 0:29,10070
11,7,12,0,226,227,1750,53.03155127,0,1,1,1,0,12/19/2021 11:31,24606
19,5,11,0,233,239,1905,75.64666916,1,1,1,0,1,11/3/2023 19:48,48042
21,3,9,2,238,239,1669,48.12211103,1,1,0,0,1,9/22/2021 21:47,21607
10,6,9,2,231,238,1894,79.80554471,1,1,0,0,0,9/23/2023 10:03,46624
2,5,6,2,213,222,1926,87.80839644,0,1,0,0,0,6/10/2022 2:02,30517
6,5,8,2,227,236,1734,56.87421716,1,1,0,0,1,8/27/2021 6:38,20695
22,6,11,1,213,221,1507,33.97508861,0,0,1,0,0,11/20/2021 22:07,23628
14,1,1,0,227,235,1888,24.37033708,0,1,1,0,0,1/20/2020 14:14,672
21,3,10,2,219,225,1963,56.64755424,1,1,0,1,1,10/20/2021 21:52,22566
20,6,6,1,219,224,1716,44.04989248,0,0,0,0,1,6/25/2022 20:28,31057
10,1,4,2,230,239,1537,23.16623876,0,1,0,0,0,4/5/2021 10:26,15769
16,2,7,1,220,228,1551,84.30654265,0,1,1,0,1,7/21/2020 16:21,6942
1,5,7,2,220,229,1993,31.62215275,0,0,0,0,0,7/2/2021 1:34,18770
10,7,2,0,214,221,1765,46.54383202,1,1,1,0,1,2/26/2023 10:19,39467
0,1,4,1,236,239,1642,90.45518028,0,1,1,1,1,4/12/2021 0:07,15994
15,6,4,2,219,221,1746,15.01569361,1,0,0,1,0,4/30/2022 15:24,29132
16,4,2,0,220,220,1900,23.95986335,1,0,1,1,0,2/6/2020 16:55,1258
21,2,9,0,230,230,1678,47.0455397,1,0,1,0,0,9/14/2021 21:45,21333
19,1,6,1,231,231,1821,59.59848045,0,0,0,0,1,6/26/2023 19:04,43589
12,2,6,2,225,234,1932,48.0815825,0,1,0,1,0,6/30/2020 12:15,6217
1,6,8,0,225,229,1896,63.5206853,0,1,1,0,0,8/12/2023 1:10,45173
17,6,3,1,214,220,1640,33.83260965,0,0,1,0,0,3/5/2022 17:21,27217
4,6,5,2,225,234,1693,83.01679942,1,0,0,0,0,5/9/2020 4:24,4425
21,5,8,1,224,228,1961,91.42595462,0,0,0,1,1,8/14/2020 21:19,7771
0,3,11,0,220,226,1767,98.84723336,1,1,1,1,0,11/8/2023 0:01,48185
19,4,8,1,219,225,1614,41.81305605,1,0,0,0,1,8/25/2022 19:04,33144
23,4,2,0,224,224,1602,39.32125014,1,1,1,0,1,2/2/2023 23:34,38664
10,7,3,2,224,231,1646,46.78971905,1,1,0,1,0,3/8/2020 10:52,2311
4,5,7,1,216,222,1656,32.54633429,1,0,0,1,1,7/15/2022 4:25,31719
19,7,10,1,220,222,1826,75.64605184,1,0,0,1,1,10/23/2022 19:25,35165
22,3,5,1,237,239,1587,60.88882373,0,0,1,0,0,5/19/2021 22:28,17293
8,5,3,1,223,231,1550,74.5719828,0,1,1,1,1,3/31/2023 8:50,40595
21,3,12,2,226,233,1722,91.49079886,0,0,0,0,0,12/9/2020 21:29,11778
17,7,10,1,229,231,1627,73.79073729,1,0,0,0,1,10/2/2022 17:26,34443
15,4,1,0,236,237,1653,60.31070351,1,1,1,0,0,1/14/2021 15:16,13002
4,6,7,1,220,228,1504,80.57429838,0,1,1,1,1,7/29/2023 4:17,44698
3,7,6,2,229,230,1847,47.53347378,1,1,0,0,0,6/18/2023 3:38,43293
1,4,2,2,232,236,1625,29.39329114,0,0,0,0,0,2/24/2022 1:23,26886
20,1,7,0,231,233,1739,70.37438993,1,1,1,1,1,7/18/2022 20:43,31845
5,7,10,1,226,232,1966,43.58360981,0,0,0,1,1,10/29/2023 5:57,47851
3,5,8,0,214,221,1930,46.54686825,1,0,1,1,0,8/20/2021 3:38,20451
20,3,5,2,238,238,1746,53.34679867,1,0,0,1,0,5/18/2022 20:43,29756
5,1,3,2,230,235,1613,71.56137628,0,1,0,0,1,3/1/2021 5:15,14563
18,2,5,1,234,235,1776,72.50930587,0,0,1,1,0,5/12/2020 18:36,4548
1,1,4,1,221,225,1700,21.9848267,0,0,1,0,1,4/18/2022 1:21,28701
22,5,4,1,228,236,1968,52.88560643,1,0,1,1,1,4/23/2021 22:45,16403
7,1,7,2,227,235,1852,72.20279973,1,1,0,0,1,7/20/2020 7:24,6895
4,4,2,0,222,222,1900,21.89986508,1,1,1,0,1,2/9/2023 4:08,38876
16,5,1,0,220,227,1727,77.86582808,1,1,1,1,0,1/15/2021 16:30,13038
19,4,11,1,226,233,1557,73.28136007,0,1,1,1,1,11/24/2022 19:30,36261
7,3,2,1,219,226,1688,43.61758661,1,0,1,0,1,2/2/2022 7:16,26141
15,6,7,0,230,232,1768,74.88883179,0,1,1,0,0,7/11/2020 15:58,6599
13,1,5,0,223,225,1968,14.06763126,1,0,1,0,0,5/1/2023 13:18,41663
0,2,2,2,231,239,1784,17.44485355,0,1,0,0,0,2/11/2020 0:38,1406
17,1,5,1,231,238,1663,49.37865397,1,0,0,1,1,5/29/2023 17:35,42628
5,2,2,2,231,234,1892,72.1360591,1,1,0,1,1,2/22/2022 5:14,26823
7,6,1,2,227,235,1992,24.02340911,1,0,0,0,0,1/4/2020 7:11,114
1,1,9,0,219,224,1549,88.85930605,1,1,1,0,1,9/14/2020 1:57,8805
8,3,12,2,225,225,1991,93.62381597,0,1,0,1,1,12/22/2021 8:54,24705
1,4,10,2,228,236,1641,93.20159139,1,0,0,1,0,10/15/2020 1:31,9866
19,4,10,2,233,239,1880,86.97577097,0,1,0,0,1,10/19/2023 19:35,47528
21,3,9,1,236,237,1783,48.74344085,1,0,0,1,1,9/16/2020 21:56,8902
23,7,12,1,212,220,1840,96.82624493,0,0,1,1,1,12/11/2022 23:35,36849
3,3,9,2,219,223,1792,76.9942688,1,0,0,0,0,9/29/2021 3:03,21820
16,4,9,2,238,239,1729,42.00555191,1,1,0,0,1,9/7/2023 16:18,46085
2,2,1,0,221,223,1626,29.52446743,1,1,1,0,1,1/5/2021 2:49,12676
9,2,10,1,233,239,1518,48.02162,1,0,0,1,1,10/12/2021 9:55,22275
12,6,12,0,226,229,1625,48.96228466,1,0,1,0,0,12/24/2022 12:56,37279
23,5,4,2,211,220,1738,14.8996724,0,0,0,0,0,4/28/2023 23:38,41575
21,4,2,1,231,238,1684,45.23833454,1,0,1,1,1,2/10/2022 21:19,26435
10,4,3,0,214,222,1540,94.43272329,1,0,1,0,0,3/30/2023 10:25,40563
7,2,5,0,216,220,1745,21.76383263,1,1,1,0,1,5/12/2020 7:23,4532
18,2,8,1,230,238,1767,84.83803176,0,0,1,1,1,8/24/2021 18:22,20609
0,1,2,1,217,222,1965,34.39733081,0,0,0,0,1,2/28/2022 0:41,27022
17,7,10,1,222,231,1775,10.412608,0,1,1,1,1,10/15/2023 17:28,47388
0,2,1,1,218,220,1820,70.91317062,0,1,1,1,1,1/28/2020 0:57,927
14,3,3,0,234,234,1745,47.16038857,1,1,1,1,1,3/18/2020 14:45,2659
16,3,9,2,218,221,1984,10.39729087,1,1,0,1,0,9/28/2022 16:43,34305
5,2,1,2,228,236,1763,63.14515798,1,0,0,0,0,1/14/2020 5:28,454
19,1,10,1,225,228,1976,71.46228662,0,0,1,1,1,10/19/2020 19:45,10029
21,3,2,0,229,235,1819,96.37327099,1,1,1,0,0,2/23/2022 21:10,26880
10,1,4,2,228,232,1585,28.97000129,0,1,0,0,1,4/11/2022 10:58,28475
9,2,5,1,223,223,1508,14.57239441,0,0,0,1,1,5/26/2020 9:52,5015
9,2,3,2,234,237,1716,56.18893683,0,1,0,0,0,3/10/2020 9:08,2377
11,7,7,1,211,220,1620,42.00156144,0,0,1,0,0,7/23/2023 11:37,44503
18,6,5,2,219,220,1771,46.05955872,1,1,0,1,0,5/28/2022 18:17,30095
22,5,10,0,224,227,1797,38.37543064,1,0,1,1,0,10/13/2023 22:01,47326
14,4,10,1,214,220,1672,24.47824794,0,0,1,1,1,10/21/2021 14:41,22590
2,5,9,1,230,236,1657,20.41416934,1,0,0,0,1,9/18/2020 2:40,8943
16,7,10,1,229,231,1519,15.75205979,0,0,1,1,0,10/24/2021 16:16,22695
7,6,8,0,236,239,1896,66.90098325,1,1,1,1,0,8/5/2023 7:59,44943
20,4,9,1,236,237,1662,24.05533718,0,1,1,0,1,9/10/2020 20:52,8695
11,6,2,2,230,238,1923,36.39827451,0,1,0,1,0,2/18/2023 11:42,39195
1,6,4,0,225,234,1518,70.76471581,0,1,1,0,0,4/22/2023 1:32,41338
14,5,1,1,229,229,1688,31.97657851,1,0,1,0,1,1/6/2023 14:54,37727
2,4,5,2,222,230,1635,22.66073748,0,1,0,1,0,5/14/2020 2:08,4593
5,2,9,2,223,231,1624,52.82625808,0,1,0,1,0,9/8/2020 5:48,8605
19,2,2,2,222,225,1826,79.25398942,1,1,0,1,0,2/21/2023 19:35,39309
5,7,1,1,228,232,1928,99.67867459,1,0,0,1,1,1/12/2020 5:06,385
19,4,9,2,226,227,1518,50.34264296,0,1,0,1,1,9/2/2021 19:37,20919
7,3,12,2,224,224,1870,78.85893525,0,0,0,0,0,12/7/2022 7:27,36689
0,6,10,1,222,227,1570,46.27323755,0,0,0,1,1,10/10/2020 0:17,9693
2,5,4,0,229,233,1822,13.37847155,1,1,1,1,1,4/16/2021 2:13,16134
0,2,9,0,217,220,1577,65.96315712,1,1,1,1,1,9/14/2021 0:44,21303
7,3,7,1,211,220,1620,89.61414874,0,0,1,0,0,7/8/2020 7:22,6484
23,2,2,1,236,239,1836,35.84139383,0,1,1,1,1,2/21/2023 23:06,39314
17,3,10,2,227,232,1810,83.99417459,0,1,0,1,0,10/14/2020 17:07,9854
3,4,12,2,224,229,1794,48.39912294,1,0,0,1,0,12/3/2020 3:35,11547
0,2,1,2,221,226,1565,19.04152537,0,0,0,1,0,1/10/2023 0:54,37844
2,6,6,1,220,221,1669,11.49424657,0,0,1,1,1,6/12/2021 2:55,18087
6,4,6,2,234,238,1520,64.64567841,1,0,0,1,0,6/18/2020 6:37,5798
7,1,6,0,226,233,1878,90.86882814,1,1,1,1,1,6/13/2022 7:07,30627
20,4,4,1,215,221,1853,35.45762842,0,0,1,0,1,4/16/2020 20:16,3660
6,2,12,1,216,220,1627,83.17700558,0,0,1,0,1,12/22/2020 6:37,12202
10,5,9,2,227,236,1523,19.78768395,1,0,0,1,0,9/1/2023 10:20,45871
7,4,11,2,235,238,1808,64.81397637,1,0,0,1,0,11/24/2022 7:36,36244
17,7,5,2,211,220,1778,21.00957686,1,1,0,0,0,5/9/2021 17:11,16943
5,1,4,1,223,230,1754,62.1681374,0,0,1,0,1,4/24/2023 5:24,41412
21,4,12,2,229,238,1537,30.87226417,1,1,0,1,1,12/15/2022 21:30,36983
1,2,10,1,231,238,1540,56.22513906,1,0,0,1,1,10/13/2020 1:10,9797
17,4,10,1,221,224,1538,28.52369222,0,0,1,0,0,10/13/2022 17:38,34820
22,1,2,1,212,220,1644,13.46430219,0,0,1,1,0,2/3/2020 22:20,1163
7,4,5,0,224,227,1703,70.70522325,1,1,1,0,0,5/12/2022 7:02,29531
0,6,11,2,213,222,1966,85.75321623,0,1,0,1,1,11/14/2020 0:33,10892
11,2,11,0,219,225,1846,26.34818389,1,1,1,1,1,11/23/2021 11:06,23715
11,3,6,1,237,238,1974,76.91835632,0,0,0,0,1,6/24/2020 11:53,6011
19,2,8,0,229,238,1588,87.75336646,1,1,1,0,1,8/1/2023 19:11,44822
16,5,10,1,221,230,1723,30.12130911,1,0,1,0,1,10/21/2022 16:15,35092
4,7,12,1,219,221,1720,35.21349122,0,1,1,1,1,12/25/2022 4:21,37301
0,6,5,1,232,234,1713,46.01338435,0,0,0,0,1,5/13/2023 0:44,42056
6,6,12,2,235,236,1736,28.35148655,1,1,0,0,1,12/25/2021 6:17,24804
12,2,9,2,223,228,1726,88.18153231,1,1,0,0,0,9/20/2022 12:29,34025
18,1,9,0,215,223,1756,22.50667668,1,1,1,0,0,9/28/2020 18:28,9308
6,5,3,2,219,225,1510,87.63369067,0,0,0,1,0,3/4/2022 6:18,27167
15,5,2,0,234,236,1715,77.88469942,0,1,1,1,0,2/25/2022 15:55,26941
16,5,4,2,228,232,1814,56.36652586,0,1,0,1,0,4/22/2022 16:47,28860
11,1,3,1,214,223,1813,22.28711248,0,0,1,0,0,3/9/2020 11:24,2346
17,2,11,2,231,237,1633,26.40173169,0,0,0,0,0,11/7/2023 17:42,48176
17,6,1,2,232,232,1704,57.61518944,1,1,0,0,1,1/8/2022 17:53,25300
6,1,12,0,213,222,1676,85.08366378,1,1,1,1,1,12/20/2021 6:27,24633
10,5,8,0,220,223,1725,13.18906545,1,1,1,1,1,8/5/2022 10:36,32447
20,2,1,2,236,239,1587,85.72732625,0,1,0,1,1,1/24/2023 20:13,38351
5,6,10,2,238,239,1979,68.61014209,0,1,0,0,0,10/14/2023 5:01,47336
18,3,2,1,229,238,1878,37.41066309,0,1,1,0,1,2/22/2023 18:01,39341
0,2,11,1,222,229,1816,37.52810067,0,0,0,1,1,11/7/2023 0:53,48152
13,3,6,1,226,230,1716,85.59955067,0,1,1,0,1,6/2/2021 13:03,17759
23,3,2,1,217,221,1673,16.42219092,1,0,1,1,1,2/1/2023 23:02,38629
12,7,11,2,226,232,1568,70.66294035,1,1,0,1,0,11/15/2020 12:18,10943
19,6,1,2,225,228,1932,93.53631527,0,1,0,0,1,1/22/2022 19:41,25782
13,5,12,1,231,234,1940,39.9472063,0,0,0,1,1,12/31/2021 13:39,25020
21,4,7,2,234,238,1695,70.15977067,0,0,0,1,0,7/8/2021 21:34,19004
16,5,5,1,229,232,1586,56.66337363,0,0,1,1,0,5/1/2020 16:17,4168
6,1,7,1,228,228,1707,58.30116781,1,0,0,0,1,7/19/2021 6:21,19359
10,4,3,1,231,239,1845,13.38233619,0,1,1,0,1,3/16/2023 10:43,40084
23,7,8,1,225,227,1715,13.90214694,1,0,1,0,1,8/1/2021 23:44,19829
16,5,7,0,219,224,1735,90.92422716,1,1,1,0,1,7/10/2020 16:50,6566
20,6,5,1,237,238,1792,73.89755372,1,0,0,1,1,5/22/2021 20:33,17393
12,2,5,1,230,236,1614,41.98390226,0,1,1,0,1,5/4/2021 12:26,16765
6,6,9,2,228,237,1961,20.19214008,1,1,0,1,0,9/25/2021 6:33,21688
1,1,2,1,219,225,1567,12.84782682,1,0,0,1,1,2/17/2020 1:42,1613
21,6,3,2,217,226,1765,39.43068608,1,0,0,1,0,3/19/2022 21:56,27703
17,5,1,2,232,239,1968,46.72372291,0,1,0,1,1,1/28/2022 17:15,25984
9,7,10,0,218,223,1865,88.5386731,0,1,1,1,0,10/4/2020 9:43,9501
6,6,3,1,222,228,1850,50.96693247,0,0,1,0,0,3/7/2020 6:50,2271
19,3,6,0,221,230,1990,64.78650928,0,1,1,1,0,6/16/2021 19:45,18248
4,6,9,2,229,229,1982,86.45154481,0,0,0,1,0,9/5/2020 4:55,8501
0,7,3,1,218,221,1652,52.08814378,1,0,0,0,1,3/8/2020 0:22,2296
9,7,9,1,229,229,1846,32.82950126,0,0,1,1,0,9/20/2020 9:20,9021
1,2,1,2,229,234,1859,14.3371496,0,0,0,1,0,1/19/2021 1:48,13154
2,3,6,1,238,238,1873,67.82277325,0,1,1,0,1,6/7/2023 2:43,42915
11,5,3,0,216,221,1730,40.55555642,1,0,1,0,0,3/4/2022 11:55,27175
7,7,3,1,229,237,1871,89.52068198,0,0,1,1,1,3/15/2020 7:34,2546
4,4,9,1,218,221,1806,85.50462226,1,0,1,1,1,9/15/2022 4:14,33842
15,4,8,2,213,221,1666,28.22157712,1,1,0,0,0,8/25/2022 15:34,33139
20,5,9,1,235,238,1744,34.2137523,1,0,1,1,1,9/3/2021 20:09,20954
15,5,8,2,231,234,1743,28.86422071,0,1,0,1,0,8/18/2023 15:33,45399
3,6,5,1,216,223,1910,32.62332067,1,0,1,1,1,5/8/2021 3:20,16889
11,7,10,2,228,229,1608,15.27754456,1,0,0,1,0,10/2/2022 11:07,34434
10,6,12,1,225,226,1550,66.0725814,0,0,0,0,1,12/3/2022 10:15,36556
21,7,4,0,215,221,1750,18.20619448,1,0,1,1,0,4/17/2022 21:51,28696
12,5,6,1,232,233,1537,79.72536303,1,0,0,0,1,6/9/2023 12:11,42997
2,7,6,0,222,228,1670,44.38329431,1,1,1,0,1,6/28/2020 2:05,6134
0,7,11,2,226,231,1786,93.52478871,0,0,0,1,0,11/29/2020 0:47,11406
21,2,10,2,228,231,1716,74.60217314,0,0,0,0,0,10/4/2022 21:59,34518
2,7,8,2,220,220,1913,84.47627286,0,0,0,0,0,8/14/2022 2:45,32744
11,2,11,1,233,233,1622,75.24588744,0,0,0,0,1,11/3/2020 11:34,10531
6,2,7,0,226,230,1825,60.89753653,1,1,1,1,1,7/27/2021 6:22,19633
6,7,2,1,213,222,1654,68.97131995,1,0,1,0,1,2/6/2022 6:35,26277
22,2,5,2,223,226,1937,90.38896523,0,0,0,1,0,5/31/2022 22:41,30204
18,4,9,1,230,231,1835,61.4843745,0,0,1,1,1,9/9/2021 18:25,21157
7,4,12,2,217,220,1855,50.20046871,0,1,0,0,0,12/23/2021 7:20,24737
21,4,9,2,238,239,1892,85.45948422,0,1,0,0,1,9/30/2021 21:48,21881
19,1,11,0,220,226,1751,14.88916334,1,1,1,1,1,11/30/2020 19:32,11467
18,7,1,2,235,235,1974,87.54189926,0,1,0,0,0,1/24/2021 18:27,13349
15,5,11,2,223,225,1853,80.42477379,1,1,0,0,0,11/3/2023 15:36,48036
3,3,4,2,227,234,1703,49.29738777,1,0,0,1,0,4/28/2021 3:40,16547
14,5,7,2,234,235,1535,64.35319988,1,1,0,0,0,7/23/2021 14:46,19508
1,2,6,1,227,236,1801,58.40572487,1,0,1,0,1,6/16/2020 1:21,5722
21,7,7,1,225,225,1818,30.56691352,0,0,1,0,0,7/18/2021 21:56,19347
5,3,10,1,228,232,1914,92.96368308,1,0,1,1,1,10/27/2021 5:14,22782
5,2,6,1,230,237,1572,89.53195498,0,0,1,1,0,6/14/2022 5:33,30659
9,1,1,2,221,221,1878,42.89225047,1,0,0,1,0,1/13/2020 9:08,425
18,3,9,1,224,227,1981,37.16968499,0,0,0,0,1,9/23/2020 18:38,9137
11,1,12,2,223,228,1891,58.30287693,0,1,0,0,1,12/26/2022 11:53,37346
17,4,8,1,222,227,1893,11.95905378,1,0,0,1,1,8/18/2022 17:28,32902
1,3,2,1,225,234,1567,64.37122471,0,0,0,1,1,2/2/2022 1:40,26133
23,4,11,2,225,225,1610,85.51297318,0,1,0,1,1,11/19/2020 23:31,11096
2,1,6,2,230,236,1797,39.89468386,1,0,0,1,0,6/15/2020 2:13,5689
19,7,8,1,230,231,1835,91.4841208,0,0,0,0,1,8/15/2021 19:13,20302
8,2,12,1,232,238,1894,52.4081316,0,0,1,0,0,12/14/2021 8:11,24430
13,4,7,2,214,220,1978,17.46617521,0,1,0,0,0,7/21/2022 13:11,31937
13,5,7,2,223,232,1772,15.09003959,1,1,0,0,0,7/3/2020 13:08,6321
5,2,1,2,230,233,1789,20.02521668,0,0,0,1,0,1/12/2021 5:48,12920
10,1,11,2,222,226,1655,26.0752471,1,0,0,1,0,11/6/2023 10:10,48131
1,5,11,1,227,236,1869,88.13632717,0,0,1,0,0,11/20/2020 1:38,11099
12,1,8,1,224,226,1531,45.94287235,0,1,1,0,1,8/8/2022 12:53,32553
3,5,3,2,232,233,1735,25.50450357,1,0,0,0,0,3/5/2021 3:09,14697
6,4,12,0,224,228,1718,13.72437655,1,1,1,0,1,12/15/2022 6:05,36961
10,7,6,0,220,222,1574,50.5346504,0,1,1,1,0,6/28/2020 10:30,6146
21,5,11,1,229,234,1512,22.28203333,0,0,0,0,1,11/13/2020 21:03,10887
14,3,12,0,234,234,1758,40.49307716,1,0,1,1,0,12/29/2021 14:00,24952
1,6,6,1,225,232,1960,80.87387009,0,1,1,1,1,6/26/2021 1:12,18564
11,6,8,2,221,223,1947,42.07367052,0,1,0,1,1,8/15/2020 11:20,7791
19,6,9,2,218,224,1587,36.43799756,1,1,0,0,1,9/25/2021 19:10,21706
8,3,4,2,221,229,1806,69.93001588,0,1,0,1,0,4/1/2020 8:08,3129
16,6,7,2,223,231,1564,57.17013499,1,1,0,0,0,7/22/2023 16:42,44476
22,1,8,1,220,227,1609,97.21220721,1,0,0,1,1,8/15/2022 22:54,32807
4,4,8,0,220,226,1768,34.40610303,0,1,1,1,0,8/3/2023 4:07,44869
14,2,8,2,220,221,1951,97.36698612,0,0,0,1,0,8/3/2021 14:59,19885
10,2,2,2,226,232,1761,60.84470934,1,1,0,1,1,2/25/2020 10:08,1899
15,2,5,1,227,228,1649,18.05733204,0,0,0,1,1,5/9/2023 15:26,41940
8,5,5,1,228,235,1957,99.24532588,0,0,1,0,0,5/28/2021 8:18,17581
7,4,12,1,217,225,1761,20.69780248,0,0,1,1,0,12/2/2021 7:27,24018
21,1,10,0,227,234,1681,45.70856423,1,1,1,1,1,10/2/2023 21:06,46948
8,2,1,1,218,223,1720,44.67144452,0,0,1,1,0,1/12/2021 8:37,12924
7,7,1,0,231,239,1795,72.55504281,1,1,1,0,1,1/19/2020 7:24,628
15,6,7,0,239,239,1958,19.22753476,0,1,1,0,0,7/15/2023 15:06,44234
11,2,8,2,218,223,1866,45.07680326,1,0,0,1,0,8/30/2022 11:12,33304
8,1,2,1,230,238,1934,86.26880424,0,0,0,1,1,2/14/2022 8:42,26554
11,1,11,1,231,234,1642,20.26430417,1,0,0,0,1,11/7/2022 11:56,35668
15,5,12,0,238,238,1684,72.74706246,1,0,1,0,0,12/23/2022 15:55,37249
4,6,6,1,231,239,1656,48.42069379,0,0,1,1,1,6/11/2022 4:40,30555
20,1,8,1,221,226,1778,86.90794476,0,0,1,0,0,8/2/2021 20:45,19859
0,4,5,2,217,225,1837,24.86254112,0,1,0,0,1,5/14/2020 0:44,4591
15,3,6,2,230,237,1882,93.90151163,1,1,0,0,1,6/23/2021 15:44,18482
13,3,2,1,222,228,1780,70.66502681,0,1,1,1,1,2/3/2021 13:56,13685
7,3,6,2,225,226,1715,31.80565945,0,1,0,0,1,6/30/2021 7:31,18710
22,5,11,2,232,233,1611,53.8918429,1,1,0,0,1,11/4/2022 22:57,35581
8,5,5,1,232,235,1978,67.73340385,0,1,1,1,1,5/13/2022 8:16,29567
12,3,2,1,230,239,1517,24.35058728,0,0,1,1,0,2/5/2020 12:53,1218
9,3,11,1,229,230,1687,78.30908194,0,0,1,1,0,11/30/2022 9:22,36452
15,5,9,0,230,231,1837,25.29845511,1,0,1,1,0,9/16/2022 15:59,33893
19,1,2,0,214,220,1775,46.243273,1,1,1,0,1,2/28/2022 19:37,27049
13,3,5,0,214,222,1833,52.43700962,1,0,1,1,0,5/20/2020 13:01,4814
16,2,9,0,215,223,1500,88.05166201,1,1,1,1,1,9/29/2020 16:12,9339
21,7,10,2,224,229,1652,58.74943831,0,1,0,1,1,10/1/2023 21:17,46914
6,1,1,2,237,239,1865,11.47068651,0,0,0,1,0,1/11/2021 6:41,12887
10,5,7,2,220,227,1770,24.52021668,1,1,0,0,1,7/9/2021 10:53,19023
17,1,3,1,234,237,1918,70.77494136,0,1,1,1,1,3/15/2021 17:33,15060
18,1,2,2,221,221,1843,36.05128104,1,0,0,0,0,2/21/2022 18:43,26808
6,3,7,1,226,226,1895,22.11304047,0,1,1,0,1,7/8/2020 6:40,6483
13,1,5,0,217,221,1697,94.18551073,1,1,1,1,0,5/15/2023 13:42,42143
3,4,10,1,231,239,1966,91.07645791,0,0,1,1,0,10/28/2021 3:40,22814
7,7,5,2,225,227,1981,26.4239159,0,1,0,0,0,5/17/2020 7:55,4704
16,3,7,2,228,234,1856,98.80114381,1,1,0,0,1,7/7/2021 16:50,18963
2,4,2,1,231,235,1594,73.16124639,0,0,1,0,1,2/20/2020 2:35,1717
19,3,1,1,219,222,1525,82.64671924,0,0,0,0,1,1/6/2021 19:27,12734
8,4,4,1,224,227,1881,58.52106031,0,0,1,1,1,4/30/2020 8:03,4122
14,2,11,1,227,232,1571,45.09104093,0,0,1,0,0,11/22/2022 14:15,36185
20,5,4,2,228,232,1522,49.55067471,0,0,0,0,0,4/7/2023 20:57,40852
22,5,1,2,228,234,1653,38.48928296,0,1,0,0,0,1/15/2021 22:49,13047
13,4,5,2,212,221,1749,92.83205421,1,0,0,0,0,5/5/2022 13:08,29300
23,4,1,1,230,234,1852,41.04213788,1,0,1,0,1,1/23/2020 23:32,788
8,4,8,1,230,234,1965,14.74138749,1,0,1,1,1,8/13/2020 8:52,7719
7,5,6,2,235,237,1639,45.02481238,0,1,0,0,0,6/3/2022 7:27,30285
8,1,1,1,219,220,1970,66.58987901,0,0,1,1,1,1/16/2023 8:16,38060
8,7,10,2,231,233,1885,32.53875783,0,0,0,1,0,10/29/2023 8:45,47855
18,1,5,1,214,221,1729,73.07748136,0,0,1,1,1,5/4/2020 18:34,4274
7,3,9,1,232,237,1638,36.00804322,0,0,0,0,1,9/7/2022 7:43,33573
9,6,7,2,216,222,1783,53.793634,0,0,0,1,0,7/2/2022 9:27,31281
12,7,8,1,229,229,1651,93.93386458,0,0,1,1,0,8/27/2023 12:36,45703
3,2,12,2,221,221,1511,16.1815311,1,1,0,1,0,12/15/2020 3:37,11958
1,5,11,0,219,228,1998,24.67018255,1,0,1,1,0,11/6/2020 1:56,10620
22,3,1,2,235,237,1656,51.41796265,1,1,0,1,0,1/12/2022 22:06,25443
7,7,5,2,230,231,1949,16.55498068,1,1,0,0,1,5/9/2021 7:22,16929
10,6,12,1,215,222,1871,33.76429898,1,0,1,1,1,12/11/2021 10:48,24331
16,6,1,0,221,222,1560,95.71038654,1,1,1,0,0,1/9/2021 16:08,12832
1,3,12,0,222,224,1865,89.27446316,1,1,1,0,0,12/21/2022 1:32,37160
9,1,1,2,216,223,1813,91.45940663,0,0,0,1,0,1/10/2022 9:50,25357
0,7,11,0,220,229,1714,74.0074579,1,1,1,0,1,11/8/2020 0:53,10687
10,6,2,1,231,233,1763,34.69236455,1,0,0,0,1,2/11/2023 10:48,38954
9,4,3,2,226,232,1583,20.34000084,0,1,0,0,0,3/11/2021 9:08,14911
18,1,1,1,217,221,1984,51.88713787,0,0,0,0,1,1/3/2022 18:03,25129
7,2,11,1,220,226,1595,30.35913628,0,1,1,1,1,11/3/2020 7:22,10525
16,4,4,2,222,224,1524,44.63070225,0,1,0,0,0,4/20/2023 16:36,41291
1,4,11,2,226,227,1877,28.36104918,0,1,0,1,1,11/18/2021 1:27,23530
5,1,11,1,217,226,1528,49.17534586,1,0,0,0,1,11/16/2020 5:07,10967
16,1,9,0,234,238,1708,68.39286649,1,0,1,0,0,9/28/2020 16:22,9305
16,7,12,0,225,233,1933,59.29251363,1,1,1,1,0,12/5/2021 16:02,24133
16,3,9,1,218,223,1517,87.69630217,0,1,1,1,1,9/13/2023 16:40,46291
21,1,7,1,228,229,1754,96.40292396,1,0,0,1,1,7/4/2022 21:43,31367
2,2,2,2,223,227,1915,52.44627889,1,0,0,0,0,2/7/2023 2:23,38805
1,5,3,0,223,228,1535,17.62469664,1,1,1,1,0,3/18/2022 1:05,27639
2,7,5,0,220,221,1688,87.68226325,1,1,1,1,0,5/2/2021 2:58,16683
0,7,2,0,238,238,1888,62.39910311,0,1,1,1,0,2/5/2023 0:37,38734
23,1,5,1,233,234,1659,44.90051659,1,0,0,0,1,5/11/2020 23:40,4521
16,4,8,2,226,226,1782,59.14249909,1,0,0,1,0,8/5/2021 16:02,19955
9,4,6,0,221,224,1831,64.39325833,1,1,1,1,1,6/25/2020 9:37,6042
9,5,2,0,229,232,1785,26.42550186,1,1,1,0,1,2/12/2021 9:35,13987
5,5,2,1,235,238,1818,46.47639145,0,1,1,1,1,2/28/2020 5:25,1995
18,4,12,2,215,221,1669,61.29184254,1,1,0,0,1,12/17/2020 18:42,12048
3,4,11,0,232,237,1735,53.84220689,0,1,1,0,0,11/25/2021 3:02,23772
23,2,11,1,230,237,1993,75.08169017,0,0,1,0,1,11/22/2022 23:21,36198
2,1,9,0,222,222,1988,79.21036201,1,0,1,1,0,9/28/2020 2:21,9285
4,5,5,2,230,234,1591,63.57962931,1,1,0,1,0,5/8/2020 4:34,4391
8,4,8,1,239,239,1859,24.76532308,0,0,1,1,1,8/17/2023 8:43,45355
22,1,12,0,231,237,1803,38.3225364,1,1,1,1,1,12/19/2022 22:12,37121
20,4,2,0,223,226,1676,29.40128646,1,0,1,1,0,2/16/2023 20:27,39139
17,3,11,0,225,232,1913,84.46032694,0,1,1,0,0,11/11/2020 17:54,10814
21,7,8,0,228,228,1666,53.46322424,1,1,1,1,1,8/8/2021 21:07,20065
18,3,12,2,214,221,1574,47.89478959,0,1,0,0,0,12/2/2020 18:29,11534
0,6,6,0,221,223,1913,93.36736506,1,1,1,0,0,6/24/2023 0:30,43494
21,3,12,1,226,228,1911,68.83425033,1,0,0,0,1,12/7/2022 21:28,36709
9,3,6,1,226,230,1611,10.83752593,0,0,0,0,1,6/7/2023 9:44,42925
14,5,7,0,226,233,1725,43.66983452,1,1,1,1,0,7/17/2020 14:14,6802
1,4,4,2,227,236,1572,79.78898135,0,1,0,1,0,4/7/2022 1:09,28324
16,5,5,2,216,223,1705,64.32020489,0,1,0,1,0,5/12/2023 16:19,42044
20,6,10,1,232,233,1925,64.18474193,0,0,1,1,1,10/28/2023 20:08,47837
16,2,3,2,217,225,1728,71.09479711,0,0,0,1,0,3/17/2020 16:20,2627
4,1,3,2,214,223,1644,20.52393078,1,0,0,1,0,3/22/2021 4:26,15281
14,1,8,0,231,237,1720,51.81019224,1,1,1,0,1,8/23/2021 14:20,20569
19,1,10,1,234,238,1509,29.20599528,1,0,1,0,1,10/19/2020 19:03,10028
3,7,9,2,231,237,1880,47.82238972,1,0,0,0,0,9/4/2022 3:20,33464
22,6,8,1,217,226,1903,35.94128251,0,0,1,1,1,8/7/2021 22:42,20033
0,3,9,0,226,232,1670,67.96129397,1,1,1,0,0,9/23/2020 0:24,9111
17,5,2,0,220,227,1979,67.25379015,0,1,1,1,0,2/5/2021 17:05,13758
16,2,3,2,221,224,1976,68.0688618,0,1,0,0,0,3/15/2022 16:19,27558
18,5,1,1,224,224,1785,20.76469384,1,0,0,0,1,1/7/2022 18:46,25267
21,5,10,1,233,236,1933,30.7429186,1,0,0,0,1,10/27/2023 21:42,47805
11,4,8,0,217,224,1605,94.26561423,1,1,1,1,0,8/4/2022 11:29,32414
23,2,1,1,232,235,1979,52.74563808,1,0,1,1,1,1/18/2022 23:10,25650
1,3,11,2,220,222,1683,95.17132642,0,1,0,0,0,11/29/2023 1:18,48906
16,3,10,1,226,228,1782,55.34085887,1,0,0,0,1,10/25/2023 16:27,47729
23,5,10,0,228,231,1950,40.08142371,1,0,1,0,0,10/7/2022 23:34,34623
21,6,6,2,238,238,1711,64.06259919,0,1,0,0,1,6/27/2020 21:53,6128
17,6,1,2,232,235,1812,45.48535425,1,1,0,1,1,1/4/2020 17:42,129
23,2,8,2,220,226,1643,23.66857995,1,0,0,0,0,8/2/2022 23:44,32363
21,5,3,0,222,223,1756,33.6827109,0,1,1,0,0,3/26/2021 21:16,15442
6,7,3,0,233,238,1517,36.54626183,1,1,1,0,1,3/8/2020 6:40,2305
10,6,10,0,236,236,1796,14.25316767,1,1,1,0,0,10/14/2023 10:38,47344
13,3,5,2,234,237,1936,94.16475252,1,0,0,0,0,5/20/2020 13:43,4815
10,4,9,1,229,229,1506,42.10584991,0,0,1,0,0,9/14/2023 10:12,46316
17,1,2,2,227,231,1538,51.32250201,1,1,0,0,1,2/6/2023 17:58,38793
18,7,6,1,218,224,1943,93.04462681,1,0,0,1,1,6/19/2022 18:42,30849
21,1,4,0,229,235,1554,32.29477375,1,1,1,0,1,4/24/2023 21:31,41435
17,4,1,1,220,224,1515,38.63289928,0,1,1,0,1,1/7/2021 17:11,12765
13,6,6,2,230,232,1805,65.4657249,0,0,0,0,0,6/24/2023 13:49,43513
5,7,5,1,233,235,1789,13.02464113,0,0,0,1,1,5/28/2023 5:09,42576
9,5,6,1,221,224,1882,10.20003551,0,0,1,1,0,6/11/2021 9:24,18062
22,5,12,0,217,220,1962,46.17300566,1,1,1,1,1,12/2/2022 22:20,36539
10,2,5,0,217,224,1950,13.43118561,0,1,1,1,0,5/2/2023 10:20,41693
9,7,2,2,227,232,1535,43.2001448,0,0,0,1,0,2/5/2023 9:02,38746
9,4,4,1,226,235,1852,26.84918359,0,0,0,1,1,4/14/2022 9:03,28575
11,7,7,2,215,221,1794,50.18548882,1,1,0,0,1,7/19/2020 11:47,6867
22,1,1,0,227,236,1870,25.8251792,0,1,1,1,0,1/16/2023 22:59,38081
1,6,3,2,224,230,1825,35.05412013,0,0,0,1,0,3/20/2021 1:16,15208
19,7,10,0,226,234,1598,14.66522245,0,1,1,1,0,10/29/2023 19:15,47870
23,4,8,0,223,229,1743,41.79691389,1,0,1,1,0,8/11/2022 23:35,32671
11,4,9,2,226,227,1795,99.71533134,0,1,0,0,0,9/23/2021 11:48,21627
23,5,6,1,234,237,1943,79.33518351,0,1,1,0,1,6/3/2022 23:34,30308
10,5,7,0,214,223,1826,91.46293646,0,1,1,0,0,7/2/2021 10:41,18783
11,3,2,1,217,223,1823,36.62265935,0,0,0,0,1,2/17/2021 11:31,14161
11,7,10,1,233,234,1753,97.13899142,0,0,0,0,1,10/23/2022 11:42,35154
14,4,11,1,223,223,1840,76.59855585,0,0,1,1,1,11/3/2022 14:01,35534
6,7,10,2,228,234,1879,53.40019522,0,0,0,0,0,10/23/2022 6:48,35147
3,3,2,1,228,229,1625,35.35950776,0,1,1,1,1,2/5/2020 3:04,1204
22,2,4,1,221,230,1646,69.30859738,1,0,0,1,1,4/4/2023 22:10,40751
23,4,2,2,216,221,1724,33.46322426,1,0,0,0,0,2/6/2020 23:13,1267
3,3,9,1,230,238,1700,69.40582711,1,0,0,1,1,9/21/2022 3:12,34046
14,4,8,2,232,238,1519,55.26363034,0,0,0,1,0,8/25/2022 14:10,33137
0,6,2,0,224,228,1551,33.07587169,0,1,1,1,0,2/4/2023 0:48,38700
2,7,11,1,215,222,1689,99.73664798,1,0,1,0,1,11/15/2020 2:29,10929
18,1,4,1,229,233,1629,68.02755319,1,0,1,0,1,4/3/2023 18:08,40711
10,7,4,2,230,239,1542,44.44097561,1,0,0,1,0,4/23/2023 10:29,41385
19,3,1,0,222,226,1949,58.72419413,1,1,1,1,0,1/25/2023 19:20,38384
3,1,1,1,232,234,1593,38.52732907,0,0,0,0,1,1/18/2021 3:22,13122
11,2,1,1,222,227,1973,68.45544988,0,0,1,1,0,1/7/2020 11:34,223
10,1,9,1,217,226,1721,27.6466574,0,0,1,0,0,9/28/2020 10:03,9296
17,4,3,0,222,230,1928,71.17417527,1,0,1,1,0,3/3/2022 17:41,27149
4,2,5,2,222,223,1824,52.63331116,0,1,0,1,0,5/2/2023 4:01,41684
11,1,7,0,229,235,1558,49.52289714,1,1,1,1,0,7/19/2021 11:57,19367
11,7,1,0,217,221,1634,16.41187296,0,1,1,1,0,1/3/2021 11:34,12620
13,1,1,1,232,238,1646,22.91739926,0,0,1,1,0,1/4/2021 13:30,12657
20,6,5,0,217,222,1757,31.30619329,1,0,1,1,0,5/13/2023 20:21,42084
14,2,3,2,233,237,1512,62.61532057,1,1,0,0,1,3/9/2021 14:23,14850
11,6,10,2,228,231,1639,92.69703247,1,1,0,0,1,10/23/2021 11:32,22654
14,7,11,2,229,232,1980,40.9962871,0,1,0,1,0,11/26/2023 14:26,48822
19,7,1,0,219,222,1657,78.84052142,0,1,1,0,0,1/31/2021 19:21,13590
19,5,6,1,231,237,1704,31.21170487,1,0,1,1,1,6/11/2021 19:12,18076
10,7,5,1,233,233,1938,28.31135318,1,0,1,0,1,5/28/2023 10:03,42583
12,2,3,0,221,223,1779,64.03761143,1,1,1,0,0,3/7/2023 12:58,39779
2,2,1,1,234,235,1727,79.37188847,0,0,0,0,1,1/21/2020 2:51,690
3,1,11,2,226,230,1839,82.41586873,0,0,0,0,0,11/6/2023 3:10,48121
7,3,6,0,233,239,1918,57.18344888,1,0,1,0,0,6/17/2020 7:29,5765
14,3,1,2,231,239,1808,49.61440639,1,1,0,0,0,1/27/2021 14:26,13446
10,2,5,2,229,238,1570,31.28879047,1,0,0,0,0,5/5/2020 10:41,4297
10,1,4,1,226,226,1862,31.07667532,0,0,1,0,0,4/18/2022 10:28,28714
19,3,8,1,231,233,1630,14.45434712,0,0,0,0,1,8/26/2020 19:57,8180
5,2,7,0,237,239,1544,63.2198649,0,1,1,0,0,7/21/2020 5:50,6927
11,4,12,1,222,222,1689,65.42262238,0,1,1,0,1,12/29/2022 11:22,37448
2,2,11,0,233,233,1864,98.31438513,1,1,1,1,0,11/28/2023 2:53,48874
4,1,5,0,236,239,1823,51.14652313,1,1,1,0,1,5/22/2023 4:47,42370
12,3,8,1,218,225,1994,20.83736362,0,0,1,0,0,8/10/2022 12:33,32621
19,4,7,2,233,233,1823,99.81155951,1,1,0,1,1,7/20/2023 19:09,44411
0,3,10,2,238,238,1514,21.19124941,0,1,0,1,0,10/13/2021 0:38,22296
4,5,3,1,224,230,1876,81.87613217,0,1,1,0,1,3/27/2020 4:06,2952
15,7,4,2,225,226,1788,50.01316742,0,0,0,1,0,4/16/2023 15:53,41153
17,7,6,2,220,225,1695,92.11971952,1,1,0,1,0,6/11/2023 17:27,43073
7,4,11,1,234,234,1839,89.87672267,0,1,1,0,1,11/10/2022 7:12,35764
8,1,5,1,213,220,1565,87.97546921,0,0,1,0,1,5/4/2020 8:46,4260
18,1,7,0,227,228,1867,28.67269481,1,1,1,1,0,7/20/2020 18:37,6911
5,1,12,0,236,237,1564,51.80109838,1,0,1,0,0,12/12/2022 5:12,36857
13,4,3,1,228,234,1796,30.49019216,0,0,1,0,1,3/9/2023 13:20,39848
0,3,7,2,220,221,1925,48.65183692,1,1,0,0,0,7/14/2021 0:54,19180
23,7,2,2,237,237,1525,57.99959582,0,0,0,0,0,2/13/2022 23:36,26541
4,6,12,2,226,228,1936,61.04666012,0,0,0,0,0,12/17/2022 4:20,37027
22,7,10,1,235,236,1704,26.95414931,0,1,1,0,1,10/31/2021 22:46,22944
2,1,4,2,230,230,1596,93.8105242,0,1,0,0,0,4/25/2022 2:57,28943
1,7,4,1,232,236,1535,47.6611985,1,0,1,1,1,4/18/2021 1:53,16202
4,1,7,1,221,223,1542,78.53995465,0,0,1,1,0,7/13/2020 4:24,6651
19,5,6,2,218,224,1864,25.49689555,0,1,0,1,0,6/19/2020 19:03,5850
21,4,9,0,220,224,1985,91.88793501,1,1,1,1,0,9/15/2022 21:46,33867
18,3,8,0,223,227,1698,98.31939105,1,1,1,1,0,8/11/2021 18:30,20164
6,1,3,0,220,221,1813,62.38531239,0,1,1,0,0,3/6/2023 6:50,39736
14,4,6,2,232,238,1846,36.77557206,1,0,0,0,0,6/11/2020 14:07,5569
4,5,11,1,232,233,1510,12.86567208,0,0,1,0,0,11/18/2022 4:25,36034
13,1,6,2,229,231,1732,96.4675366,0,0,0,1,0,6/5/2023 13:35,42862
19,4,4,0,223,223,1862,74.11299255,1,1,1,1,1,4/15/2021 19:55,16125
17,3,1,2,233,239,1750,72.96770958,0,1,0,0,0,1/5/2022 17:00,25196
1,1,2,1,218,227,1855,51.56993018,0,0,1,0,0,2/21/2022 1:12,26783
13,1,2,1,233,233,1956,78.60250823,0,0,0,1,1,2/14/2022 13:37,26561
6,7,7,2,224,226,1686,70.30250467,1,1,0,1,0,7/30/2023 6:12,44735
15,3,9,0,215,221,1814,55.61915118,1,1,1,1,0,9/13/2023 15:16,46289
1,1,11,1,215,222,1575,22.725754,0,0,0,0,1,11/9/2020 1:25,10722
16,3,6,1,220,221,1698,27.39840127,0,0,0,1,1,6/1/2022 16:54,30230
9,7,4,2,233,238,1950,59.69423795,1,1,0,1,0,4/12/2020 9:03,3507
0,5,11,1,228,232,1776,62.86906781,1,0,1,1,1,11/11/2022 0:43,35789
13,6,12,1,232,233,1703,22.82172171,0,0,1,1,0,12/25/2021 13:59,24815
10,7,11,1,235,239,1559,55.50508998,0,0,0,1,1,11/28/2021 10:14,23885
14,7,2,1,231,234,1547,56.20917323,0,0,1,1,1,2/6/2022 14:17,26288
13,7,3,2,219,224,1602,39.25785836,0,0,0,1,0,3/5/2023 13:19,39711
13,1,2,2,216,223,1740,58.6556031,0,0,0,0,0,2/21/2022 13:06,26800
17,4,8,2,221,222,1807,74.01314512,0,1,0,0,1,8/11/2022 17:59,32663
0,3,6,0,226,230,1558,27.94942222,1,1,1,1,0,6/29/2022 0:52,31166
12,5,7,1,228,229,1709,27.01392959,0,0,1,1,1,7/9/2021 12:17,19025
4,1,2,1,232,233,1696,12.61587105,0,0,0,1,1,2/15/2021 4:51,14083
19,6,6,1,229,232,1585,90.05168015,1,0,0,1,1,6/25/2022 19:46,31056
12,1,2,0,222,227,1901,81.0280978,1,1,1,1,1,2/27/2023 12:15,39504
0,4,9,2,221,226,1906,43.44577403,0,1,0,0,1,9/21/2023 0:35,46542
17,2,1,0,219,220,1859,85.46669888,1,1,1,0,0,1/17/2023 17:55,38108
11,7,7,0,224,230,1671,84.93265824,1,1,1,0,0,7/2/2023 11:44,43784
9,5,12,0,218,224,1732,53.29646781,1,1,1,0,1,12/31/2021 9:27,25014
15,2,4,2,229,230,1800,84.7516582,1,1,0,0,0,4/5/2022 15:30,28276
5,5,2,1,234,236,1757,99.11493476,0,0,0,1,1,2/19/2021 5:34,14221
20,2,1,1,216,221,1524,81.88640905,0,0,1,1,1,1/26/2021 20:55,13421
16,6,11,2,225,233,1965,81.22654549,1,1,0,0,0,11/21/2020 16:10,11154
4,3,9,2,219,227,1661,80.14354598,0,1,0,1,1,9/20/2023 4:57,46514
18,5,2,2,224,232,1892,82.18368331,1,1,0,0,1,2/4/2022 18:08,26225
9,7,5,1,225,233,1850,63.84366898,0,0,0,1,1,5/16/2021 9:40,17172
14,7,3,1,236,239,1506,56.12956238,0,0,1,0,1,3/6/2022 14:22,27247
9,2,11,0,228,234,1531,93.35285314,1,1,1,0,1,11/28/2023 9:11,48883
17,7,5,0,225,229,1998,63.12255933,1,0,1,0,0,5/7/2023 17:53,41875
14,1,5,2,223,232,1828,33.30933725,1,1,0,0,1,5/3/2021 14:01,16733
2,2,1,1,228,236,1881,36.66435262,1,0,1,0,1,1/18/2022 2:09,25620
3,6,7,2,233,239,1958,83.94661511,1,1,0,1,0,7/17/2021 3:53,19287
2,3,6,2,227,231,1640,87.31988649,1,1,0,0,1,6/10/2020 2:23,5518
8,4,5,2,234,236,1651,19.13344671,1,0,0,1,0,5/7/2020 8:14,4362
17,2,1,0,226,228,1614,96.75716744,1,0,1,1,0,1/19/2021 17:13,13176
16,3,1,2,232,234,1897,85.03200717,1,0,0,0,0,1/20/2021 16:21,13209
2,4,4,2,233,237,1643,59.46046917,0,1,0,1,1,4/8/2021 2:12,15860
17,4,10,0,230,234,1527,94.39941667,1,1,1,1,0,10/26/2023 17:40,47765
21,6,9,2,235,235,1972,36.51080604,1,1,0,0,1,9/9/2023 21:34,46161
16,3,1,1,212,221,1750,73.30483061,0,1,1,0,1,1/11/2023 16:51,37901
21,5,7,1,216,225,1795,97.12214686,1,0,0,1,1,7/3/2020 21:33,6333
13,1,9,1,219,228,1567,26.52675317,0,0,0,1,1,9/18/2023 13:00,46457
21,2,11,2,230,234,1840,33.36262986,0,1,0,0,1,11/29/2022 21:27,36435
2,6,1,2,219,223,1835,75.9210941,1,0,0,0,0,1/23/2021 2:31,13292
20,3,4,2,230,237,1866,58.01989654,1,0,0,1,0,4/14/2021 20:47,16092
17,4,12,2,222,223,1653,71.49910838,1,1,0,1,1,12/24/2020 17:30,12286
22,5,1,0,229,237,1710,16.7308995,1,1,1,0,0,1/21/2022 22:39,25752
9,5,5,2,220,227,1964,24.90453652,0,1,0,1,0,5/28/2021 9:00,17582
18,6,10,0,222,227,1542,85.26708854,1,1,1,1,1,10/14/2023 18:20,47355
7,4,8,0,227,236,1515,25.49362424,1,1,1,0,0,8/20/2020 7:40,7957
17,5,1,1,237,237,1586,46.15782242,0,0,1,1,0,1/27/2023 17:35,38450
16,7,11,2,223,226,1879,47.23471612,0,1,0,0,0,11/5/2023 16:39,48106
2,1,1,1,225,229,1639,67.91299292,1,0,0,1,1,1/10/2022 2:07,25346
18,4,6,0,214,220,1766,44.31995643,1,1,1,0,0,6/3/2021 18:29,17801
5,3,6,0,230,233,1734,69.13850148,1,1,1,0,1,6/1/2022 5:41,30214
12,7,7,2,225,228,1615,37.78540618,0,1,0,1,1,7/11/2021 12:38,19094
6,4,4,1,224,225,1828,69.84952562,1,0,0,0,1,4/9/2020 6:46,3401
19,1,2,2,221,221,1884,99.42545424,0,1,0,0,0,2/3/2020 19:32,1159
10,7,4,2,214,223,1525,67.98971777,1,1,0,1,1,4/4/2021 10:36,15735
3,2,3,0,217,224,1997,32.3582775,0,1,1,0,0,3/30/2021 3:45,15554
1,6,3,0,230,239,1779,78.75040552,1,1,1,0,1,3/20/2021 1:58,15209
10,7,5,2,222,226,1533,23.66742468,0,1,0,0,0,5/31/2020 10:25,5187
18,1,5,2,237,238,1788,42.11735324,0,1,0,0,1,5/11/2020 18:46,4514
8,6,1,1,217,226,1678,67.30591129,0,1,1,0,1,1/21/2023 8:49,38232
18,3,6,2,227,229,1525,32.36127354,0,1,0,0,0,6/28/2023 18:44,43657
0,6,9,2,219,223,1713,35.190686,1,0,0,1,0,9/19/2020 0:24,8974
10,3,5,0,221,221,1842,37.04596478,1,1,1,1,1,5/18/2022 10:54,29742
5,1,10,1,227,231,1867,12.02579876,1,0,1,0,1,10/9/2023 5:53,47166
5,4,7,1,212,221,1768,10.6022673,1,0,1,0,1,7/29/2021 5:20,19700
19,3,8,2,229,236,1994,56.94429338,1,1,0,1,1,8/19/2020 19:03,7939
7,5,6,2,231,238,1796,94.41394648,1,1,0,1,0,6/24/2022 7:20,31004
22,7,2,2,219,223,1568,89.92731142,0,1,0,0,0,2/9/2020 22:00,1368
0,4,3,2,226,230,1972,11.09523389,0,1,0,1,0,3/17/2022 0:34,27604
22,5,2,2,235,237,1977,28.28767791,1,1,0,0,0,2/28/2020 22:14,2019
23,2,10,2,214,223,1746,27.70057401,1,1,0,0,1,10/13/2020 23:36,9829
11,7,5,2,228,232,1656,29.91055115,1,1,0,0,1,5/2/2021 11:23,16695
0,3,7,1,220,224,1718,90.87804421,0,0,1,1,0,7/22/2020 0:03,6953
8,3,3,1,234,239,1701,28.27336057,0,0,0,1,1,3/24/2021 8:59,15356
19,1,12,0,224,231,1857,31.95889183,1,1,1,0,0,12/26/2022 19:36,37357
16,4,1,0,221,228,1720,76.13659337,1,1,1,1,1,1/21/2021 16:10,13243
12,4,6,1,231,232,1961,30.91488038,1,0,1,0,1,6/4/2020 12:32,5327
10,5,12,1,224,233,1852,19.60222386,0,0,1,0,1,12/18/2020 10:49,12071
23,6,12,1,228,234,1750,25.8524451,0,1,1,0,1,12/19/2020 23:58,12124
5,5,6,2,212,220,1672,75.84202267,1,1,0,0,1,6/9/2023 5:53,42988
3,5,7,1,220,227,1591,11.80354939,0,0,1,0,1,7/15/2022 3:01,31717
15,4,2,0,211,220,1937,33.94558325,1,1,1,0,1,2/17/2022 15:54,26667
15,4,1,1,221,225,1584,38.87037677,1,0,0,0,1,1/6/2022 15:26,25228
3,5,10,0,225,233,1880,65.88193106,1,0,1,0,0,10/13/2023 3:48,47300
5,5,7,1,221,221,1950,85.87600887,1,0,1,0,1,7/29/2022 5:30,32200
19,5,5,1,214,223,1764,32.30302054,0,0,1,1,1,5/27/2022 19:10,30062
9,5,3,0,222,229,1581,20.50096077,1,0,1,0,0,3/25/2022 9:42,27891
16,6,10,1,223,232,1889,30.77906556,0,0,1,1,0,10/31/2020 16:17,10435
11,2,8,2,227,228,1586,80.6305199,1,1,0,0,1,8/29/2023 11:33,45770
18,6,9,2,219,226,1644,78.91018345,0,0,0,1,0,9/18/2021 18:16,21465
20,6,8,2,218,222,1705,74.63451323,1,1,0,0,1,8/15/2020 20:27,7804
5,4,5,1,227,236,1710,20.73574212,0,1,1,0,1,5/12/2022 5:38,29529
13,1,7,1,234,235,1767,19.80871022,0,0,0,1,1,7/25/2022 13:54,32075
12,4,9,1,224,231,1637,59.43705625,0,0,0,0,1,9/3/2020 12:58,8444
8,5,5,0,219,221,1740,80.81022114,1,1,1,0,0,5/12/2023 8:36,42033
20,4,4,1,227,227,1616,97.53814557,1,0,1,1,1,4/14/2022 20:58,28592
14,4,4,2,224,229,1942,11.23247082,0,0,0,0,0,4/2/2020 14:58,3173
10,1,12,1,232,236,1853,86.70950308,0,0,1,0,1,12/5/2022 10:36,36625
19,7,7,2,230,237,1776,12.36774005,0,0,0,0,0,7/4/2021 19:27,18864
23,5,10,2,222,225,1954,10.62429153,0,1,0,0,0,10/15/2021 23:25,22397
23,1,10,0,218,221,1717,22.30848125,1,0,1,0,0,10/2/2023 23:13,46951
6,2,10,2,212,220,1954,97.16883199,1,1,0,0,0,10/17/2023 6:37,47441
2,2,11,2,227,229,1958,91.1702112,1,1,0,1,0,11/17/2020 2:09,10997
16,6,1,1,229,231,1554,15.5783338,0,1,1,0,1,1/23/2021 16:32,13312
4,1,6,2,228,230,1537,76.74177295,1,0,0,1,0,6/29/2020 4:01,6171
13,7,9,0,228,231,1871,20.38689182,1,1,1,0,1,9/17/2023 13:53,46424
0,6,2,2,216,222,1922,73.08536644,1,1,0,0,0,2/15/2020 0:39,1543
10,6,7,1,226,233,1773,79.04967613,0,0,1,1,0,7/23/2022 10:02,32001
14,3,1,0,234,239,1507,12.61787677,1,1,1,0,0,1/29/2020 14:05,980
16,3,10,0,229,236,1728,59.47502836,1,1,1,0,0,10/18/2023 16:57,47490
22,2,8,1,230,230,1867,81.60318354,0,0,1,1,1,8/8/2023 22:53,45067
19,7,1,1,220,225,1642,20.84878986,0,0,1,0,1,1/19/2020 19:19,645
13,3,6,0,229,229,1748,28.30833828,1,1,1,1,1,6/21/2023 13:38,43410
22,6,9,2,232,232,1933,78.0302564,0,1,0,0,1,9/9/2023 22:16,46162
4,2,1,0,220,229,1654,97.08574386,1,1,1,1,0,1/17/2023 4:36,38089
18,4,11,0,227,231,1708,87.27186388,1,1,1,1,1,11/2/2023 18:34,48006
21,5,5,2,237,239,1970,79.33548307,0,0,0,0,0,5/29/2020 21:58,5135
10,4,4,2,225,234,1510,62.23737942,0,1,0,1,1,4/30/2020 10:51,4126
22,7,12,0,224,233,1657,53.25733487,1,1,1,0,0,12/11/2022 22:53,36848
10,7,2,1,219,227,1940,91.60938003,0,1,1,1,1,2/5/2023 10:26,38748
4,1,1,2,226,227,1599,66.10491709,1,1,0,1,1,1/23/2023 4:16,38294
3,5,12,2,229,237,1980,97.89828418,1,0,0,1,0,12/2/2022 3:25,36512
7,5,6,0,217,226,1907,67.27795892,1,0,1,0,0,6/23/2023 7:41,43470
5,6,4,1,231,235,1684,67.7601892,0,1,1,1,1,4/22/2023 5:45,41344
20,7,7,1,217,224,1660,82.76628567,0,1,1,1,1,7/19/2020 20:11,6879
1,5,12,2,217,226,1973,76.03780006,0,0,0,0,0,12/10/2021 1:09,24283
16,6,4,0,225,233,1750,78.65627719,1,0,1,1,0,4/9/2022 16:55,28415
20,4,11,1,220,223,1864,25.87774364,1,0,0,1,1,11/4/2021 20:41,23078
22,1,7,2,216,222,1717,26.16235026,1,0,0,0,0,7/17/2023 22:28,44313
7,2,7,1,229,233,1921,90.28364056,1,0,1,0,1,7/28/2020 7:26,7169
7,5,4,1,221,224,1855,82.70824225,1,0,0,0,1,4/24/2020 7:41,3916
9,4,5,1,224,224,1523,63.4596892,0,0,1,1,0,5/12/2022 9:50,29535
3,1,8,0,223,232,1517,91.37980499,1,1,1,0,0,8/1/2022 3:35,32300
23,5,8,0,232,232,1633,70.17929378,1,1,1,1,0,8/6/2021 23:34,20000
5,4,7,2,223,226,1588,56.49642586,1,0,0,0,0,7/8/2021 5:27,18981
16,6,1,2,226,232,1830,99.06093818,0,1,0,1,1,1/1/2022 16:17,25058
19,1,10,2,234,234,1556,63.71233262,0,0,0,0,0,10/16/2023 19:24,47425
22,2,5,1,224,227,1921,74.84522898,1,0,0,1,1,5/10/2022 22:48,29485
22,6,9,2,218,221,1991,34.80700422,0,1,0,1,0,9/18/2021 22:28,21471
0,7,8,1,225,229,1545,87.14864079,0,0,0,1,1,8/23/2020 0:09,8049
19,2,2,2,230,231,1893,64.53977254,0,1,0,1,1,2/7/2023 19:54,38830
0,7,10,1,220,227,1953,35.4165025,0,0,1,0,0,10/15/2023 0:39,47364
14,1,4,1,220,224,1949,23.8186113,0,0,1,0,1,4/6/2020 14:59,3310
7,4,6,1,217,220,1836,97.10091643,0,1,1,1,1,6/10/2021 7:28,18025
5,4,10,0,220,222,1634,32.62582032,0,1,1,1,0,10/13/2022 5:43,34803
14,4,4,1,226,234,1756,88.07174052,0,0,1,1,1,4/21/2022 14:09,28822
1,2,7,2,221,228,1684,26.46047256,1,0,0,1,0,7/13/2021 1:05,19146
18,4,1,0,225,228,1918,93.64240372,1,0,1,1,0,1/2/2020 18:44,62
0,1,2,1,229,236,1523,73.38523836,0,1,1,1,1,2/10/2020 0:06,1371
13,2,2,2,222,231,1531,55.61218936,1,1,0,0,0,2/23/2021 13:59,14370
23,4,1,2,231,232,1613,88.65317885,1,1,0,0,0,1/27/2022 23:43,25959
2,4,2,1,220,220,1665,83.65529719,1,0,1,0,1,2/6/2020 2:12,1237
9,3,11,2,223,225,1897,99.84438256,1,1,0,0,0,11/18/2020 9:41,11042
4,1,8,2,223,232,1620,96.79007692,1,1,0,0,1,8/28/2023 4:43,45726
3,6,9,2,229,238,1710,68.85307101,1,1,0,0,0,9/23/2023 3:02,46614
6,4,1,1,220,226,1815,94.69496993,1,0,1,0,1,1/28/2021 6:33,13469
5,4,3,1,229,232,1932,55.496233,0,0,0,0,1,3/3/2022 5:47,27132
19,3,8,0,230,238,1573,52.97067683,1,1,1,0,0,8/9/2023 19:12,45096
13,5,4,1,232,232,1775,21.11808089,1,0,1,1,1,4/21/2023 13:38,41321
3,2,2,2,231,231,1746,36.87961769,1,0,0,1,0,2/23/2021 3:29,14355
5,6,10,1,220,223,1823,54.04911294,0,1,1,1,1,10/17/2020 5:23,9940
0,7,8,1,224,225,1973,83.4415873,0,1,1,1,1,8/9/2020 0:27,7570
3,1,5,2,223,223,1565,22.50581483,1,1,0,1,0,5/16/2022 3:32,29663
15,6,1,1,221,229,1839,77.75622067,0,0,1,0,0,1/7/2023 15:26,37762
12,2,6,1,215,224,1539,16.08969781,1,0,0,1,1,6/16/2020 12:34,5738
1,5,10,1,219,220,1819,86.59711005,0,1,1,1,1,10/7/2022 1:51,34592
23,3,1,2,225,230,1874,93.23513878,1,1,0,0,0,1/20/2021 23:21,13219
11,7,1,1,223,223,1826,60.47561016,0,0,1,0,0,1/23/2022 11:48,25805
14,5,7,1,218,224,1923,86.4113652,0,0,0,0,1,7/29/2022 14:37,32213
20,3,10,0,230,232,1806,82.55507217,1,0,1,1,0,10/13/2021 20:58,22325
18,7,10,1,228,236,1674,97.52651176,0,0,0,0,1,10/29/2023 18:33,47869
19,5,12,1,212,221,1934,80.09399167,1,0,0,0,1,12/9/2022 19:44,36775
15,6,11,2,225,226,1597,70.82353307,0,1,0,1,1,11/25/2023 15:18,48789
3,2,7,0,214,223,1786,90.27854658,1,1,1,0,1,7/14/2020 3:32,6684
19,3,7,0,216,223,1639,62.8100154,1,0,1,0,0,7/8/2020 19:59,6502
0,1,7,0,219,225,1759,54.73852599,1,1,1,0,0,7/10/2023 0:33,44042
22,6,5,1,231,238,1508,79.19254248,1,0,1,0,1,5/22/2021 22:39,17396
2,7,6,0,221,227,1765,71.76847977,0,1,1,0,0,6/11/2023 2:44,43052
0,7,5,1,216,223,1908,19.54680012,1,0,1,1,1,5/15/2022 0:54,29625
14,1,8,2,222,230,1504,64.56796567,1,0,0,0,0,8/8/2022 14:17,32555
5,4,1,1,223,229,1920,61.93355004,0,1,1,1,1,1/5/2023 5:58,37680
16,3,7,2,233,237,1848,26.84105401,0,1,0,1,0,7/29/2020 16:22,7216
8,7,4,0,228,232,1787,51.53396965,0,1,1,1,0,4/2/2023 8:29,40663
6,4,11,0,222,229,1891,77.45288216,0,1,1,1,0,11/11/2021 6:09,23297
7,3,8,2,226,231,1852,75.11209844,0,0,0,1,0,8/25/2021 7:41,20628
7,3,1,1,222,228,1995,66.4085807,0,0,1,1,0,1/8/2020 7:54,252
14,4,8,2,228,236,1869,14.50794102,1,1,0,0,1,8/10/2023 14:49,45124
14,6,11,1,238,238,1982,61.72276136,1,0,1,1,1,11/4/2023 14:43,48069
16,5,5,1,221,230,1921,86.22172624,0,0,1,1,0,5/22/2020 16:52,4888
12,5,6,1,215,222,1977,90.24022716,1,0,1,0,1,6/30/2023 12:47,43717
23,4,5,0,234,237,1618,52.03710901,1,0,1,0,0,5/20/2021 23:00,17328
1,1,11,2,216,224,1877,27.6812657,1,0,0,0,0,11/30/2020 1:18,11441
18,6,6,0,218,224,1782,68.85506666,0,1,1,0,0,6/19/2021 18:32,18349
18,2,5,1,236,238,1729,67.71443824,0,0,1,0,0,5/17/2022 18:47,29719
1,2,3,1,220,224,1636,69.10628643,0,1,1,1,1,3/10/2020 1:25,2366
7,3,8,1,215,222,1726,58.21326598,0,0,0,1,1,8/2/2023 7:05,44839
6,2,12,2,227,234,1640,11.36048238,1,1,0,1,1,12/21/2021 6:16,24667
3,1,4,2,231,236,1827,10.16245696,0,0,0,1,0,4/6/2020 3:04,3293
5,3,10,1,229,230,1717,34.75478163,0,1,1,0,1,10/4/2023 5:21,46994
11,1,7,0,223,228,1602,48.09270234,1,1,1,1,1,7/25/2022 11:48,32072
1,3,4,2,225,228,1509,27.20940321,0,0,0,0,0,4/28/2021 1:33,16544
1,1,10,2,222,231,1742,76.1735353,1,1,0,1,1,10/24/2022 1:43,35174
21,7,9,0,227,228,1767,59.38271904,1,1,1,0,1,9/17/2023 21:35,46435
4,6,1,2,218,223,1844,23.00184894,1,1,0,1,0,1/28/2023 4:06,38465
12,7,4,2,224,230,1693,37.01172566,1,1,0,0,1,4/11/2021 12:54,15978
2,1,7,2,214,220,1798,44.55504097,1,1,0,1,0,7/3/2023 2:27,43805
12,4,12,1,226,233,1762,44.96740435,1,0,1,0,1,12/8/2022 12:11,36730
22,2,8,2,238,238,1588,30.16531017,1,1,0,0,1,8/1/2023 22:41,44827
21,2,4,1,230,230,1659,90.85779732,1,0,0,1,1,4/13/2021 21:40,16059
15,3,4,2,215,222,1744,33.28295399,1,1,0,0,0,4/1/2020 15:51,3140
18,1,3,1,220,221,1974,25.44773132,0,0,1,1,1,3/29/2021 18:38,15541
13,1,11,2,217,226,1586,70.56428351,1,1,0,0,1,11/13/2023 13:10,48375
7,3,7,0,228,232,1711,54.84266728,1,1,1,1,0,7/7/2021 7:43,18950
5,2,6,1,224,230,1965,15.96295558,0,1,1,1,1,6/23/2020 5:03,5967
13,6,3,1,226,227,1798,53.36226257,0,1,1,0,1,3/20/2021 13:11,15225
13,3,11,2,229,231,1840,79.26791376,1,1,0,1,1,11/2/2022 13:29,35499
18,7,6,2,232,236,1605,36.2767532,0,1,0,0,0,6/21/2020 18:00,5917
0,1,6,0,218,226,1996,61.58158755,0,1,1,0,0,6/5/2023 0:58,42844
14,7,1,1,214,220,1603,67.46458092,1,0,1,1,1,1/15/2023 14:03,38034
16,2,6,1,216,225,1842,99.2841829,1,0,1,0,1,6/14/2022 16:46,30675
8,7,3,1,227,233,1724,41.31509229,1,0,1,0,1,3/29/2020 8:39,3027
11,5,8,1,223,224,1533,18.61539551,1,0,0,0,1,8/13/2021 11:09,20222
14,2,10,0,228,237,1814,59.10348281,1,0,1,0,0,10/27/2020 14:52,10296
1,1,1,1,226,226,1620,13.84624686,0,0,0,1,1,1/30/2023 1:39,38530
23,1,3,0,225,229,1622,28.62135467,1,1,1,1,1,3/16/2020 23:31,2603
17,4,5,1,216,220,1859,17.18974544,0,0,1,0,0,5/21/2020 17:45,4855
6,7,9,1,235,238,1608,21.2581218,0,1,1,1,1,9/17/2023 6:52,46414
15,7,3,1,227,229,1577,85.43375471,0,0,1,1,1,3/14/2021 15:37,15023
10,7,7,0,213,222,1604,36.83598745,1,1,1,0,1,7/16/2023 10:01,44261
19,7,11,2,235,235,1914,82.98295731,1,1,0,1,1,11/13/2022 19:18,35884
5,2,6,1,217,220,1940,11.87171596,1,0,0,1,1,6/1/2021 5:31,17714
4,7,10,0,221,222,1730,95.72335517,1,1,1,0,0,10/15/2023 4:09,47369
5,3,11,0,228,232,1515,73.54729513,1,0,1,1,0,11/3/2021 5:26,23022
3,1,9,1,231,235,1538,56.79848585,0,0,1,0,0,9/4/2023 3:30,45964
2,7,1,0,221,222,1655,28.18080572,0,1,1,0,0,1/23/2022 2:41,25792
7,6,5,0,229,229,1549,31.15209297,0,1,1,1,0,5/22/2021 7:56,17375
1,1,5,1,224,232,1688,76.85492796,1,0,0,0,1,5/30/2022 1:50,30140
6,6,7,1,219,227,1751,78.71087448,1,0,0,0,1,7/30/2022 6:44,32236
11,2,9,2,229,234,1640,93.26092596,0,0,0,0,0,9/14/2021 11:57,21319
5,2,10,1,225,233,1595,84.80680704,1,0,1,0,1,10/10/2023 5:43,47200
13,7,12,1,217,224,1928,85.63874216,1,0,0,1,1,12/11/2022 13:04,36834
20,1,11,1,221,229,1898,39.72451846,0,0,0,1,1,11/30/2020 20:56,11469
3,2,8,0,236,237,1721,50.24728662,0,1,1,1,0,8/30/2022 3:30,33293
2,5,5,0,230,238,1753,60.61322638,0,1,1,0,0,5/28/2021 2:42,17573
12,1,6,0,222,224,1925,60.44724052,0,1,1,0,0,6/22/2020 12:56,5944
20,2,5,2,234,236,1536,30.84235205,0,1,0,1,1,5/30/2023 20:55,42667
5,6,3,0,214,221,1675,43.9476532,1,0,1,0,0,3/20/2021 5:29,15214
22,5,12,1,226,230,1994,51.34119183,0,1,1,0,1,12/16/2022 22:43,37019
20,4,6,0,216,223,1805,32.61244729,1,0,1,0,0,6/2/2022 20:56,30270
13,1,2,1,231,233,1942,43.78872357,0,0,1,1,0,2/17/2020 13:37,1630
17,2,5,0,235,239,1725,28.74363472,1,1,1,1,1,5/19/2020 17:23,4786
0,5,3,0,229,231,1544,28.66594675,1,0,1,0,0,3/24/2023 0:14,40343
5,4,8,1,227,233,1801,59.21639709,0,1,1,0,1,8/18/2022 5:34,32885
14,2,6,2,224,232,1816,40.10686131,0,0,0,1,0,6/6/2023 14:07,42897
15,7,11,2,228,232,1676,70.08536534,1,1,0,1,1,11/13/2022 15:48,35879
3,2,4,0,221,225,1912,68.6559973,0,1,1,0,0,4/12/2022 3:05,28498
15,4,4,0,217,225,1812,81.18684938,0,1,1,0,0,4/7/2022 15:52,28345
9,6,4,2,226,226,1831,73.1146632,1,0,0,0,0,4/25/2020 9:37,3953
2,6,6,1,219,220,1983,91.04095549,0,1,1,1,1,6/3/2023 2:43,42778
19,6,8,2,221,228,1989,46.12702564,0,1,0,0,0,8/26/2023 19:46,45679
16,4,9,0,216,222,1771,84.31014297,1,1,1,1,0,9/15/2022 16:09,33859
17,4,7,1,235,238,1521,68.00029048,1,0,0,1,1,7/2/2020 17:31,6293
8,4,3,2,225,231,1939,25.16016298,1,1,0,1,0,3/25/2021 8:07,15389
16,2,1,2,229,230,1968,62.60750775,0,1,0,0,0,1/14/2020 16:40,470
17,6,3,2,225,227,1780,43.73338982,1,1,0,1,0,3/21/2020 17:45,2766
11,6,4,1,219,226,1545,97.54366566,0,0,1,0,1,4/25/2020 11:43,3956
10,5,6,1,235,235,1535,96.00461796,0,0,1,0,0,6/9/2023 10:47,42995
8,2,9,1,221,225,1515,30.40496239,0,0,0,0,1,9/13/2022 8:05,33779
2,2,8,0,231,239,1887,87.52820721,0,1,1,1,0,8/15/2023 2:45,45278
23,7,11,2,218,224,1925,25.85843109,1,1,0,1,0,11/22/2020 23:00,11198
2,2,6,2,225,227,1859,70.12439685,0,0,0,0,0,6/27/2023 2:05,43599
17,7,1,0,233,237,1771,20.2456123,0,1,1,1,0,1/9/2022 17:43,25334
2,7,9,2,220,226,1871,45.85904528,1,0,0,1,0,9/3/2023 2:59,45929
1,6,12,0,221,230,1606,77.37265249,0,1,1,1,0,12/31/2022 1:13,37502
19,1,2,2,223,231,1613,61.50079685,1,1,0,1,0,2/10/2020 19:44,1399
11,1,9,1,225,231,1876,63.03121468,1,0,1,1,1,9/21/2020 11:58,9059
14,2,1,0,215,221,1609,26.41350791,0,1,1,0,0,1/12/2021 14:13,12932
5,6,6,2,232,232,1552,13.10401273,0,1,0,0,1,6/26/2021 5:24,18570
10,2,9,1,227,233,1700,51.29347368,0,1,1,0,1,9/26/2023 10:14,46727
11,2,12,0,216,220,1590,95.39806804,0,1,1,0,0,12/14/2021 11:41,24435
10,5,4,2,224,230,1770,50.83935649,1,1,0,0,0,4/14/2023 10:38,41077
13,3,9,2,223,228,1944,35.79188464,0,1,0,1,0,9/9/2020 13:20,8650
4,1,4,0,226,229,1920,83.10668108,1,1,1,1,1,4/20/2020 4:52,3775
19,6,12,1,218,227,1986,10.06664999,0,0,1,0,0,12/17/2022 19:45,37049
21,7,5,0,235,239,1886,47.46830424,1,1,1,0,1,5/21/2023 21:04,42359
16,4,8,2,233,238,1721,88.40970023,0,1,0,0,1,8/11/2022 16:35,32661
15,6,10,2,230,234,1730,10.01578949,0,0,0,1,0,10/23/2021 15:02,22659
6,7,11,0,231,232,1849,92.43050471,0,1,1,0,0,11/19/2023 6:32,48571
15,4,9,2,234,236,1692,59.30705917,0,1,0,1,0,9/3/2020 15:46,8448
1,5,8,0,230,230,1592,82.13826441,1,1,1,0,1,8/4/2023 1:50,44900
4,3,8,1,225,228,1501,72.77441538,1,0,0,1,1,8/25/2021 4:53,20624
7,1,7,2,215,221,1771,13.10766551,0,0,0,1,0,7/11/2022 7:54,31587
13,3,8,0,230,235,1862,20.09063816,0,1,1,0,0,8/23/2023 13:59,45568
0,5,2,0,216,225,1511,37.34520077,1,1,1,0,1,2/24/2023 0:09,39384
11,5,8,2,219,228,1540,41.41156397,0,1,0,1,1,8/26/2022 11:11,33167
11,4,5,2,227,230,1858,92.09270435,0,1,0,1,0,5/5/2022 11:02,29297
0,3,3,2,222,224,1679,52.06024401,0,1,0,1,0,3/18/2020 0:44,2639
11,4,3,2,226,227,1562,21.11280781,1,0,0,1,0,3/2/2023 11:44,39606
22,5,9,0,223,227,1647,53.98596181,1,0,1,0,0,9/9/2022 22:48,33663
11,1,1,0,218,223,1656,96.15856384,1,1,1,0,0,1/23/2023 11:58,38305
12,7,10,1,218,225,1744,83.03721828,0,1,1,1,1,10/22/2023 12:03,47620
23,4,5,0,230,232,1783,49.32922947,1,0,1,1,0,5/27/2021 23:54,17569
10,7,10,0,226,232,1650,13.92924016,1,0,1,1,0,10/17/2021 10:28,22447
14,3,2,2,216,225,1880,20.90332153,0,1,0,1,1,2/9/2022 14:28,26391
15,6,5,2,218,220,1741,53.32437826,0,1,0,1,1,5/9/2020 15:36,4441
20,2,1,1,235,235,1852,59.03130481,0,1,1,0,1,1/19/2021 20:43,13181
9,4,3,1,235,238,1863,22.06637184,0,0,1,0,1,3/23/2023 9:31,40322
15,4,1,0,225,232,1690,57.43587646,1,1,1,1,0,1/5/2023 15:04,37693
9,5,9,2,223,228,1651,92.05876746,1,0,0,1,0,9/25/2020 9:52,9193
21,2,4,0,229,232,1622,37.66876328,1,1,1,1,0,4/7/2020 21:49,3354
12,2,10,1,216,222,1810,73.68926831,1,0,0,0,1,10/31/2023 12:36,47929
15,5,3,0,226,230,1871,99.18810586,1,0,1,1,0,3/11/2022 15:37,27420
22,1,10,2,217,224,1648,69.65990882,1,0,0,1,0,10/10/2022 22:21,34724
9,7,5,2,231,238,1994,32.96463467,0,1,0,0,0,5/14/2023 9:40,42103
17,2,11,2,223,224,1732,81.01105345,1,1,0,0,1,11/1/2022 17:10,35470
13,3,5,2,218,227,1688,79.57178026,0,1,0,1,1,5/10/2023 13:09,41971
21,7,6,0,230,235,1974,58.84617417,1,1,1,0,1,6/20/2021 21:52,18388
11,6,10,2,232,235,1538,34.29795855,0,1,0,0,0,10/14/2023 11:20,47345
5,3,9,2,222,230,1554,40.58013787,1,0,0,0,0,9/29/2021 5:51,21824
11,7,12,2,229,232,1932,58.26692884,1,1,0,0,0,12/26/2021 11:43,24846
13,3,7,0,223,229,1705,53.97202685,0,1,1,1,0,7/21/2021 13:01,19437
12,7,6,2,222,226,1731,79.74418865,0,1,0,1,0,6/19/2022 12:24,30840
9,4,8,2,230,230,1853,94.54734143,0,1,0,1,1,8/31/2023 9:06,45835
6,6,12,1,216,220,1766,92.4566508,1,0,1,1,1,12/3/2022 6:45,36551
5,7,7,0,235,236,1534,65.88484604,1,1,1,1,1,7/19/2020 5:28,6858
19,7,2,1,213,222,1770,58.07664386,0,0,0,0,1,2/19/2023 19:14,39240
7,1,10,1,223,225,1736,42.09389741,0,0,0,0,1,10/2/2023 7:05,46928
21,7,4,0,216,220,1552,37.2825193,0,1,1,1,0,4/30/2023 21:11,41640
12,4,12,1,236,236,1712,51.44926067,1,0,1,0,1,12/3/2020 12:42,11560
16,4,9,2,228,237,1987,69.67789936,0,1,0,1,0,9/29/2022 16:33,34339
0,4,12,1,225,230,1924,31.3405645,0,1,1,1,1,12/29/2022 0:52,37433
18,1,11,2,229,230,1572,46.50291267,0,1,0,0,1,11/20/2023 18:16,48622
7,5,9,0,227,233,1989,90.42355602,0,1,1,1,0,9/15/2023 7:55,46347
17,4,12,0,221,223,1740,12.90033824,1,1,1,0,0,12/23/2021 17:50,24752
0,3,7,1,229,234,1787,40.62002427,1,0,0,1,1,7/20/2022 0:03,31884
6,1,12,2,222,224,1816,52.90965994,1,0,0,1,0,12/26/2022 6:59,37339
5,5,4,0,215,220,1942,97.44727012,0,1,1,0,0,4/29/2022 5:46,29084
18,5,1,0,212,220,1847,17.49839805,1,0,1,0,0,1/17/2020 18:58,576
23,7,9,2,219,225,1871,75.42739608,1,1,0,0,0,9/19/2021 23:00,21506
15,3,6,1,239,239,1974,86.31138606,0,0,0,1,1,6/17/2020 15:12,5776
13,5,10,2,230,239,1673,72.52280174,0,0,0,1,0,10/27/2023 13:18,47793
11,3,12,0,219,223,1557,95.94223819,1,1,1,0,1,12/21/2022 11:21,37174
12,7,6,1,222,226,1718,27.72757953,0,0,1,0,1,6/5/2022 12:00,30360
14,6,12,2,230,236,1602,90.34225738,0,1,0,0,0,12/4/2021 14:48,24097
16,5,11,1,222,226,1990,66.17579913,0,0,1,1,0,11/24/2023 16:11,48756
23,1,4,2,231,238,1915,56.93809471,0,1,0,1,0,4/6/2020 23:24,3322
18,3,10,0,213,222,1560,72.2989861,1,1,1,1,0,10/20/2021 18:21,22561
21,4,10,2,231,236,1926,68.42623095,1,1,0,1,1,10/6/2022 21:39,34586
13,2,8,2,220,225,1681,13.45890798,0,0,0,0,0,8/29/2023 13:39,45773
11,4,9,1,227,228,1712,95.0057563,0,0,0,0,1,9/15/2022 11:15,33852
8,1,10,1,236,239,1573,77.0485724,1,0,1,0,1,10/3/2022 8:51,34465
8,4,9,2,213,221,1653,30.33694741,0,1,0,0,0,9/14/2023 8:47,46314
5,5,6,1,227,234,1839,33.62979122,0,1,1,0,1,6/26/2020 5:14,6070
4,6,8,2,225,227,1853,17.48827922,0,0,0,1,0,8/19/2023 4:52,45418
10,1,7,2,219,224,1932,13.92370913,0,1,0,1,1,7/26/2021 10:03,19604
13,5,7,1,222,231,1657,45.56592804,1,0,0,0,1,7/3/2020 13:50,6322
0,4,5,2,216,224,1848,76.2275661,1,1,0,1,1,5/6/2021 0:53,16817
15,7,5,0,234,238,1883,77.61558957,1,1,1,1,0,5/16/2021 15:17,17180
16,2,7,0,223,225,1989,89.94230089,0,1,1,1,0,7/28/2020 16:32,7182
23,4,7,0,226,227,1570,36.36114266,1,1,1,0,0,7/8/2021 23:40,19007
4,2,3,2,237,238,1637,41.85656141,0,1,0,1,1,3/3/2020 4:44,2131
17,7,10,0,222,230,1755,88.49289494,1,1,1,1,0,10/25/2020 17:19,10231
18,1,7,1,232,236,1988,20.21625923,1,0,1,0,1,7/26/2021 18:28,19616
20,6,1,2,227,227,1722,63.9227422,0,1,0,0,0,1/25/2020 20:23,852
2,7,1,2,222,230,1698,61.46388878,1,1,0,0,0,1/3/2021 2:27,12607
8,6,11,1,225,228,1694,56.90341828,0,1,1,0,1,11/25/2023 8:18,48779
17,1,9,2,237,238,1776,73.39792109,0,1,0,0,0,9/7/2020 17:53,8588
0,2,4,2,231,236,1775,44.29683538,1,1,0,1,1,4/12/2022 0:59,28495
21,6,10,0,218,226,1503,65.39591805,0,1,1,0,0,10/29/2022 21:11,35373
3,7,11,0,232,239,1908,84.87337052,1,0,1,1,0,11/21/2021 3:02,23635
2,5,3,0,234,235,1579,97.68118048,1,1,1,1,0,3/10/2023 2:39,39867
10,3,6,2,219,225,1569,95.90347431,0,1,0,0,0,6/9/2021 10:26,17995
20,3,10,0,235,235,1877,51.85353369,1,1,1,0,0,10/19/2022 20:48,35030
5,3,5,1,212,221,1733,28.81527595,1,0,0,0,1,5/3/2023 5:57,41721
14,1,6,2,213,222,1822,66.87675628,0,1,0,1,1,6/19/2023 14:40,43343
0,3,4,1,220,221,1930,97.72632745,0,0,1,1,0,4/5/2023 0:16,40754
12,3,1,1,232,239,1658,56.56316213,0,1,1,0,1,1/26/2022 12:41,25909
18,6,2,2,220,226,1886,77.9131832,0,1,0,1,0,2/8/2020 18:40,1329
17,4,5,1,226,234,1881,43.52917482,0,1,1,1,1,5/5/2022 17:21,29306
8,5,9,2,232,234,1590,80.94359402,1,1,0,0,0,9/4/2020 8:35,8472
0,6,10,1,232,239,1981,94.35005978,1,0,1,1,1,10/8/2022 0:59,34625
4,7,3,2,226,227,1667,51.84793593,0,1,0,1,1,3/28/2021 4:06,15486
2,4,5,1,238,239,1605,88.90959144,0,0,0,1,1,5/4/2023 2:59,41751
11,2,6,2,237,239,1756,16.40051325,1,1,0,1,1,6/27/2023 11:54,43613
8,6,8,0,224,231,1983,33.35461843,0,1,1,1,0,8/12/2023 8:52,45184
14,7,7,1,219,221,1824,26.93793764,1,0,0,0,1,7/11/2021 14:44,19097
20,1,6,0,232,232,1799,75.96179739,1,1,1,0,0,6/14/2021 20:47,18181
21,5,10,1,232,232,1983,53.76891589,1,0,1,0,1,10/8/2021 21:07,22154
19,7,5,1,226,229,1545,11.32550178,0,0,0,1,1,5/23/2021 19:41,17426
7,3,3,0,233,238,1691,58.96664112,1,1,1,0,1,3/8/2023 7:54,39806
19,3,3,0,229,234,1613,26.66008142,1,1,1,0,0,3/30/2022 19:21,28076
9,4,12,0,220,222,1970,46.01557334,1,1,1,1,1,12/15/2022 9:35,36966
0,6,11,0,239,239,1799,88.25943603,1,0,1,1,0,11/6/2021 0:01,23117
21,2,5,1,226,232,1639,12.68352948,0,0,1,1,1,5/10/2022 21:23,29483
4,3,10,2,224,233,1717,72.40577917,0,1,0,1,0,10/21/2020 4:42,10076
4,7,11,0,230,235,1643,49.62094683,0,1,1,1,0,11/6/2022 4:23,35623
4,7,9,1,228,232,1601,19.0042551,0,0,1,0,0,9/12/2021 4:35,21240
7,2,9,1,215,224,1827,44.33977653,0,0,0,1,1,9/19/2023 7:56,46484
8,6,8,0,228,236,1833,98.78179483,1,1,1,0,1,8/22/2020 8:43,8027
19,4,6,2,217,220,1790,70.12039343,1,1,0,0,1,6/1/2023 19:11,42733
3,2,5,1,215,223,1591,55.26288668,1,0,1,0,1,5/3/2022 3:40,29218
23,6,7,1,221,222,1846,93.4475105,0,1,1,0,1,7/18/2020 23:52,6850
9,3,2,2,219,220,1768,37.00919148,1,1,0,1,1,2/26/2020 9:16,1932
23,5,1,0,214,223,1744,10.24060427,1,1,1,0,0,1/13/2023 23:30,37979
3,7,5,0,220,220,1548,81.73950812,1,1,1,1,0,5/2/2021 3:40,16684
4,3,3,0,225,227,1866,47.19297831,1,1,1,0,0,3/16/2022 4:14,27575
10,5,1,2,220,225,1712,89.48581792,1,1,0,0,0,1/29/2021 10:35,13509
3,4,6,1,232,237,1720,55.71741302,0,0,1,0,1,6/29/2023 3:50,43670
5,1,6,2,228,237,1752,32.57672319,0,1,0,1,1,6/20/2022 5:55,30865
14,2,5,2,221,227,1956,27.99174482,1,0,0,0,0,5/3/2022 14:11,29233
6,1,6,2,216,220,1654,40.23747435,0,1,0,1,1,6/19/2023 6:58,43332
1,6,11,0,234,238,1781,52.55690782,1,0,1,0,0,11/7/2020 1:04,10653
14,6,5,0,229,230,1669,45.10706498,1,1,1,1,0,5/14/2022 14:24,29610
19,7,1,2,238,239,1865,82.87822148,1,1,0,1,1,1/15/2023 19:39,38042
9,1,10,1,220,226,1735,34.3782904,0,0,1,1,1,10/12/2020 9:45,9775
10,2,10,2,232,237,1810,81.35363404,0,0,0,1,0,10/27/2020 10:40,10290
23,4,10,0,218,225,1860,39.99878804,1,1,1,1,1,10/5/2023 23:24,47054
1,6,8,1,221,226,1502,35.8457973,0,0,1,0,1,8/12/2023 1:52,45174
19,2,2,0,219,223,1577,61.48211757,1,1,1,1,1,2/16/2021 19:24,14138
22,4,5,2,231,237,1899,65.44600995,0,1,0,1,0,5/18/2023 22:59,42259
11,1,1,1,229,238,1765,82.35512956,1,0,0,1,1,1/6/2020 11:45,189
6,6,8,2,214,220,1697,14.54861516,1,0,0,0,0,8/8/2020 6:14,7544
12,1,11,2,233,238,1780,92.44674159,0,0,0,0,0,11/21/2022 12:19,36148
1,7,9,2,215,224,1798,81.25106081,0,0,0,1,0,9/17/2023 1:58,46407
16,2,2,1,231,232,1555,71.92745602,1,0,0,0,1,2/16/2021 16:36,14134
3,6,9,0,231,233,1546,30.22097379,1,1,1,0,1,9/10/2022 3:00,33669
20,5,5,2,230,237,1981,55.2101016,0,0,0,1,0,5/19/2023 20:43,42290
13,2,7,1,231,237,1897,67.87090573,0,0,1,0,1,7/28/2020 13:44,7178
19,1,2,1,233,238,1810,15.14312397,0,1,1,1,1,2/20/2023 19:04,39274
21,1,10,1,220,221,1824,31.33461853,0,0,1,0,0,10/30/2023 21:11,47907
12,1,9,1,218,221,1576,68.80790998,0,1,1,1,1,9/5/2022 12:58,33512
8,1,11,1,238,239,1858,52.30393991,1,0,1,0,1,11/13/2023 8:58,48369
6,5,5,2,222,227,1886,33.18966148,1,0,0,1,0,5/28/2021 6:12,17578
14,6,4,2,234,234,1689,81.36823146,0,1,0,0,0,4/30/2022 14:42,29131
7,4,12,2,229,236,1628,48.09616256,0,1,0,0,1,12/16/2021 7:50,24498
16,2,1,2,238,238,1602,62.77296609,0,1,0,0,0,1/25/2022 16:21,25880
13,2,9,0,234,235,1607,37.01023864,1,1,1,1,0,9/5/2023 13:51,46013
20,7,5,2,218,221,1850,52.89630477,0,1,0,1,0,5/7/2023 20:41,41879
15,3,1,2,227,235,1710,30.81071292,1,1,0,1,0,1/27/2021 15:50,13448
16,6,6,1,229,231,1507,62.94800801,0,0,0,1,1,6/11/2022 16:35,30572
22,6,1,0,217,220,1692,21.85939158,1,0,1,0,0,1/29/2022 22:41,26026
2,4,11,2,228,229,1588,20.411987,0,1,0,0,0,11/30/2023 2:32,48942
14,4,6,1,235,237,1999,75.74831472,1,0,1,0,1,6/9/2022 14:07,30500
0,5,1,1,221,225,1917,74.86548368,1,0,1,0,1,1/15/2021 0:23,13015
15,6,7,2,230,232,1639,41.93692753,1,0,0,0,0,7/2/2022 15:04,31289
4,7,4,0,231,239,1536,75.89843817,1,1,1,0,0,4/4/2021 4:18,15726
16,6,7,1,222,227,1698,63.59429631,1,0,0,1,1,7/18/2020 16:52,6840
17,6,10,1,228,231,1831,76.27250469,1,0,1,1,1,10/24/2020 17:29,10197
5,1,2,2,225,227,1699,77.57309161,0,0,0,1,0,2/6/2023 5:21,38775
12,3,9,0,228,231,1735,11.69045142,0,1,1,1,0,9/8/2021 12:17,21114
17,7,8,1,227,232,1661,59.23860795,0,1,1,1,1,8/2/2020 17:47,7355
11,2,1,1,221,224,1852,27.89487296,0,0,1,1,0,1/17/2023 11:36,38099
13,6,7,1,230,233,1506,72.94836587,1,0,1,0,1,7/17/2021 13:00,19300
7,1,5,2,236,239,1714,52.87628517,1,0,0,1,0,5/11/2020 7:33,4498
7,7,5,1,237,239,1557,37.49895162,1,0,0,0,1,5/28/2023 7:15,42579
15,1,12,2,232,236,1628,11.7551812,1,1,0,0,0,12/14/2020 15:43,11941
8,6,6,0,222,231,1649,63.6912574,1,0,1,1,0,6/11/2022 8:10,30560
8,6,10,0,228,232,1927,53.47203277,1,1,1,0,0,10/2/2021 8:51,21931
11,2,11,1,218,225,1767,66.25875309,0,0,1,1,0,11/14/2023 11:36,48407
1,2,5,0,224,231,1815,31.6375355,1,1,1,0,1,5/23/2023 1:48,42400
23,6,4,2,226,233,1869,25.93190339,0,1,0,0,0,4/9/2022 23:56,28425
2,1,7,1,222,231,1625,34.77147079,0,0,0,1,1,7/18/2022 2:30,31819
5,7,1,0,221,224,1967,19.54008439,1,0,1,0,0,1/15/2023 5:38,38022
18,1,9,1,224,225,1582,10.93768136,0,0,1,1,1,9/14/2020 18:47,8829
22,5,5,2,221,222,1963,76.00516532,0,1,0,1,0,5/12/2023 22:37,42053
6,1,11,0,227,233,1621,73.45907252,0,1,1,0,0,11/14/2022 6:31,35900
0,3,3,1,218,220,1982,31.17403168,0,0,0,0,1,3/25/2020 0:56,2879
8,2,4,1,225,231,1971,64.53032955,0,1,1,0,1,4/11/2023 8:21,40971
6,2,8,1,214,222,1698,97.62535711,0,0,1,0,0,8/15/2023 6:15,45283
19,7,8,1,234,236,1521,46.18112426,0,1,1,0,1,8/6/2023 19:01,44993
5,5,7,2,218,225,1531,13.69770959,0,0,0,1,0,7/23/2021 5:40,19495
11,1,10,1,227,230,1975,94.17990979,0,1,1,0,1,10/30/2023 11:23,47893
0,5,1,0,217,221,1898,96.96353544,1,0,1,1,0,1/1/2021 0:42,12536
16,2,1,0,216,224,1903,82.17123762,1,0,1,1,0,1/10/2023 16:19,37866
4,4,1,1,238,238,1514,52.19296035,0,0,1,1,0,1/14/2021 4:46,12987
18,5,3,1,235,238,1694,80.8359229,0,0,1,1,1,3/4/2022 18:55,27185
23,2,6,1,224,225,1805,99.45592393,1,0,0,0,1,6/23/2020 23:58,5994
8,6,12,1,219,227,1785,36.49709739,0,0,0,1,1,12/31/2022 8:14,37512
6,1,2,2,223,223,1976,41.87406565,1,1,0,1,0,2/3/2020 6:13,1140
6,2,3,2,226,230,1659,43.79949458,1,1,0,1,1,3/15/2022 6:31,27544
21,7,3,1,218,222,1542,21.13821334,1,0,1,0,1,3/1/2020 21:53,2087
8,2,7,0,226,228,1751,83.83033293,1,1,1,0,0,7/11/2023 8:47,44088
20,6,8,0,216,221,1859,95.57300743,1,0,1,0,0,8/20/2022 20:38,32975
22,4,8,1,218,227,1893,10.44808925,0,0,1,1,1,8/3/2023 22:20,44895
12,4,11,1,228,230,1678,11.19018089,0,0,1,1,0,11/24/2022 12:30,36251
9,7,3,1,223,228,1605,97.57241729,1,0,0,1,1,3/21/2021 9:30,15254
8,2,12,0,235,237,1562,28.02541747,0,1,1,0,0,12/20/2022 8:01,37135
13,7,10,1,230,233,1724,94.0688299,0,1,1,0,1,10/17/2021 13:16,22451
22,4,4,1,219,221,1999,12.69242014,0,0,1,0,0,4/21/2022 22:34,28834
2,5,7,1,228,228,1799,75.41187492,0,0,1,0,0,7/28/2023 2:21,44661
3,1,5,0,230,233,1776,39.05857536,1,1,1,1,0,5/4/2020 3:51,4253
8,6,11,2,221,229,1832,77.25517335,1,0,0,0,0,11/13/2021 8:37,23369
18,2,4,1,221,221,1763,17.03060499,0,1,1,0,1,4/14/2020 18:31,3589
14,5,4,0,223,228,1619,60.14575655,1,0,1,0,0,4/14/2023 14:50,41083
14,7,9,1,214,222,1891,11.26515018,1,0,1,1,1,9/17/2023 14:35,46425
16,4,1,0,216,225,1926,64.90710769,1,1,1,0,0,1/27/2022 16:43,25949
20,4,4,2,224,225,1995,43.68279406,0,1,0,0,0,4/6/2023 20:25,40817
7,6,12,2,223,223,1803,62.60170748,1,0,0,1,0,12/26/2020 7:20,12340
20,4,1,1,217,220,1944,92.74076739,1,0,1,0,1,1/26/2023 20:34,38420
22,3,3,2,236,237,1639,45.42922541,1,1,0,0,1,3/1/2023 22:25,39587
4,6,9,1,228,229,1622,30.55679203,0,0,0,1,1,9/3/2022 4:54,33432
20,1,9,1,225,227,1611,63.25363973,0,1,1,1,1,9/12/2022 20:52,33763
23,6,4,0,226,227,1915,86.32485597,1,1,1,1,0,4/24/2021 23:16,16438
3,1,6,1,236,238,1891,49.14693081,0,0,1,1,1,6/28/2021 3:40,18636
6,3,7,0,229,231,1718,12.94847055,1,0,1,1,0,7/14/2021 6:31,19188
10,7,2,2,219,223,1621,60.1542265,1,1,0,1,1,2/16/2020 10:17,1591
15,1,4,0,225,227,1793,84.80249781,0,1,1,1,0,4/24/2023 15:55,41427
23,2,2,0,217,226,1510,76.31180814,1,1,1,1,1,2/8/2022 23:03,26369
19,7,4,1,217,226,1561,72.0244114,0,1,1,1,1,4/16/2023 19:24,41158
22,2,8,1,223,232,1573,90.84732721,0,0,1,1,1,8/17/2021 22:23,20375
17,6,10,1,225,228,1945,99.72127859,0,0,1,0,0,10/31/2020 17:41,10437
12,7,11,2,231,235,1574,89.56063298,0,1,0,0,0,11/14/2021 12:39,23409
17,2,10,0,224,227,1608,39.51390011,1,1,1,0,0,10/6/2020 17:47,9581
22,4,8,0,230,238,1844,65.47921844,1,1,1,1,1,8/24/2023 22:13,45614
12,3,6,2,217,223,1860,18.59299741,1,0,0,0,0,6/3/2020 12:42,5293
13,5,1,1,229,235,1507,75.32638727,1,0,0,0,1,1/6/2023 13:30,37725
8,6,7,0,227,236,1786,84.4016499,0,1,1,0,0,7/25/2020 8:39,7068
12,5,12,1,225,234,1616,97.73114222,1,0,0,1,1,12/11/2020 12:01,11833
10,7,6,1,223,227,1736,19.52037093,1,0,0,0,1,6/13/2021 10:27,18132
12,4,9,1,212,220,1859,43.17956324,0,0,0,1,1,9/17/2020 12:39,8923
22,2,6,1,212,220,1576,40.63598766,1,0,0,0,1,6/9/2020 22:53,5513
12,7,10,0,234,237,1669,83.81386227,1,1,1,1,0,10/16/2022 12:55,34916
22,4,8,2,232,236,1719,60.1948345,1,1,0,1,0,8/20/2020 22:23,7978
6,6,1,1,215,224,1910,47.19251042,0,1,1,1,1,1/28/2023 6:54,38469
13,7,1,0,236,239,1859,47.82582322,1,1,1,1,0,1/5/2020 13:19,157
8,5,3,2,223,224,1568,56.36883929,1,0,0,0,0,3/20/2020 8:06,2718
8,4,3,2,213,222,1612,29.08341909,1,0,0,1,0,3/3/2022 8:35,27136
8,5,5,2,232,232,1595,48.27487813,1,1,0,0,0,5/19/2023 8:06,42272
4,6,5,1,236,238,1878,44.54192883,0,0,1,1,1,5/28/2022 4:16,30075
3,6,12,1,217,221,1528,63.23462438,1,0,1,1,1,12/26/2020 3:50,12335
11,2,2,2,224,230,1555,34.15335091,1,1,0,1,1,2/15/2022 11:20,26592
4,4,11,0,233,237,1675,53.84255785,0,1,1,1,0,11/24/2022 4:05,36239
12,4,10,1,225,231,1589,49.21992896,0,0,1,0,1,10/20/2022 12:13,35052
5,7,9,2,236,236,1849,91.75742127,0,1,0,0,1,9/3/2023 5:05,45932
11,1,3,0,212,221,1885,87.12508123,0,1,1,1,0,3/16/2020 11:36,2586
14,2,1,2,222,225,1830,65.83525033,1,1,0,0,0,1/11/2022 14:34,25398
14,3,10,2,235,238,1697,10.16558733,0,1,0,1,0,10/25/2023 14:20,47726
13,1,6,1,217,224,1749,28.12876054,0,0,0,1,1,6/7/2021 13:35,17931
1,1,8,2,225,234,1867,22.9723408,1,0,0,1,0,8/17/2020 1:53,7846
16,6,10,1,232,233,1751,60.9268506,0,0,0,1,1,10/21/2023 16:26,47592
6,3,9,1,223,223,1656,34.38748826,1,0,0,1,1,9/6/2023 6:40,46037
6,2,7,1,239,239,1995,50.11964185,1,0,1,0,1,7/21/2020 6:32,6928
3,1,2,0,237,238,1694,36.44916514,1,1,1,1,0,2/22/2021 3:39,14321
19,5,7,2,222,231,1688,84.35318642,0,0,0,0,0,7/17/2020 19:08,6809
14,1,8,1,222,228,1757,52.87774756,0,0,0,1,1,8/29/2022 14:11,33274
18,6,2,1,216,224,1854,45.23632095,0,1,1,1,1,2/13/2021 18:31,14034
2,2,1,1,223,223,1518,78.19958118,1,0,0,0,1,1/26/2021 2:00,13394
4,4,6,2,219,227,1966,62.56053981,1,0,0,0,0,6/22/2023 4:21,43431
6,7,7,1,228,235,1574,45.31539104,0,0,1,0,0,7/11/2021 6:20,19085
2,2,11,1,222,230,1723,18.35265354,0,1,1,1,1,11/14/2023 2:29,48394
3,6,6,2,222,230,1569,30.61510738,0,1,0,0,1,6/12/2021 3:37,18088
22,6,2,1,221,224,1633,24.26830458,1,0,0,0,1,2/20/2021 22:13,14279
6,1,12,2,231,239,1896,67.14173517,0,0,0,0,0,12/6/2021 6:45,24154
15,1,10,2,220,221,1813,37.56319785,0,1,0,1,1,10/19/2020 15:33,10023
6,1,10,2,232,232,1522,81.91716348,0,1,0,0,1,10/3/2022 6:45,34462
20,1,10,1,230,239,1517,51.67681458,0,0,1,0,0,10/2/2023 20:24,46947
13,3,11,2,224,228,1852,34.2028045,1,1,0,1,0,11/11/2020 13:41,10808
17,6,3,1,232,238,1934,53.19987464,0,1,1,1,1,3/20/2021 17:23,15231
21,6,2,0,226,228,1883,69.33326912,0,1,1,0,0,2/19/2022 21:52,26744
8,1,5,0,222,229,1949,88.5171745,1,1,1,0,1,5/15/2023 8:47,42136
13,3,2,2,237,239,1589,76.54267163,0,0,0,1,0,2/16/2022 13:58,26630
3,4,9,1,233,234,1732,41.20381267,1,0,0,0,1,9/22/2022 3:44,34081
20,2,8,2,229,230,1886,87.65275263,1,0,0,1,0,8/15/2023 20:58,45304
19,6,9,1,235,238,1697,28.13423964,0,0,0,1,1,9/2/2023 19:16,45918
18,2,3,2,218,222,1868,82.81939619,0,1,0,1,0,3/21/2023 18:58,40267
14,7,1,1,224,228,1592,88.06083969,0,1,1,0,1,1/23/2022 14:36,25809
11,3,11,1,219,227,1870,40.67366394,0,0,0,1,1,11/11/2020 11:35,10805
8,2,9,0,214,223,1901,60.11729414,1,1,1,0,0,9/7/2021 8:57,21075
17,1,11,2,237,239,1501,87.55112648,0,1,0,0,1,11/7/2022 17:32,35676
13,7,4,1,234,235,1518,56.92345043,1,0,0,1,1,4/25/2021 13:17,16458
1,5,3,2,233,235,1882,24.13382575,1,0,0,1,0,3/6/2020 1:24,2229
16,2,8,1,219,228,1631,23.39593229,0,0,0,1,1,8/9/2022 16:13,32592
10,2,8,1,229,229,1790,72.81427267,0,0,0,1,1,8/9/2022 10:37,32584
16,6,1,2,227,233,1815,96.88556795,1,0,0,1,0,1/28/2023 16:43,38483
4,6,4,0,238,238,1907,11.74124279,0,1,1,1,0,4/15/2023 4:51,41103
7,6,5,2,231,239,1813,46.91192959,1,1,0,0,0,5/30/2020 7:05,5148
2,2,8,1,216,221,1602,58.35822448,0,1,1,1,1,8/30/2022 2:47,33292
10,5,9,1,230,233,1700,19.69766587,1,0,0,1,1,9/29/2023 10:25,46830
18,5,10,1,214,222,1923,23.30454711,1,0,1,0,1,10/27/2023 18:12,47800
5,4,6,2,233,237,1714,34.36186971,0,0,0,1,0,6/3/2021 5:52,17783
1,4,12,1,224,231,1920,29.52198981,0,0,1,1,1,12/24/2020 1:22,12263
9,4,9,2,219,228,1852,90.58772612,0,1,0,1,0,9/2/2021 9:48,20905
4,2,4,1,230,230,1958,19.81935204,0,0,0,1,1,4/5/2022 4:18,28260
2,4,8,1,227,228,1550,68.00890689,1,0,1,1,1,8/18/2022 2:45,32881
13,5,3,0,218,225,1809,50.6366264,0,1,1,1,0,3/19/2021 13:21,15191
1,5,2,1,222,227,1908,50.42836243,0,0,1,0,1,2/18/2022 1:43,26681
18,1,6,0,236,238,1802,58.45949507,1,1,1,0,1,6/26/2023 18:22,43588
17,5,5,2,228,235,1724,79.25941178,1,0,0,1,0,5/8/2020 17:53,4410
8,2,11,1,228,237,1752,72.05732787,0,0,1,1,1,11/23/2021 8:18,23711
20,5,5,1,224,232,1878,77.9862153,0,0,0,0,1,5/26/2023 20:55,42530
0,6,9,2,230,239,1875,43.14988284,1,1,0,0,0,9/16/2023 0:02,46370
7,7,9,2,220,220,1792,62.93417606,1,1,0,0,0,9/26/2021 7:46,21724
5,4,11,1,231,234,1676,40.81912376,1,0,1,0,1,11/23/2023 5:50,48707
2,4,2,1,217,225,1890,42.73122848,1,0,1,1,1,2/27/2020 2:05,1956
17,5,6,1,233,233,1876,38.92447795,1,0,1,1,1,6/16/2023 17:18,43244
10,1,10,1,227,236,1732,42.3163947,1,0,0,0,1,10/10/2022 10:27,34707
11,4,7,1,221,227,1513,85.81743769,0,0,1,0,0,7/6/2023 11:45,43921
16,7,2,1,227,230,1667,79.02208735,0,0,0,1,1,2/5/2023 16:02,38756
1,6,11,0,233,234,1503,89.72915421,1,0,1,0,0,11/4/2023 1:24,48050
20,4,11,2,229,232,1768,36.46341631,0,1,0,1,1,11/26/2020 20:13,11331
1,3,11,2,219,224,1687,27.04220804,0,1,0,0,1,11/25/2020 1:28,11270
11,4,7,2,229,236,1515,16.9435093,0,0,0,1,0,7/2/2020 11:12,6284
21,4,2,1,218,224,1847,56.01019224,1,0,1,0,1,2/13/2020 21:19,1504
7,2,9,1,228,234,1963,78.48376543,0,0,0,0,1,9/6/2022 7:54,33539
10,2,9,1,219,223,1818,87.22140368,0,0,1,1,0,9/15/2020 10:12,8851
12,1,4,1,226,226,1949,29.07218862,1,0,1,0,1,4/3/2023 12:31,40703
21,5,8,0,227,232,1943,43.45695124,1,0,1,0,0,8/7/2020 21:07,7531
18,6,10,2,223,231,1692,36.05310461,0,1,0,0,1,10/22/2022 18:53,35130
14,1,3,2,230,230,1586,14.4306458,0,0,0,0,0,3/22/2021 14:57,15296
14,1,12,0,215,222,1779,76.30018918,1,0,1,1,0,12/20/2021 14:51,24645
14,3,7,1,225,227,1717,82.77492665,0,0,1,0,1,7/12/2023 14:55,44131
3,3,7,1,223,232,1845,87.82666452,0,0,0,0,1,7/20/2022 3:33,31889
17,5,1,0,220,229,1721,89.46108282,1,1,1,1,1,1/31/2020 17:15,1053
0,5,4,1,228,230,1945,93.64598347,0,0,0,0,1,4/2/2021 0:26,15652
22,7,2,1,216,225,1525,39.59790593,1,0,0,1,1,2/12/2023 22:32,39005
12,4,3,2,230,238,1642,79.9490839,1,1,0,1,1,3/17/2022 12:28,27621
3,6,1,2,222,224,1877,15.11679732,1,1,0,0,1,1/28/2023 3:24,38464
4,4,1,2,216,220,1648,53.49384199,1,1,0,0,1,1/16/2020 4:25,521
20,6,10,1,217,226,1558,26.7486156,1,0,0,1,1,10/15/2022 20:48,34893
2,3,6,0,220,229,1704,21.52075058,1,1,1,0,1,6/22/2022 2:04,30928
17,4,11,2,226,230,1630,81.74242936,1,1,0,0,0,11/2/2023 17:10,48004
14,4,4,1,231,232,1575,61.73467105,0,0,1,0,0,4/27/2023 14:00,41527
1,2,5,2,233,238,1586,59.32765321,0,1,0,1,0,5/17/2022 1:58,29695
7,7,4,1,228,229,1962,37.83497612,0,1,1,0,1,4/30/2023 7:10,41620
9,6,5,0,234,234,1678,88.8230432,1,1,1,1,0,5/14/2022 9:29,29603
18,7,7,2,226,235,1801,83.48194254,1,0,0,0,0,7/4/2021 18:45,18863
0,5,12,1,226,231,1723,85.01227828,1,0,0,0,1,12/24/2021 0:51,24762
4,2,7,2,213,221,1934,74.0155457,1,1,0,0,1,7/7/2020 4:44,6446
10,3,5,1,216,224,1719,89.05557254,0,0,1,1,1,5/12/2021 10:22,17036
13,7,7,1,217,223,1955,63.74519371,0,0,1,1,1,7/4/2021 13:50,18856
20,4,1,1,216,222,1994,25.01294579,0,0,1,0,0,1/30/2020 20:13,1023
6,6,11,1,219,223,1553,25.398936,0,0,1,1,1,11/14/2020 6:52,10901
23,7,3,1,219,228,1603,79.58889146,1,0,0,0,1,3/19/2023 23:31,40205
6,5,2,2,214,222,1563,25.59525961,1,0,0,1,0,2/4/2022 6:13,26208
2,7,10,0,228,232,1688,76.78488116,1,1,1,0,0,10/15/2023 2:45,47367
4,4,8,2,226,235,1507,26.03049291,1,1,0,1,0,8/31/2023 4:12,45828
18,5,12,1,230,230,1759,62.37950908,1,0,0,0,1,12/17/2021 18:10,24547
4,5,3,2,220,229,1970,77.42863861,0,1,0,0,1,3/3/2023 4:33,39630
19,2,4,0,215,223,1777,44.5194555,1,1,1,0,1,4/11/2023 19:33,40987
8,4,12,1,220,227,1847,63.77859598,0,1,1,0,1,12/31/2020 8:35,12513
16,2,11,1,226,233,1610,61.32092525,0,0,1,1,1,11/3/2020 16:28,10538
2,4,2,2,233,237,1761,27.65521582,0,1,0,1,0,2/27/2020 2:47,1957
13,2,9,0,214,222,1759,97.16699296,1,0,1,0,0,9/7/2021 13:51,21082
9,5,3,1,221,225,1862,67.90462835,0,0,1,0,1,3/6/2020 9:07,2240
18,4,7,1,225,229,1649,53.06889001,0,0,0,0,1,7/16/2020 18:36,6774
6,1,8,2,215,222,1756,27.80594992,1,1,0,1,0,8/22/2022 6:58,33024
4,7,7,1,229,233,1778,40.36143416,0,0,1,1,1,7/4/2021 4:44,18843
10,1,12,2,230,232,1749,68.10166358,1,1,0,0,0,12/12/2022 10:48,36865
9,7,10,1,226,230,1993,59.83299259,0,0,0,0,1,10/15/2023 9:45,47377
13,1,10,0,222,227,1715,62.58400279,1,1,1,1,1,10/4/2021 13:24,22006
2,4,6,2,223,228,1655,28.8394114,0,1,0,0,1,6/11/2020 2:55,5553
17,5,1,0,217,221,1750,21.92735017,1,1,1,0,0,1/15/2021 17:12,13039
1,1,10,0,220,223,1846,71.57836766,1,1,1,0,1,10/17/2022 1:32,34934
2,5,5,0,236,237,1783,38.26620769,1,0,1,1,0,5/8/2020 2:28,4388
7,1,8,1,211,220,1501,38.26089957,1,0,0,1,1,8/8/2022 7:17,32545
12,7,8,1,230,238,1944,81.87420972,0,0,0,1,1,8/28/2022 12:57,33238
23,6,2,2,219,224,1508,80.09493509,0,0,0,1,0,2/4/2023 23:13,38732
10,1,1,0,220,227,1712,85.71242967,1,0,1,0,0,1/10/2022 10:32,25358
7,2,5,0,231,238,1745,16.84303759,1,1,1,0,1,5/30/2023 7:36,42648
9,2,10,2,225,234,1786,85.67047795,1,1,0,0,0,10/25/2022 9:16,35219
4,5,11,1,232,239,1680,42.82262601,1,0,1,1,1,11/4/2022 4:44,35555
16,3,4,1,212,221,1771,93.34319597,0,1,1,1,1,4/15/2020 16:14,3620
10,5,5,1,233,236,1619,64.42983612,0,0,1,1,0,5/29/2020 10:03,5118
18,2,8,2,231,231,1631,86.7437096,0,1,0,0,1,8/15/2023 18:10,45300
8,6,9,1,217,225,1562,92.77715995,0,0,0,0,1,9/5/2020 8:25,8506
3,3,4,1,234,239,1768,69.71905428,0,0,1,0,0,4/26/2023 3:39,41478
12,1,2,0,222,228,1893,48.81987374,1,0,1,1,0,2/7/2022 12:01,26319
1,3,4,2,222,227,1615,42.34370929,0,1,0,0,0,4/12/2023 1:52,40996
19,7,3,1,217,222,1532,28.87989176,0,0,0,1,1,3/29/2020 19:10,3042
21,6,9,2,233,239,1543,74.94688506,0,1,0,0,0,9/11/2021 21:34,21230
17,6,12,1,228,228,1785,39.86870803,1,0,0,0,1,12/26/2020 17:09,12354
21,1,6,0,223,231,1833,50.24028688,1,1,1,1,0,6/21/2021 21:41,18422
7,6,10,2,229,235,1997,17.63575987,1,1,0,0,1,10/29/2022 7:52,35354
4,6,3,2,230,232,1987,35.84567152,0,1,0,1,0,3/25/2023 4:16,40383
20,3,10,1,223,229,1758,69.54998631,1,0,0,1,1,10/28/2020 20:18,10338
11,2,11,0,223,223,1598,49.85971434,1,1,1,1,0,11/28/2023 11:17,48886
14,3,4,1,221,223,1643,63.53562714,1,0,1,1,1,4/1/2020 14:27,3138
16,2,10,1,221,222,1928,93.16283186,1,0,0,0,1,10/25/2022 16:58,35230
13,6,4,2,228,231,1825,91.0358582,1,1,0,1,0,4/15/2023 13:16,41115
9,7,5,1,219,225,1631,24.22511103,1,0,0,1,1,5/9/2021 9:28,16932
0,5,1,1,220,221,1792,71.78396889,0,1,1,1,1,1/14/2022 0:44,25481
23,5,3,0,226,230,1651,52.62485668,1,0,1,0,0,3/4/2022 23:07,27191
17,2,9,0,218,221,1574,86.92918794,1,0,1,1,0,9/27/2022 17:35,34272
9,4,12,2,236,238,1561,73.40723764,0,0,0,1,0,12/29/2022 9:58,37446
5,7,4,1,223,226,1993,91.20561769,0,1,1,0,1,4/26/2020 5:56,3982
3,5,11,2,225,231,1891,64.50018198,0,1,0,0,0,11/6/2020 3:20,10622
19,1,3,2,218,224,1871,49.59613509,1,0,0,0,0,3/1/2021 19:58,14584
7,2,10,2,227,235,1716,96.81752787,0,0,0,1,0,10/6/2020 7:59,9567
9,7,6,1,220,220,1757,48.16695822,0,0,1,0,0,6/12/2022 9:24,30596
12,4,12,0,221,224,1991,67.80551997,1,1,1,0,0,12/29/2022 12:47,37450
3,3,5,2,233,239,1933,43.89901913,1,0,0,0,0,5/13/2020 3:42,4561
20,5,1,2,222,228,1852,52.44529649,1,0,0,0,0,1/20/2023 20:12,38214
2,2,11,1,218,220,1675,77.13233184,0,1,1,1,1,11/7/2023 2:59,48155
2,1,10,1,215,224,1958,65.00733223,0,1,1,0,1,10/30/2023 2:16,47880
12,5,4,0,226,227,1864,34.28414171,1,0,1,1,0,4/23/2021 12:14,16388
0,3,12,1,214,222,1635,58.2405779,0,1,1,0,1,12/8/2021 0:48,24214
10,1,1,2,221,228,1743,53.24336207,0,1,0,0,1,1/6/2020 10:21,187
11,5,9,1,219,224,1544,49.52758611,1,0,1,1,1,9/3/2021 11:02,20941
16,7,10,1,214,222,1843,26.37427561,1,0,0,1,1,10/29/2023 16:27,47866
16,6,12,1,224,227,1699,80.66264418,0,1,1,0,1,12/3/2022 16:33,36565
1,2,12,1,230,236,1825,60.54810469,0,0,0,1,1,12/6/2022 1:19,36646
11,7,3,1,226,233,1595,76.53221832,1,0,1,1,1,3/14/2021 11:25,15017
11,5,5,1,231,237,1519,58.89341038,0,1,1,1,1,5/28/2021 11:06,17585
2,7,12,2,232,238,1595,10.91266093,1,0,0,1,0,12/19/2021 2:25,24593
6,3,7,1,224,228,1635,89.9341162,0,0,1,0,1,7/15/2020 6:10,6722
7,2,2,0,227,235,1928,60.024082,0,1,1,0,0,2/9/2021 7:17,13881
22,4,6,0,227,235,1974,49.08380533,1,1,1,1,0,6/10/2021 22:11,18046
15,5,1,1,213,221,1944,42.26936832,0,0,1,0,1,1/22/2021 15:18,13276
2,2,1,1,227,232,1789,52.20419344,0,0,1,1,1,1/26/2021 2:42,13395
17,4,12,1,228,236,1661,70.86480289,0,0,1,0,1,12/15/2022 17:17,36977
3,5,2,2,216,220,1978,54.05494957,1,1,0,0,0,2/7/2020 3:26,1273
16,4,11,2,222,222,1671,62.6206486,0,1,0,1,0,11/2/2023 16:28,48003
6,7,10,0,217,222,1732,15.25997878,1,1,1,1,0,10/25/2020 6:06,10215
11,7,7,1,229,230,1504,91.40728337,0,1,1,1,1,7/19/2020 11:05,6866
6,6,8,1,233,233,1609,74.26542882,1,0,0,1,1,8/14/2021 6:46,20250
8,4,6,1,223,223,1683,47.93523836,1,0,1,1,1,6/11/2020 8:31,5561
20,5,11,0,229,237,1886,20.38861342,0,1,1,1,0,11/19/2021 20:54,23592
15,1,6,2,218,224,1862,54.59441651,0,1,0,1,0,6/5/2023 15:41,42865
14,1,2,2,222,225,1916,34.35852244,0,1,0,0,1,2/27/2023 14:21,39507
11,1,2,2,230,239,1992,49.2074052,0,1,0,0,1,2/27/2023 11:33,39503
11,1,6,2,230,231,1893,64.72753151,0,1,0,1,1,6/21/2021 11:10,18407
23,6,4,0,216,225,1707,68.43770133,0,1,1,1,0,4/29/2023 23:28,41609
14,1,11,2,215,224,1750,19.81212871,0,1,0,1,0,11/7/2022 14:02,35671
1,5,10,0,229,235,1804,71.44036577,0,1,1,0,0,10/27/2023 1:23,47776
1,7,6,2,229,229,1833,26.301459,0,1,0,0,1,6/14/2020 1:00,5653
16,1,5,1,235,239,1909,33.22978342,0,1,1,1,1,5/8/2023 16:18,41907
15,4,12,2,227,229,1973,11.94188641,1,1,0,0,0,12/23/2021 15:02,24748
5,2,12,0,229,238,1604,73.89992024,1,1,1,0,1,12/13/2022 5:01,36891
22,6,9,2,226,228,1695,36.86552193,0,1,0,0,1,9/4/2021 22:05,20991
13,7,1,2,224,226,1636,66.32474875,0,1,0,1,0,1/26/2020 13:12,876
16,2,10,0,217,222,1699,53.40090414,1,1,1,0,1,10/31/2023 16:49,47935
14,1,7,1,216,224,1676,33.27204554,0,0,1,0,0,7/25/2022 14:36,32076
12,3,6,1,238,238,1952,25.037417,0,0,0,1,1,6/10/2020 12:12,5532
22,1,6,0,226,234,1832,34.71343181,1,1,1,0,1,6/14/2021 22:54,18184
12,5,11,0,230,231,1970,18.75429056,1,1,1,1,0,11/20/2020 12:50,11115
9,5,4,1,214,220,1516,77.01597385,1,0,0,1,1,4/21/2023 9:25,41315
20,3,12,2,232,235,1950,84.58320788,1,1,0,1,1,12/7/2022 20:04,36707
13,7,3,2,230,235,1720,45.22839271,0,1,0,0,1,3/22/2020 13:22,2794
23,7,2,0,226,226,1817,20.5353772,1,0,1,1,0,2/7/2021 23:03,13835
16,7,4,1,215,222,1592,74.80398817,0,0,0,1,1,4/23/2023 16:47,41394
8,6,9,1,232,235,1588,44.31164175,0,0,0,1,1,9/10/2022 8:36,33677
11,5,8,0,217,220,1671,97.78665486,1,0,1,1,0,8/26/2022 11:53,33168
8,3,12,0,219,225,1668,64.01999072,0,1,1,0,0,12/9/2020 8:10,11759
15,2,10,1,238,239,1760,59.17850744,0,1,1,1,1,10/24/2023 15:13,47693
12,4,9,2,223,231,1950,34.8655915,1,1,0,0,0,9/16/2021 12:18,21388
2,7,1,2,222,229,1646,97.32958935,1,0,0,0,0,1/5/2020 2:48,142
23,7,4,0,224,233,1707,80.50367846,1,1,1,0,1,4/4/2021 23:13,15753
20,5,8,0,217,222,1973,10.05055099,1,1,1,1,1,8/14/2020 20:37,7770
14,6,5,2,224,225,1765,91.82967212,0,0,0,0,0,5/1/2021 14:21,16665
4,6,10,1,237,237,1537,87.70917643,0,1,1,0,1,10/21/2023 4:31,47575
8,1,1,2,232,233,1918,41.72034475,0,1,0,1,0,1/9/2023 8:05,37820
3,6,7,0,223,224,1931,94.57967255,1,1,1,0,1,7/30/2022 3:56,32232
22,4,6,2,219,227,1949,94.68513719,1,1,0,0,0,6/29/2023 22:46,43697
12,5,5,1,223,231,1838,10.45678131,1,0,1,0,1,5/5/2023 12:37,41799
6,6,4,2,236,237,1549,49.66712805,0,1,0,0,1,4/15/2023 6:57,41106
13,2,7,2,222,226,1589,59.67848256,0,1,0,0,0,7/13/2021 13:41,19164
2,3,8,2,233,234,1653,81.34307267,1,1,0,1,0,8/2/2023 2:11,44832
6,6,1,0,224,229,1631,98.20461659,1,1,1,0,0,1/18/2020 6:52,593
10,7,3,1,217,220,1803,79.79987019,0,0,0,1,1,3/21/2021 10:13,15255
15,3,11,2,233,234,1860,23.48187093,1,1,0,1,1,11/22/2023 15:07,48686
5,6,8,2,228,236,1971,19.55047073,0,0,0,1,0,8/5/2023 5:10,44939
8,2,10,2,225,229,1998,33.18354848,0,1,0,1,1,10/26/2021 8:55,22753
3,5,5,2,224,227,1877,27.047376,1,1,0,0,1,5/28/2021 3:24,17574
23,5,2,1,220,221,1742,87.98199163,0,1,1,0,1,2/17/2023 23:47,39178
12,2,7,2,236,237,1909,27.71216926,1,1,0,0,0,7/27/2021 12:41,19642
5,6,9,1,236,236,1615,67.37022603,0,0,1,1,1,9/23/2023 5:08,46617
19,3,5,1,238,239,1567,84.61547686,0,0,1,0,0,5/5/2021 19:58,16810
2,4,9,0,219,225,1974,25.61776912,0,1,1,0,0,9/3/2020 2:27,8429
23,7,8,0,224,226,1840,22.10563562,1,1,1,0,0,8/8/2021 23:14,20068
3,5,1,1,231,235,1594,24.25067871,1,0,1,0,1,1/3/2020 3:51,75
11,1,11,2,229,237,1959,43.98142673,0,0,0,0,0,11/1/2021 11:23,22962
18,1,12,2,223,231,1808,79.0844454,1,0,0,0,0,12/6/2021 18:40,24171
16,6,5,0,234,234,1913,30.94816221,1,0,1,0,0,5/13/2023 16:51,42079
15,2,3,1,222,225,1990,51.76675913,0,0,1,0,0,3/22/2022 15:49,27797
4,4,7,1,226,228,1961,92.0735649,1,0,1,1,1,7/9/2020 4:24,6514
8,7,10,2,215,223,1892,94.05475425,0,1,0,1,0,10/23/2022 8:12,35149
1,3,8,0,226,228,1896,37.17698912,1,0,1,0,0,8/12/2020 1:20,7674
22,3,5,0,223,227,1926,75.81448786,1,0,1,1,0,5/20/2020 22:07,4827
4,5,11,2,228,229,1594,86.59762984,0,1,0,1,1,11/20/2020 4:26,11103
3,5,12,1,219,224,1794,99.71466832,0,0,1,0,0,12/4/2020 3:25,11581
12,5,4,2,213,220,1902,41.35181706,1,1,0,0,1,4/22/2022 12:35,28854
13,4,10,2,226,231,1998,77.62995658,0,1,0,0,0,10/29/2020 13:50,10363
10,2,9,2,228,229,1700,68.07666988,1,0,0,1,0,9/21/2021 10:44,21557
1,2,2,1,230,232,1547,89.89148567,0,0,1,0,0,2/9/2021 1:41,13873
1,4,1,2,223,231,1517,43.76861257,1,0,0,0,0,1/20/2022 1:06,25687
18,2,10,1,221,227,1831,76.35489118,0,0,1,0,0,10/26/2021 18:01,22766
5,1,4,1,221,228,1863,73.64683432,0,0,1,1,0,4/11/2022 5:22,28467
19,3,6,1,229,236,1893,86.04867618,1,0,0,0,1,6/2/2021 19:21,17768
13,4,11,2,237,237,1960,43.64693241,0,0,0,1,0,11/5/2020 13:19,10602
14,4,9,2,219,223,1653,42.38828357,0,1,0,1,1,9/15/2022 14:45,33857
12,5,5,1,232,239,1513,56.46470095,0,0,0,0,1,5/27/2022 12:09,30052
13,2,4,1,234,236,1992,82.17827957,0,0,0,0,1,4/19/2022 13:06,28752
23,4,4,2,218,223,1616,14.49486179,0,1,0,1,1,4/7/2022 23:34,28356
10,5,9,1,228,230,1914,76.55651505,1,0,1,1,1,9/30/2022 10:46,34365
4,4,7,1,220,224,1938,69.2244214,0,0,0,0,1,7/23/2020 4:47,6994
23,2,9,2,227,236,1882,27.48547591,0,1,0,0,1,9/26/2023 23:33,46746
14,7,11,1,222,230,1977,44.95635599,0,0,1,0,0,11/20/2022 14:35,36117
20,6,3,2,230,231,1775,89.94816137,0,1,0,1,1,3/20/2021 20:12,15235
17,5,9,2,216,222,1534,13.3614114,0,1,0,0,1,9/29/2023 17:25,46840
16,4,3,2,223,225,1550,58.32970343,1,1,0,0,0,3/16/2023 16:20,40092
10,1,11,2,235,237,1680,58.42200518,0,1,0,1,1,11/1/2021 10:41,22961
12,1,8,2,234,237,1881,43.31266243,0,0,0,0,0,8/10/2020 12:12,7621
1,7,5,2,219,222,1962,43.22772886,0,1,0,1,1,5/14/2023 1:57,42092
17,6,2,0,228,231,1665,54.98034585,1,1,1,1,1,2/1/2020 17:47,1088
16,3,3,2,233,237,1722,24.72633109,1,1,0,1,0,3/18/2020 16:09,2661
5,2,11,0,221,221,1607,19.59555072,1,0,1,1,0,11/8/2022 5:27,35693
17,7,7,1,227,228,1820,65.60426749,0,0,1,1,1,7/2/2023 17:20,43792
23,6,7,2,226,235,1648,15.97461285,1,0,0,1,0,7/29/2023 23:12,44725
17,6,4,2,221,222,1708,36.04002093,0,1,0,1,1,4/2/2022 17:26,28176
19,6,11,0,234,238,1815,97.92448035,1,1,1,1,1,11/11/2023 19:07,48315
2,5,9,0,220,223,1552,46.97270238,1,1,1,1,1,9/24/2021 2:31,21648
5,3,11,2,225,227,1714,97.81200367,0,0,0,1,0,11/25/2020 5:40,11276
5,2,8,1,227,235,1627,97.293295,1,0,0,0,1,8/16/2022 5:12,32816
21,5,1,2,214,223,1618,93.35550684,0,1,0,0,0,1/3/2020 21:22,100
3,3,11,0,222,227,1932,92.62644061,0,1,1,0,0,11/24/2021 3:55,23739
5,6,6,0,222,230,1750,32.9811358,0,1,1,0,0,6/4/2022 5:52,30317
9,7,7,0,230,231,1856,16.93791789,1,1,1,0,0,7/12/2020 9:29,6624
20,3,11,1,229,235,1705,33.55433673,0,0,1,0,0,11/17/2021 20:32,23523
22,7,10,2,213,222,1612,88.62017667,0,0,0,0,0,10/16/2022 22:43,34930
22,4,3,0,228,236,1519,19.77059249,1,1,1,0,1,3/18/2021 22:38,15170
7,5,6,2,212,220,1713,46.65789251,0,1,0,0,1,6/18/2021 7:29,18299
22,7,3,1,230,239,1789,77.46086675,0,0,0,0,1,3/19/2023 22:49,40204
6,4,5,2,229,238,1845,94.57521702,1,1,0,1,1,5/20/2021 6:53,17305
15,6,4,1,227,234,1532,44.69331279,0,0,1,1,1,4/18/2020 15:01,3721
2,6,4,1,220,222,1739,35.47487852,0,0,1,1,0,4/22/2023 2:57,41340
4,3,10,1,229,236,1580,39.42600091,0,0,1,0,0,10/7/2020 4:18,9596
2,4,12,1,234,237,1873,57.19425371,0,0,1,1,0,12/30/2021 2:37,24970
21,6,6,0,229,230,1881,97.77259087,1,0,1,0,0,6/4/2022 21:59,30340
19,4,7,1,229,238,1697,71.94059389,1,0,1,1,1,7/1/2021 19:58,18762
7,3,5,2,215,220,1817,30.65293006,0,1,0,0,0,5/26/2021 7:57,17512
16,5,7,2,231,239,1871,62.89733232,0,1,0,1,0,7/10/2020 16:08,6565
22,3,5,0,212,221,1620,96.72552837,1,1,1,0,1,5/3/2023 22:46,41745
18,5,5,2,228,236,1598,24.32267693,1,1,0,0,1,5/28/2021 18:49,17596
6,4,1,0,232,235,1786,12.96786742,1,1,1,1,0,1/19/2023 6:21,38160
12,7,1,1,237,238,1676,19.65604991,0,0,1,0,1,1/12/2020 12:07,395
12,6,5,1,218,225,1649,53.39050928,0,0,1,0,0,5/7/2022 12:06,29367
6,7,11,0,230,238,1951,64.15408146,0,1,1,0,0,11/26/2023 6:01,48810
23,1,6,2,218,223,1550,36.16023612,0,0,0,1,0,6/19/2023 23:47,43356
10,3,12,1,227,227,1864,76.39244124,0,0,1,1,1,12/23/2020 10:39,12242
3,3,6,1,220,226,1872,52.05241785,0,0,1,0,0,6/15/2022 3:16,30690
5,2,11,1,214,222,1964,87.51178822,0,0,0,0,1,11/15/2022 5:38,35933
15,6,8,2,221,225,1857,56.20365477,0,1,0,1,1,8/8/2020 15:21,7557
6,4,2,0,219,221,1528,94.34483818,0,1,1,0,0,2/4/2021 6:45,13709
6,3,1,2,225,231,1562,80.07557931,0,0,0,1,0,1/22/2020 6:53,730
9,5,6,1,229,236,1712,46.01677297,0,1,1,0,1,6/4/2021 9:54,17823
0,3,7,1,213,221,1575,87.33786823,1,0,1,1,1,7/1/2020 0:10,6234
9,1,7,1,221,225,1584,25.28321785,0,0,1,1,0,7/4/2022 9:07,31349
23,5,10,0,230,239,1903,33.12996852,1,0,1,0,0,10/22/2021 23:37,22637
10,3,2,2,216,220,1652,21.38975697,1,1,0,1,0,2/10/2021 10:37,13920
21,6,6,2,219,227,1933,66.2174532,1,1,0,1,0,6/17/2023 21:19,43284
5,6,1,2,222,227,1787,90.81162711,1,1,0,1,1,1/14/2023 5:49,37988
5,2,3,0,219,221,1948,21.06954755,0,1,1,1,0,3/3/2020 5:26,2132
21,4,8,1,224,225,1888,50.99185856,0,0,0,1,1,8/20/2020 21:41,7977
22,7,5,0,225,225,1987,94.02098948,0,1,1,0,0,5/16/2021 22:17,17190
19,7,1,0,214,223,1961,69.96407952,1,1,1,0,1,1/3/2021 19:58,12632
3,3,9,1,216,221,1547,90.10165434,0,0,1,0,1,9/14/2022 3:43,33807
0,6,3,2,224,229,1860,14.56860495,1,1,0,1,1,3/6/2021 0:53,14728
23,7,12,0,238,239,1532,95.04222204,1,1,1,1,1,12/18/2022 23:05,37088
12,5,8,0,235,239,1648,59.05470259,1,1,1,0,0,8/20/2021 12:03,20463
20,4,9,1,229,234,1881,96.74683355,0,0,0,1,1,9/28/2023 20:24,46810
9,7,8,2,229,233,1553,88.69735665,1,1,0,0,0,8/1/2021 9:01,19808
3,5,3,2,225,232,1578,76.7874233,1,0,0,1,0,3/19/2021 3:33,15177
2,4,8,0,223,228,1745,98.11941634,0,1,1,1,0,8/6/2020 2:22,7470
14,6,8,2,233,238,1928,14.85632969,0,0,0,0,0,8/5/2023 14:17,44952
12,4,4,1,232,236,1599,24.66848254,1,0,1,1,1,4/21/2022 12:45,28820
4,7,5,2,224,226,1569,80.74064694,1,1,0,1,1,5/1/2022 4:01,29150
20,5,9,1,220,228,1552,48.35529234,0,0,0,1,1,9/10/2021 20:21,21194
18,5,12,1,230,235,1852,38.22836965,0,1,1,1,1,12/17/2021 18:52,24548
17,7,12,2,222,228,1958,73.5653193,1,0,0,0,0,12/6/2020 17:47,11670
2,5,1,2,223,224,1678,84.44478199,0,1,0,1,1,1/20/2023 2:41,38189
1,6,4,0,220,220,1855,45.62883111,0,1,1,1,0,4/15/2023 1:21,41098
0,7,5,1,224,230,1812,88.76489233,0,1,1,1,1,5/1/2022 0:31,29145
22,6,8,2,220,227,1728,75.03818895,0,1,0,0,1,8/12/2023 22:53,45204
2,5,4,2,217,225,1639,31.3962206,0,1,0,0,1,4/30/2021 2:37,16614
7,2,2,2,221,227,1578,32.96064037,1,0,0,0,0,2/9/2021 7:59,13882
20,6,5,2,231,239,1741,78.20040672,0,1,0,1,1,5/27/2023 20:44,42564
9,4,12,1,215,222,1638,44.92344925,1,0,1,0,1,12/16/2021 9:56,24501
21,6,11,1,230,238,1643,22.15639728,0,1,1,1,1,11/13/2021 21:14,23387
8,7,9,0,223,229,1741,39.70146741,0,1,1,1,0,9/11/2022 8:26,33711
12,6,9,1,224,233,1756,72.96522566,1,0,0,1,1,9/25/2021 12:51,21697
2,7,5,2,219,222,1586,20.75090517,1,1,0,1,0,5/10/2020 2:49,4457
4,7,10,1,226,233,1927,34.78796637,0,0,0,1,1,10/4/2020 4:49,9494
2,6,12,2,220,224,1777,71.08218553,1,0,0,0,0,12/12/2020 2:44,11854
17,5,12,2,232,234,1835,81.7703171,0,1,0,0,1,12/3/2021 17:05,24066
15,3,11,2,232,233,1734,60.66454635,1,1,0,1,0,11/22/2023 15:49,48687
15,2,1,0,218,220,1772,27.64572445,1,1,1,1,0,1/26/2021 15:19,13413
14,6,7,1,230,238,1982,69.72842851,0,0,1,1,0,7/23/2022 14:57,32008
17,2,1,2,214,222,1785,93.31542313,0,1,0,1,1,1/5/2021 17:32,12697
0,2,5,2,217,223,1732,70.09682365,1,1,0,1,1,5/25/2021 0:25,17467
17,5,2,2,222,226,1931,73.93181756,0,1,0,0,0,2/7/2020 17:27,1293
10,6,3,1,226,231,1911,63.6121579,0,0,1,0,0,3/20/2021 10:23,15221
15,6,9,2,237,239,1522,80.21418325,0,1,0,0,1,9/30/2023 15:51,46872
8,6,10,1,230,237,1724,22.94780538,1,0,1,1,1,10/30/2021 8:55,22890
3,2,4,0,215,222,1956,29.93485304,1,1,1,0,1,4/28/2020 3:29,4047
19,6,1,2,234,236,1891,45.10291946,0,0,0,0,0,1/21/2023 19:19,38247
17,2,11,1,226,228,1768,37.9201929,0,1,1,0,1,11/22/2022 17:45,36190
8,1,4,0,219,220,1728,38.66489972,1,1,1,1,0,4/26/2021 8:55,16486
0,3,12,2,230,230,1999,19.48658487,1,1,0,1,0,12/21/2022 0:50,37159
2,1,12,2,219,228,1711,76.05918889,1,0,0,0,0,12/20/2021 2:56,24628
22,4,6,1,222,226,1812,89.08248901,0,0,1,1,0,6/17/2021 22:23,18286
7,3,11,1,217,222,1590,17.68043714,0,1,1,1,1,11/2/2022 7:11,35490
13,3,5,1,218,222,1994,59.05169235,0,0,0,1,1,5/3/2023 13:40,41732
14,1,11,1,223,223,1991,87.16825413,1,0,1,1,1,11/6/2023 14:23,48137
23,3,7,0,217,223,1509,15.59855553,1,1,1,1,1,7/27/2022 23:22,32157
13,4,1,2,230,232,1778,58.86936045,0,1,0,0,1,1/16/2020 13:32,534
13,7,10,0,220,221,1572,92.61567804,0,1,1,1,0,10/8/2023 13:04,47142
4,6,1,2,227,233,1844,63.02517719,1,1,0,0,0,1/18/2020 4:46,590
23,6,5,1,231,234,1585,59.66955172,0,0,1,1,0,5/30/2020 23:54,5172
3,4,9,2,222,230,1558,46.74510002,0,1,0,1,0,9/8/2022 3:21,33601
3,1,8,2,228,236,1880,40.22942579,1,1,0,1,1,8/28/2023 3:19,45724
10,6,9,2,219,226,1602,60.80522013,1,0,0,0,0,9/30/2023 10:14,46864
17,1,1,2,214,221,1892,41.81575491,0,0,0,1,0,1/30/2023 17:46,38553
7,2,1,1,225,226,1975,10.47639825,1,0,1,1,1,1/31/2023 7:05,38572
20,3,4,0,226,234,1973,30.62731761,1,0,1,1,0,4/20/2022 20:38,28797
9,6,6,2,223,226,1734,41.04831685,0,1,0,0,1,6/12/2021 9:13,18096
1,1,4,1,233,237,1989,90.73716299,0,0,1,1,0,4/6/2020 1:40,3291
16,3,6,0,221,226,1825,68.74604081,1,0,1,0,0,6/29/2022 16:17,31188
16,1,6,0,230,236,1933,54.08381258,1,1,1,0,1,6/13/2022 16:14,30640
8,1,4,0,236,239,1623,49.45679873,0,1,1,0,0,4/25/2022 8:33,28951
7,1,3,1,224,231,1969,68.94170428,1,0,0,1,1,3/28/2022 7:47,27991
13,4,11,0,226,228,1710,26.73728486,1,0,1,1,0,11/3/2022 13:19,35533
19,2,4,0,225,233,1549,84.18095446,0,1,1,0,0,4/12/2022 19:12,28521
12,7,2,0,229,232,1840,52.35777125,1,0,1,0,0,2/20/2022 12:35,26765
22,7,4,1,228,236,1796,80.34601739,1,0,1,1,1,4/16/2023 22:12,41162
2,1,9,1,232,237,1700,83.66476991,0,0,1,0,1,9/27/2021 2:00,21750
22,2,2,2,219,227,1913,29.95937115,0,1,0,1,1,2/21/2023 22:24,39313
17,5,6,0,220,222,1555,77.31893316,1,1,1,1,1,6/9/2023 17:48,43005
8,3,8,2,228,228,1760,38.47488945,1,0,0,1,0,8/10/2022 8:20,32615
0,1,8,1,221,226,1515,11.93976746,0,0,1,0,0,8/29/2022 0:52,33255
18,1,4,0,226,232,1616,96.18669092,1,1,1,1,1,4/11/2022 18:41,28486
17,6,9,1,225,225,1641,19.31478146,0,0,0,1,1,9/24/2022 17:24,34169
23,6,10,2,218,224,1921,55.44176713,1,1,0,0,1,10/28/2023 23:38,47842
5,1,12,1,214,220,1741,87.74310546,1,0,1,1,1,12/13/2021 5:33,24392
8,7,3,2,226,227,1621,10.84845638,0,1,0,1,1,3/13/2022 8:58,27479
12,2,3,2,223,232,1687,35.60158977,1,0,0,1,0,3/29/2022 12:31,28032
3,6,5,0,229,229,1704,34.46609067,1,1,1,0,0,5/22/2021 3:44,17369
4,7,5,1,216,224,1554,14.69417412,0,0,0,1,1,5/9/2021 4:34,16925
18,6,10,0,232,235,1632,13.01205542,0,1,1,0,0,10/2/2021 18:39,21945
7,7,10,1,229,231,1744,67.57490325,0,1,1,1,1,10/31/2021 7:21,22922
5,7,3,0,219,225,1524,77.52284754,1,1,1,0,0,3/26/2023 5:30,40419
22,7,1,1,223,224,1539,91.53853425,1,0,0,0,1,1/26/2020 22:19,889
3,1,7,1,238,238,1977,39.24528937,0,1,1,0,1,7/26/2021 3:44,19595
12,3,12,1,237,237,1928,14.38130688,1,0,0,0,1,12/22/2021 12:24,24710
8,1,1,2,230,230,1638,21.78206178,1,1,0,1,1,1/3/2022 8:56,25116
0,7,1,2,217,222,1528,73.17219502,1,1,0,1,1,1/23/2022 0:35,25789
9,4,11,2,227,227,1817,93.29191229,1,1,0,1,1,11/5/2020 9:49,10597
22,2,5,1,212,220,1609,54.41522028,0,0,1,1,1,5/19/2020 22:18,4793
23,6,9,0,236,238,1770,43.51926984,0,1,1,1,0,9/3/2022 23:08,33458
4,3,6,1,234,237,1660,41.26528835,1,0,1,1,1,6/16/2021 4:20,18226
0,3,7,1,234,235,1701,53.65536695,0,0,0,0,1,7/26/2023 0:35,44590
6,2,5,0,224,232,1837,23.3475624,0,1,1,1,0,5/10/2022 6:40,29462
22,1,10,2,225,232,1953,68.02195716,0,1,0,1,1,10/25/2021 22:24,22738
20,6,11,0,228,230,1589,10.30187092,1,1,1,0,0,11/5/2022 20:41,35612
23,4,6,1,221,222,1882,40.63532804,1,0,0,0,1,6/11/2020 23:14,5582
8,5,6,2,235,239,1690,99.93092875,0,1,0,1,1,6/16/2023 8:53,43232
3,4,6,0,216,225,1945,10.41602477,0,1,1,0,0,6/22/2023 3:39,43430
0,5,7,2,225,227,1698,26.6517189,0,0,0,0,0,7/21/2023 0:45,44419
12,4,9,1,228,234,1568,38.89145426,1,0,1,1,1,9/8/2022 12:27,33614
23,2,7,0,231,237,1567,80.56504584,1,1,1,1,1,7/21/2020 23:21,6952
12,3,8,1,225,234,1581,43.81184595,0,0,1,1,1,8/2/2023 12:00,44846
17,7,1,2,217,223,1654,32.78740364,1,1,0,0,0,1/31/2021 17:57,13588
23,6,9,2,214,221,1826,15.51846337,0,0,0,1,0,9/26/2020 23:01,9246
23,5,7,2,214,222,1653,47.80468205,1,1,0,0,0,7/29/2022 23:01,32225
19,7,12,0,219,222,1927,96.7593647,1,0,1,0,0,12/19/2021 19:14,24617
13,1,1,2,221,224,1570,16.94669174,0,0,0,1,0,1/16/2023 13:53,38068
2,4,3,2,217,220,1537,75.80686545,1,0,0,0,0,3/24/2022 2:09,27846
12,5,7,2,226,229,1883,36.41206774,1,1,0,0,0,7/17/2020 12:08,6799
22,2,1,1,223,227,1971,52.29029589,1,0,1,0,1,1/4/2022 22:47,25170
2,3,2,1,232,236,1768,29.96883149,0,1,1,1,1,2/23/2022 2:57,26854
11,7,9,0,216,225,1951,86.55164662,1,1,1,0,0,9/5/2021 11:24,21010
17,2,12,1,228,231,1940,73.07663929,1,0,1,1,1,12/22/2020 17:08,12217
17,5,3,1,235,238,1825,79.08019269,0,0,0,1,1,3/3/2023 17:10,39648
10,3,8,1,219,221,1743,81.54182332,0,0,0,1,1,8/26/2020 10:08,8166
20,7,12,0,217,225,1592,74.29469042,1,1,1,1,1,12/11/2022 20:47,36845
10,3,5,2,229,231,1964,67.75194826,1,1,0,1,1,5/13/2020 10:01,4570
3,3,7,1,228,233,1854,43.14529449,0,1,1,0,1,7/15/2020 3:22,6718
21,4,7,2,233,239,1652,13.71653268,1,0,0,0,0,7/14/2022 21:24,31709
20,6,9,2,226,231,1942,78.43590284,0,1,0,0,0,9/11/2021 20:10,21228
8,3,6,1,227,234,1613,36.29029003,0,0,1,1,0,6/2/2021 8:51,17753
4,3,11,0,217,226,1605,77.71336203,1,1,1,0,1,11/4/2020 4:23,10555
10,5,2,1,230,235,1579,93.25484309,0,0,0,1,1,2/11/2022 10:37,26454
19,7,12,0,238,239,1924,31.35485813,1,1,1,1,1,12/26/2021 19:25,24857
19,6,12,1,229,231,1628,10.24731015,0,0,0,0,1,12/18/2021 19:24,24583
13,7,4,1,232,237,1627,24.01457435,0,0,1,1,1,4/12/2020 13:57,3514
18,2,8,2,233,238,1675,31.87333517,1,1,0,1,1,8/22/2023 18:22,45540
7,6,11,2,233,236,1682,44.90917164,1,0,0,0,0,11/25/2023 7:36,48778
10,4,4,2,234,234,1942,75.96748723,1,0,0,0,0,4/28/2022 10:51,29057
12,5,7,2,226,231,1612,40.15970898,1,1,0,0,1,7/24/2020 12:19,7039
15,4,8,2,225,231,1927,68.14398623,1,1,0,1,1,8/4/2022 15:41,32420
17,2,2,1,232,239,1611,29.38952513,0,0,0,0,1,2/14/2023 17:17,39066
23,6,9,1,218,223,1568,96.90123299,1,0,0,0,1,9/10/2022 23:19,33698
17,4,9,1,220,225,1529,62.56408061,0,0,0,0,1,9/8/2022 17:22,33621
14,3,5,1,217,221,1505,27.48578533,1,0,1,0,1,5/13/2020 14:13,4576
8,5,7,0,235,235,1760,23.52832147,0,1,1,1,0,7/30/2021 8:40,19739
21,5,1,0,219,228,1744,85.23956322,1,1,1,0,1,1/1/2021 21:43,12566
2,6,10,2,221,226,1585,82.72128086,1,1,0,1,0,10/16/2021 2:14,22401
9,5,5,0,236,238,1804,13.97539869,1,0,1,1,0,5/8/2020 9:28,4398
21,2,9,0,239,239,1707,63.65194341,0,1,1,1,0,9/28/2021 21:27,21812
7,3,7,2,231,232,1843,85.80692266,1,1,0,1,1,7/7/2021 7:01,18949
12,4,3,1,237,238,1567,49.30889849,0,0,1,1,1,3/9/2023 12:38,39847
2,2,8,2,213,221,1946,87.98134751,1,0,0,0,0,8/4/2020 2:43,7402
18,2,5,1,225,225,1652,95.7496308,0,0,1,0,1,5/23/2023 18:37,42424
17,5,4,2,228,237,1861,35.52000673,0,1,0,1,1,4/16/2021 17:39,16156
10,2,8,1,225,225,1845,76.4409858,0,0,1,0,1,8/15/2023 10:27,45289
4,1,1,2,235,237,1563,68.70941373,1,0,0,1,0,1/11/2021 4:35,12884
19,4,12,1,223,226,1630,49.35763522,0,0,1,1,1,12/23/2021 19:14,24754
0,5,8,2,225,232,1718,67.21105491,0,0,0,0,0,8/19/2022 0:29,32912
6,6,11,2,228,235,1707,26.27212384,1,1,0,1,0,11/25/2023 6:12,48776
9,6,12,1,226,232,1728,98.4706118,0,0,1,0,1,12/10/2022 9:45,36795
8,2,5,0,235,237,1876,48.1238444,1,1,1,0,1,5/17/2022 8:16,29704
12,5,10,1,229,230,1892,53.12009475,0,0,1,0,0,10/14/2022 12:33,34847
17,3,2,2,218,226,1912,24.51757371,0,1,0,1,0,2/17/2021 17:07,14169
12,1,5,2,226,226,1713,16.87822157,1,0,0,1,0,5/25/2020 12:09,4984
6,2,4,0,217,223,1931,87.18985859,1,1,1,1,1,4/18/2023 6:26,41208
11,6,9,0,214,220,1547,58.21296797,1,0,1,0,0,9/2/2023 11:34,45907
4,4,11,2,225,230,1771,31.10073754,1,1,0,0,1,11/9/2023 4:03,48225
23,1,8,2,227,231,1703,62.98084054,0,0,0,0,0,8/22/2022 23:05,33047
16,3,3,2,230,234,1610,46.99352822,0,0,0,1,0,3/30/2022 16:33,28072
1,3,10,2,233,235,1839,51.10423261,1,1,0,0,1,10/21/2020 1:11,10071
5,6,1,2,224,233,1881,51.57626237,0,1,0,0,0,1/29/2022 5:09,26001
15,4,3,0,226,233,1678,98.93895236,1,0,1,1,0,3/12/2020 15:05,2454
8,3,3,1,233,236,1610,74.4772421,1,0,1,1,1,3/17/2021 8:48,15116
23,6,10,2,215,224,1781,85.17539839,1,1,0,1,0,10/9/2021 23:03,22191
20,2,11,0,225,229,1586,63.21689547,1,0,1,1,0,11/8/2022 20:10,35714
1,1,1,0,219,225,1712,32.39754148,0,1,1,0,0,1/10/2022 1:25,25345
2,5,9,1,223,226,1795,91.21280614,1,0,1,0,1,9/3/2021 2:38,20929
16,6,12,1,229,236,1666,15.26334571,0,0,1,1,1,12/11/2021 16:24,24339
5,5,11,2,222,228,1859,82.00673873,1,1,0,1,1,11/20/2020 5:50,11105
4,2,10,1,216,224,1505,41.05456599,0,0,1,0,0,10/31/2023 4:54,47918
15,3,12,2,218,221,1996,95.42619746,1,1,0,1,1,12/2/2020 15:41,11530
7,7,11,2,213,221,1813,87.08224493,1,0,0,0,0,11/22/2020 7:35,11176
5,6,4,2,215,222,1946,58.61451559,1,1,0,1,0,4/16/2022 5:12,28638
11,7,10,0,232,239,1769,23.30547179,0,1,1,1,0,10/4/2020 11:08,9503
11,2,12,0,220,222,1773,81.56058143,0,1,1,1,0,12/15/2020 11:20,11969
12,2,7,0,213,222,1724,72.70038943,1,1,1,0,0,7/12/2022 12:38,31628
19,6,8,0,221,230,1698,71.53352267,0,1,1,0,0,8/20/2022 19:56,32974
16,7,1,0,214,223,1511,46.52067652,1,1,1,1,1,1/12/2020 16:19,401
3,1,5,2,229,237,1674,55.43829788,1,0,0,0,0,5/31/2021 3:35,17677
9,2,1,1,232,239,1551,54.20754856,0,1,1,1,1,1/26/2021 9:00,13404
20,7,4,2,231,237,1687,13.40636935,1,1,0,0,0,4/18/2021 20:06,16228
2,6,4,1,222,224,1955,78.46752784,1,0,1,0,1,4/18/2020 2:24,3703
5,5,5,1,222,229,1683,25.19208901,0,0,1,0,1,5/26/2023 5:30,42508
23,2,12,2,220,222,1766,33.76789981,0,1,0,0,1,12/6/2022 23:45,36678
19,1,5,2,236,239,1869,26.06628398,0,0,0,1,0,5/30/2022 19:21,30165
22,2,4,1,217,226,1894,45.66804887,1,0,1,1,1,4/4/2023 22:52,40752
15,3,8,0,222,223,1584,85.78417404,1,1,1,1,1,8/24/2022 15:44,33105
3,6,1,2,233,235,1683,16.33560806,0,0,0,1,0,1/14/2023 3:43,37985
0,6,3,1,229,232,1657,69.7050659,0,1,1,1,1,3/12/2022 0:43,27433
19,2,6,1,228,229,1968,58.64067883,1,0,1,0,1,6/1/2021 19:32,17734
17,7,4,1,217,223,1643,66.8573056,1,0,0,1,1,4/3/2022 17:57,28211
10,4,7,1,227,229,1677,98.32711752,0,1,1,1,1,7/29/2021 10:56,19708
21,4,10,1,230,233,1817,94.17779671,1,0,0,1,1,10/28/2021 21:53,22840
4,4,4,1,235,237,1834,28.19307452,0,0,0,1,1,4/7/2022 4:39,28329
11,5,3,2,228,230,1980,44.69047345,1,1,0,1,0,3/17/2023 11:15,40119
0,4,5,1,224,229,1921,58.25675761,0,1,1,0,1,5/27/2021 0:46,17536
3,2,11,1,223,227,1866,72.0105635,0,1,1,0,1,11/7/2023 3:41,48156
2,1,7,0,217,225,1949,46.20489354,1,1,1,1,0,7/19/2021 2:09,19353
3,7,7,1,231,237,1706,81.09588431,1,0,0,1,1,7/18/2021 3:43,19321
20,7,8,2,219,224,1741,90.41872158,0,1,0,0,1,8/21/2022 20:28,33009
7,3,5,0,229,234,1561,56.34641713,0,1,1,0,0,5/17/2023 7:45,42203
11,7,5,0,235,238,1948,97.58144434,0,1,1,0,0,5/14/2023 11:46,42106
20,1,5,1,225,232,1602,32.20636804,0,0,1,1,1,5/10/2021 20:31,16982
20,3,1,1,232,238,1795,76.7387521,0,0,0,1,1,1/8/2020 20:31,270
20,4,4,1,217,220,1574,49.3728648,0,0,1,1,1,4/7/2022 20:04,28351
2,3,4,0,219,228,1632,56.47468061,1,0,1,1,0,4/13/2022 2:55,28532
6,5,9,0,233,238,1736,94.54070497,1,1,1,0,0,9/4/2020 6:29,8469
0,1,11,2,227,228,1648,18.43424451,1,1,0,0,1,11/14/2022 0:12,35891
15,6,5,1,222,225,1559,71.40390899,0,1,1,0,1,5/6/2023 15:57,41838
10,7,1,2,214,223,1759,27.52030814,0,1,0,1,1,1/8/2023 10:21,37789
4,3,4,2,222,222,1709,23.76382202,1,0,0,1,0,4/21/2021 4:52,16309
7,7,12,2,233,235,1772,94.22770542,0,0,0,1,0,12/25/2022 7:09,37305
12,1,5,2,239,239,1777,32.92092188,0,0,0,1,0,5/17/2021 12:18,17210
9,7,8,2,212,220,1542,91.33462776,0,0,0,1,0,8/21/2022 9:15,32993
14,1,9,1,235,238,1791,23.73050141,1,0,1,0,1,9/27/2021 14:37,21768
17,3,3,1,223,224,1537,89.83606786,0,0,0,1,1,3/8/2023 17:00,39819
0,6,6,2,230,235,1744,76.09891807,0,1,0,1,1,6/4/2022 0:16,30309
22,1,3,1,224,224,1995,46.66587724,1,0,0,0,1,3/21/2022 22:18,27772
0,7,12,2,229,229,1908,53.69751026,1,1,0,0,0,12/12/2021 0:07,24350
13,5,4,1,215,223,1566,13.79850731,0,0,0,0,1,4/30/2021 13:50,16630
7,4,3,0,226,234,1865,63.30251806,1,1,1,0,1,3/31/2022 7:16,28093
13,1,2,2,214,220,1976,43.32416566,0,0,0,1,0,2/13/2023 13:58,39027
14,3,9,1,222,226,1783,48.386252,1,0,1,1,1,9/22/2021 14:46,21597
13,5,9,2,227,233,1880,75.0517358,0,1,0,0,0,9/16/2022 13:11,33889
23,2,9,1,224,227,1821,54.23346981,0,1,1,1,1,9/22/2020 23:42,9110
12,7,7,1,225,228,1791,46.48542949,0,1,1,0,1,7/26/2020 12:41,7108
14,3,8,2,226,234,1874,12.60388481,1,0,0,1,0,8/2/2023 14:48,44850
19,3,3,2,230,238,1590,85.33649617,0,1,0,1,0,3/8/2023 19:06,39822
14,7,1,1,233,233,1948,40.05213216,0,0,0,0,1,1/29/2023 14:27,38514
0,5,10,2,225,234,1726,93.17733611,1,1,0,0,0,10/15/2021 0:18,22364
0,1,3,1,233,237,1891,50.57004567,1,0,0,1,1,3/15/2021 0:44,15036
9,6,12,2,229,231,1747,53.31738859,1,0,0,0,0,12/19/2020 9:57,12104
0,5,12,1,231,231,1616,21.09695441,1,0,0,1,1,12/11/2020 0:07,11816
10,7,1,2,221,230,1622,46.93690844,1,1,0,0,0,1/3/2021 10:52,12619
9,7,10,1,221,222,1534,51.80270738,0,0,1,0,1,10/4/2020 9:01,9500
10,6,7,1,224,232,1756,57.85797838,0,0,1,0,1,7/24/2021 10:24,19536
12,1,9,1,228,229,1964,49.39923656,0,0,1,1,0,9/19/2022 12:40,33991
4,5,1,1,229,229,1557,83.93925219,0,0,1,0,0,1/13/2023 4:35,37952
1,1,10,2,218,220,1530,62.17476163,0,1,0,0,1,10/5/2020 1:09,9523
21,6,6,2,235,235,1819,53.11325966,0,1,0,1,1,6/24/2023 21:31,43524
4,7,3,2,230,234,1902,59.94781058,1,0,0,0,0,3/27/2022 4:27,27952
22,6,9,1,226,229,1617,38.19622399,1,0,0,0,1,9/26/2020 22:19,9245
6,4,8,0,225,225,1666,80.09319554,1,1,1,0,1,8/10/2023 6:25,45112
19,7,7,2,219,222,1581,45.06331031,0,1,0,0,1,7/25/2021 19:20,19583
2,7,5,0,236,237,1779,61.31892018,1,1,1,0,1,5/9/2021 2:28,16922
1,4,4,1,221,225,1815,31.76132633,1,0,0,1,1,4/30/2020 1:02,4112
18,2,8,2,228,229,1859,94.98767102,0,1,0,0,1,8/15/2023 18:52,45301
16,1,5,1,216,223,1734,94.79673047,0,0,0,0,1,5/16/2022 16:09,29681
14,6,5,1,221,226,1591,91.3084459,0,0,1,1,1,5/7/2022 14:12,29370
9,7,9,0,227,235,1560,45.84244783,1,1,1,1,0,9/13/2020 9:08,8781
20,4,7,1,225,230,1597,76.91825238,0,0,1,1,0,7/23/2020 20:12,7016
22,4,9,2,215,222,1525,26.2205135,0,1,0,1,0,9/14/2023 22:06,46333
4,5,10,0,237,238,1556,18.79917512,1,1,1,0,0,10/28/2022 4:32,35315
2,4,7,1,218,223,1528,82.17537524,0,1,1,0,1,7/7/2022 2:17,31442
23,2,11,0,230,231,1712,61.76698451,1,0,1,1,0,11/17/2020 23:52,11028
5,5,5,0,221,229,1666,13.46277641,1,0,1,1,0,5/6/2022 5:58,29324
21,5,7,2,227,236,1525,41.12952396,1,1,0,0,1,7/15/2022 21:14,31743
22,4,4,0,222,222,1829,38.02286113,1,1,1,1,1,4/9/2020 22:11,3423
13,5,5,0,228,234,1896,52.71823964,0,1,1,1,0,5/22/2020 13:22,4883
21,4,5,1,224,227,1526,21.51687756,1,0,0,1,1,5/7/2020 21:33,4381
0,3,4,2,230,233,1739,38.498656,0,0,0,1,0,4/21/2021 0:40,16303
20,2,9,2,232,237,1602,32.21147332,1,1,0,1,1,9/8/2020 20:31,8626
21,2,12,2,211,220,1503,60.52159052,1,0,0,1,0,12/6/2022 21:39,36675
8,3,10,2,234,237,1926,77.69097191,0,1,0,1,1,10/19/2022 8:11,35012
3,2,8,1,229,237,1561,68.56115646,0,0,1,1,1,8/8/2023 3:15,45039
14,5,5,0,231,238,1937,13.44038741,1,0,1,0,0,5/20/2022 14:46,29816
23,4,3,1,228,237,1777,26.56043541,0,0,0,0,1,3/30/2023 23:01,40581
22,6,6,2,229,236,1982,85.49928534,1,1,0,1,0,6/11/2022 22:53,30581
7,1,7,0,219,224,1940,14.6967095,1,1,1,0,1,7/4/2022 7:42,31347
10,2,11,2,226,229,1515,16.68847943,0,1,0,1,1,11/24/2020 10:03,11248
2,7,8,1,234,238,1914,69.7092472,0,1,1,0,1,8/15/2021 2:24,20278
18,3,4,0,214,223,1655,68.59333583,1,1,1,0,0,4/12/2023 18:41,41020
4,4,8,1,229,237,1599,76.56090253,0,0,0,0,1,8/25/2022 4:21,33123
1,6,4,0,220,223,1763,36.42074954,1,1,1,1,1,4/10/2021 1:51,15928
6,4,2,1,229,234,1571,22.91888118,1,0,1,0,1,2/9/2023 6:14,38879
2,6,8,0,214,221,1865,52.62728242,0,1,1,0,0,8/8/2020 2:44,7539
20,6,4,1,216,220,1966,64.47975554,0,0,1,1,0,4/23/2022 20:49,28900
23,1,5,0,221,221,1641,63.15363049,1,1,1,1,0,5/30/2022 23:33,30171
23,6,8,1,221,225,1938,45.10925117,0,0,0,1,1,8/12/2023 23:35,45205
16,5,9,0,223,228,1867,60.86219301,0,1,1,0,0,9/4/2020 16:18,8483
18,3,4,0,225,231,1844,33.1652525,0,1,1,1,0,4/8/2020 18:09,3383
14,3,9,1,225,229,1899,36.15910973,0,0,1,1,0,9/7/2022 14:44,33583
3,1,6,1,228,234,1682,61.01028228,0,0,1,0,1,6/15/2020 3:37,5691
18,3,5,2,218,220,1746,10.92441209,1,0,0,0,0,5/20/2020 18:37,4822
22,7,12,1,224,231,1601,64.05349814,0,1,1,1,1,12/5/2021 22:21,24142
12,5,4,1,213,221,1765,54.63390906,0,0,0,0,1,4/10/2020 12:12,3443
4,1,1,2,237,238,1516,40.79387028,0,0,0,1,0,1/20/2020 4:26,658
10,2,9,2,232,236,1603,36.70624156,0,0,0,1,0,9/28/2021 10:56,21797
16,5,6,0,225,227,1649,13.53640717,0,1,1,0,0,6/2/2023 16:12,42763
2,3,10,2,214,223,1551,42.07557999,1,1,0,0,0,10/14/2020 2:24,9833
8,4,1,2,224,232,1714,34.09125462,0,1,0,1,1,1/7/2021 8:46,12753
14,4,3,2,232,233,1859,73.38029032,1,1,0,1,0,3/12/2020 14:23,2453
5,2,2,0,223,232,1740,82.33574121,0,1,1,0,0,2/7/2023 5:11,38809
2,1,6,2,227,228,1555,41.58071776,1,0,0,1,0,6/15/2020 2:55,5690
2,4,11,1,224,226,1908,87.34210976,0,0,1,1,0,11/2/2023 2:27,47983
21,7,5,0,218,224,1608,39.58445207,1,0,1,0,0,5/1/2022 21:32,29175
21,5,8,2,220,223,1885,79.742157,0,0,0,1,0,8/7/2020 21:49,7532
5,4,11,2,215,224,1746,29.39031198,0,0,0,1,0,11/17/2022 5:18,36001
4,7,8,2,216,221,1946,98.93361511,0,0,0,0,0,8/6/2023 4:18,44972
1,6,5,0,226,228,1738,88.72052467,1,1,1,0,0,5/21/2022 1:58,29832
18,3,11,2,233,237,1568,77.84833516,0,0,0,1,0,11/1/2023 18:44,47972
19,6,7,1,226,229,1672,55.30397024,0,0,1,0,1,7/11/2020 19:28,6604
18,3,1,1,222,224,1940,96.92609719,1,0,1,1,1,1/18/2023 18:26,38143
21,6,11,0,220,220,1535,61.32704156,1,1,1,1,1,11/21/2020 21:05,11161
1,2,7,0,220,221,1793,74.59455921,0,1,1,0,0,7/26/2022 1:07,32091
4,3,5,2,233,234,1738,45.89074721,1,0,0,0,0,5/4/2022 4:12,29253
10,2,5,1,221,221,1555,92.28634952,0,0,1,0,1,5/16/2023 10:01,42172
17,5,7,0,226,229,1534,23.2700897,1,1,1,1,0,7/22/2022 17:13,31977
18,1,6,2,231,234,1827,42.85082968,1,1,0,0,1,6/12/2023 18:41,43109
10,7,6,2,215,222,1807,11.97942886,0,1,0,1,1,6/6/2021 10:15,17892
7,7,8,1,232,237,1548,22.22169379,1,0,1,1,1,8/22/2021 7:30,20525
18,2,3,0,226,231,1643,87.64549,1,0,1,0,0,3/31/2020 18:07,3109
19,3,7,0,227,230,1679,49.89774066,1,0,1,0,0,7/13/2022 19:28,31672
6,7,5,0,218,223,1657,45.16878008,1,0,1,0,0,5/17/2020 6:31,4702
15,2,1,1,231,239,1609,36.28835225,0,0,1,1,0,1/17/2023 15:06,38104
14,1,5,2,215,223,1899,14.67104984,1,0,0,0,0,5/17/2021 14:24,17213
9,6,6,0,230,232,1620,98.06225713,1,0,1,1,0,6/24/2023 9:36,43507
21,4,10,1,226,229,1547,80.3293418,1,0,1,0,1,10/5/2023 21:17,47051
13,4,8,2,227,229,1974,13.62343712,0,0,0,0,0,8/13/2020 13:47,7726
5,7,5,0,217,224,1605,48.65010566,1,1,1,0,1,5/2/2021 5:46,16687
19,7,6,1,231,237,1664,14.68116629,1,0,1,0,1,6/26/2022 19:36,31090
8,3,9,1,217,221,1519,68.58052851,1,0,1,1,1,9/13/2023 8:16,46279
15,3,6,2,230,233,1951,34.55163431,1,1,0,0,0,6/21/2023 15:44,43413
9,3,8,1,228,235,1616,75.22460771,0,1,1,0,1,8/2/2023 9:54,44843
19,3,10,1,220,225,1910,92.18366095,1,0,0,0,1,10/14/2020 19:55,9858
19,1,1,0,231,237,1668,74.6735501,1,1,1,0,0,1/24/2022 19:20,25850
9,3,3,0,227,227,1514,62.34226704,0,1,1,1,0,3/2/2022 9:27,27103
7,4,7,0,218,226,1693,46.3108708,0,1,1,0,0,7/9/2020 7:54,6519
0,2,3,0,222,225,1714,84.43192883,1,0,1,0,0,3/23/2021 0:03,15309
23,7,1,2,222,225,1805,88.36825507,1,1,0,0,0,1/10/2021 23:40,12877
5,2,7,2,219,227,1795,29.62593279,1,1,0,0,1,7/14/2020 5:38,6687
14,3,6,2,230,238,1523,94.83155363,1,1,0,1,0,6/17/2020 14:30,5775
16,3,3,0,223,224,1839,29.97801934,1,1,1,0,1,3/1/2023 16:06,39578
8,7,10,1,230,238,1879,77.17761988,0,1,1,1,1,10/25/2020 8:13,10218
5,1,6,0,230,230,1704,75.46447679,1,1,1,1,1,6/22/2020 5:55,5934
12,2,3,0,223,227,1769,70.59799419,1,0,1,0,0,3/30/2021 12:52,15567
22,2,5,2,225,228,1908,64.91898065,0,1,0,1,1,5/10/2022 22:05,29484
10,7,9,0,229,233,1740,11.39668444,0,1,1,1,0,9/20/2020 10:44,9023
19,4,11,0,230,231,1926,23.75849592,0,1,1,0,0,11/18/2021 19:40,23556
20,4,6,1,229,231,1586,97.27363353,1,0,1,0,1,6/16/2022 20:37,30749
14,3,5,1,222,230,1974,33.01189326,0,0,0,1,1,5/10/2023 14:33,41973
8,7,11,2,226,234,1501,31.61391046,1,1,0,1,0,11/19/2023 8:38,48574
10,4,9,2,233,235,1767,26.28029724,0,1,0,1,1,9/16/2021 10:12,21385
18,5,5,1,232,233,1885,56.34909502,0,0,1,0,0,5/5/2023 18:55,41808
13,5,11,1,227,229,1866,84.12800603,1,0,1,0,1,11/27/2020 13:02,11355
19,5,10,2,221,227,1637,92.68524427,0,1,0,0,1,10/8/2021 19:01,22151
13,6,9,2,218,226,1532,17.29539211,0,0,0,0,0,9/26/2020 13:54,9233
1,5,7,2,228,230,1664,44.66932885,0,1,0,1,1,7/23/2021 1:27,19489
19,4,7,1,230,238,1923,76.13598066,0,0,1,0,1,7/30/2020 19:00,7254
9,6,7,1,221,230,1901,17.8971899,0,1,1,1,1,7/1/2023 9:06,43746
14,3,7,2,215,221,1848,44.17675566,1,0,0,1,0,7/20/2022 14:04,31904
1,1,7,0,229,237,1858,15.02118161,1,0,1,0,0,7/27/2020 1:17,7126
19,4,6,0,223,223,1848,14.3760224,0,1,1,0,0,6/11/2020 19:02,5576
14,4,3,2,234,237,1768,60.72649976,0,1,0,0,0,3/30/2023 14:37,40569
5,2,2,0,222,226,1764,30.89027175,1,0,1,1,0,2/21/2023 5:34,39289
8,6,10,2,226,234,1812,73.65392173,1,1,0,0,1,10/14/2023 8:32,47341
3,5,9,1,227,233,1710,95.60082734,1,0,0,1,1,9/11/2020 3:11,8704
1,5,7,1,221,229,1739,32.24414494,0,0,0,1,1,7/7/2023 1:04,43940
15,6,3,1,229,234,1932,18.63464628,1,0,0,1,1,3/5/2022 15:57,27215
20,4,7,1,222,226,1946,45.4428094,0,0,0,1,1,7/27/2023 20:44,44653
23,5,8,2,231,237,1927,68.60451425,1,1,0,1,0,8/5/2022 23:13,32465
0,6,2,0,225,230,1591,97.65522417,0,1,1,0,0,2/1/2020 0:15,1063
19,3,9,2,229,235,1906,76.02887232,1,0,0,1,0,9/20/2023 19:40,46535
14,4,2,2,212,220,1632,11.51799877,1,1,0,0,0,2/11/2021 14:39,13960
10,3,8,0,226,226,1526,82.853695,0,1,1,1,0,8/17/2022 10:38,32858
16,3,5,1,231,232,1502,46.43854866,0,0,1,1,0,5/4/2022 16:07,29270
19,1,8,1,238,238,1985,37.85251649,1,0,1,1,1,8/14/2023 19:02,45267
8,1,6,0,223,224,1935,81.75967295,0,1,1,1,0,6/8/2020 8:20,5458
9,7,7,0,226,234,1815,76.46584067,1,1,1,0,0,7/9/2023 9:49,44021
23,4,7,1,220,221,1732,61.50347015,0,1,1,1,1,7/30/2020 23:54,7261
17,3,6,2,215,220,1621,41.96785119,0,1,0,1,0,6/28/2023 17:20,43655
6,7,5,2,218,220,1951,69.05506624,0,0,0,1,0,5/24/2020 6:43,4942
20,7,7,1,222,227,1749,45.93163205,0,0,1,1,1,7/23/2023 20:44,44516
23,4,2,0,213,220,1706,56.16984994,1,0,1,0,0,2/23/2023 23:27,39383
7,5,7,1,224,232,1792,17.75079888,0,0,0,1,1,7/10/2020 7:01,6552
8,4,4,2,234,234,1694,82.12632969,1,1,0,0,0,4/21/2022 8:33,28814
8,6,7,2,235,239,1558,60.75216488,0,1,0,0,0,7/31/2021 8:29,19773
14,5,3,2,220,221,1723,98.48167122,0,0,0,1,0,3/26/2021 14:15,15432
18,6,10,1,225,234,1558,87.0025867,1,0,0,0,1,10/10/2020 18:30,9719
14,6,2,0,217,223,1841,23.99243633,1,1,1,1,0,2/4/2023 14:49,38720
12,1,9,2,227,228,1678,28.93814841,0,0,0,0,0,9/26/2022 12:09,34230
22,6,6,1,234,234,1992,11.75297521,1,0,1,1,1,6/19/2021 22:02,18354
16,1,11,2,231,236,1722,72.85960245,1,1,0,1,1,11/20/2023 16:52,48620
19,6,7,2,215,224,1845,86.57375858,1,0,0,0,0,7/2/2022 19:16,31295
20,6,1,0,220,228,1659,51.89265187,0,1,1,1,0,1/21/2023 20:44,38249
16,7,2,1,223,227,1643,45.99036377,0,0,1,0,1,2/28/2021 16:38,14545
10,3,1,2,226,231,1905,31.46806745,1,1,0,1,0,1/5/2022 10:42,25187
6,4,4,2,226,231,1958,94.44969515,1,1,0,1,0,4/15/2021 6:36,16106
18,3,12,0,223,228,1661,42.74551301,0,1,1,1,0,12/29/2021 18:54,24959
5,5,5,1,237,237,1994,15.310899,0,0,1,1,0,5/12/2023 5:48,42029
23,7,7,0,237,238,1983,36.50581268,1,0,1,1,0,7/11/2021 23:09,19109
17,7,3,1,228,229,1651,99.21984313,0,0,1,1,1,3/6/2022 17:52,27252
13,4,12,0,227,236,1575,55.05669627,1,0,1,1,0,12/1/2022 13:24,36492
15,1,2,0,221,224,1694,46.79505006,1,1,1,0,0,2/10/2020 15:31,1393
15,5,6,0,235,235,1967,43.24515361,1,0,1,0,0,6/19/2020 15:33,5845
20,1,10,1,226,226,1969,94.57593429,0,1,1,0,1,10/16/2023 20:48,47427
12,3,9,0,228,236,1982,41.53972361,1,0,1,0,0,9/29/2021 12:10,21833
19,1,2,0,233,235,1953,90.73825524,1,1,1,1,1,2/7/2022 19:01,26329
21,4,5,0,223,230,1716,32.38114288,1,1,1,0,0,5/6/2021 21:12,16846
14,7,1,2,221,230,1648,73.60186842,0,1,0,0,0,1/9/2022 14:13,25329
0,3,7,2,222,229,1544,90.16842268,0,0,0,1,0,7/5/2023 0:42,43871
15,4,9,0,219,227,1783,96.22924874,1,1,1,1,0,9/7/2023 15:36,46084
3,4,8,1,223,232,1645,36.25251782,1,0,1,1,1,8/6/2020 3:46,7472
12,3,8,2,214,222,1763,44.49125054,0,0,0,0,0,8/30/2023 12:05,45805
11,2,8,1,225,232,1954,69.79979886,0,0,0,1,1,8/1/2023 11:28,44811
12,6,4,2,219,224,1756,86.00014226,1,1,0,0,0,4/1/2023 12:52,40635
7,7,11,0,224,227,1941,11.47466996,1,0,1,1,0,11/21/2021 7:56,23642
3,4,12,0,232,234,1559,92.06462067,1,1,1,0,1,12/15/2022 3:16,36957
15,5,3,1,220,223,1908,96.26244661,1,0,1,0,1,3/10/2023 15:15,39885
14,1,5,2,224,230,1757,96.98225685,0,1,0,0,1,5/3/2021 14:43,16734
3,2,3,1,215,223,1506,87.09572196,0,0,0,0,1,3/14/2023 3:21,40005
20,5,6,1,225,233,1629,87.51646133,0,1,1,1,1,6/12/2020 20:16,5612
4,5,12,1,235,238,1817,49.30651823,0,0,1,1,0,12/11/2020 4:19,11822
10,6,5,2,220,222,1787,82.85708154,1,1,0,0,0,5/27/2023 10:56,42550
3,5,3,2,221,223,1564,93.2032797,0,1,0,0,1,3/12/2021 3:21,14937
12,1,11,1,230,236,1870,74.90928685,1,0,0,0,1,11/9/2020 12:38,10738
21,6,2,1,220,227,1519,84.95535792,0,0,0,1,1,2/1/2020 21:17,1093
0,6,6,0,229,237,1800,87.93864759,1,1,1,0,1,6/4/2022 0:58,30310
13,2,12,1,220,227,1744,21.28638623,0,0,1,1,0,12/15/2020 13:26,11972
7,2,5,0,231,233,1504,54.86333476,1,1,1,0,0,5/2/2023 7:32,41689
5,4,4,1,214,221,1667,92.43443565,1,0,1,0,1,4/27/2023 5:35,41515
5,5,9,2,227,228,1732,59.68945766,1,0,0,1,0,9/15/2023 5:07,46343
4,7,1,2,223,231,1926,51.38701631,0,0,0,0,0,1/16/2022 4:36,25555
2,1,11,1,213,220,1864,56.51748984,0,0,0,0,1,11/9/2020 2:07,10723
17,5,11,0,228,230,1788,26.68034982,0,1,1,0,0,11/27/2020 17:14,11361
5,3,5,1,212,220,1813,60.37494907,0,1,1,1,1,5/31/2023 5:20,42679
11,5,7,1,212,220,1981,71.1550086,0,0,1,0,0,7/10/2020 11:56,6559
15,7,9,2,228,231,1764,95.66806816,0,0,0,0,0,9/12/2021 15:06,21255
21,4,12,2,232,239,1973,52.4178144,1,1,0,1,1,12/31/2020 21:54,12532
2,1,3,0,218,223,1935,62.72037163,0,1,1,1,0,3/27/2023 2:31,40449
11,4,5,2,229,230,1675,28.46123386,0,1,0,0,0,5/19/2022 11:26,29777
23,6,7,2,227,233,1640,83.99399466,1,1,0,0,0,7/30/2022 23:33,32260
18,2,7,2,232,239,1516,41.61205386,1,0,0,0,0,7/5/2022 18:03,31396
5,6,5,2,234,234,1724,59.21189293,0,1,0,0,0,5/20/2023 5:50,42303
22,3,9,0,216,222,1684,52.43838034,0,1,1,1,0,9/8/2021 22:05,21128
12,6,1,1,231,235,1925,26.31660199,0,1,1,0,1,1/30/2021 12:31,13546
14,1,11,1,222,222,1843,70.05034439,0,1,1,0,1,11/29/2021 14:16,23925
22,4,9,1,222,223,1822,52.6178553,0,0,1,0,1,9/8/2022 22:58,33629
13,7,7,1,214,223,1988,52.08840878,0,0,1,1,0,7/19/2020 13:53,6870
19,6,5,2,237,237,1995,26.16860351,0,1,0,0,0,5/20/2023 19:08,42322
17,3,2,2,217,226,1548,73.50593323,0,0,0,0,0,2/26/2020 17:40,1944
19,2,2,0,211,220,1519,50.24394714,1,1,1,0,1,2/14/2023 19:24,39069
5,1,9,2,223,225,1530,96.26805343,0,0,0,1,0,9/21/2020 5:39,9050
1,4,4,0,214,223,1896,30.56406973,1,1,1,1,1,4/8/2021 1:30,15859
19,1,8,1,219,223,1719,99.67040435,1,0,1,0,1,8/3/2020 19:42,7392
14,7,5,0,225,232,1535,57.54206834,1,0,1,0,0,5/2/2021 14:53,16700
4,5,7,1,216,220,1670,26.94811165,1,0,0,1,1,7/1/2022 4:01,31239
15,5,3,0,227,229,1883,37.17689701,1,0,1,1,0,3/26/2021 15:39,15434
14,6,3,1,224,227,1876,97.12200276,1,0,0,1,1,3/28/2020 14:26,3001
20,3,11,1,225,229,1782,97.87146422,0,0,1,1,0,11/30/2022 20:35,36468
23,3,10,1,230,232,1938,60.84392366,1,0,1,0,1,10/5/2022 23:13,34554
22,3,6,2,219,226,1635,22.28143934,1,0,0,0,0,6/3/2020 22:31,5307
12,7,2,0,234,236,1910,10.60927134,1,0,1,1,0,2/12/2023 12:44,38991
15,6,3,1,229,234,1809,51.01240128,1,0,0,1,1,3/28/2020 15:08,3002
12,3,4,1,224,230,1768,81.24960782,0,0,1,1,0,4/7/2021 12:11,15840
17,2,5,0,216,224,1942,31.36435728,1,1,1,0,1,5/2/2023 17:20,41703
4,4,9,0,227,236,1829,45.83049131,1,1,1,1,0,9/10/2020 4:03,8671
14,3,1,2,221,227,1804,22.91201017,0,1,0,1,1,1/6/2021 14:33,12727
3,7,3,1,219,228,1651,36.52544196,0,0,0,0,1,3/21/2021 3:54,15246
10,7,1,0,224,224,1710,33.49388633,1,0,1,1,0,1/31/2021 10:57,13578
2,3,8,2,225,229,1948,61.87161148,1,1,0,1,0,8/3/2022 2:32,32367
12,1,11,0,218,224,1958,69.00672633,1,1,1,1,1,11/8/2021 12:59,23204
10,5,7,1,226,227,1934,77.77228193,0,0,1,0,0,7/24/2020 10:13,7036
20,1,12,2,229,233,1643,19.99192372,0,1,0,0,1,12/14/2020 20:37,11948
21,5,10,0,231,234,1869,33.55508048,1,0,1,1,0,10/21/2022 21:10,35099
0,4,3,1,232,233,1715,60.00428712,0,0,1,1,1,3/25/2021 0:25,15378
18,7,6,2,218,221,1603,50.56949163,0,0,0,1,0,6/19/2022 18:00,30848
15,7,5,0,221,227,1880,45.0864358,1,0,1,1,0,5/23/2021 15:28,17420
12,1,11,1,225,225,1785,91.42949161,0,0,0,0,1,11/6/2023 12:58,48135
21,4,4,1,223,230,1660,87.06974687,0,0,0,0,1,4/13/2023 21:19,41058
8,3,9,0,215,222,1744,49.4988892,0,1,1,1,0,9/16/2020 8:37,8883
11,2,5,2,230,234,1501,56.16322416,0,1,0,0,0,5/12/2020 11:35,4538
9,1,1,0,217,223,1839,68.28251974,1,1,1,0,0,1/4/2021 9:59,12652
0,6,9,1,234,237,1581,33.43507637,0,0,1,0,1,9/25/2021 0:14,21679
12,3,10,1,228,232,1675,68.33987749,1,0,0,0,1,10/26/2022 12:35,35258
15,4,2,0,225,227,1939,62.54412957,0,1,1,0,0,2/24/2022 15:24,26906
11,4,2,1,228,233,1578,66.07889042,0,0,0,1,1,2/25/2021 11:32,14435
20,1,2,2,225,228,1632,86.04601411,0,1,0,1,1,2/21/2022 20:07,26810
21,7,1,1,227,230,1804,40.01125328,1,0,1,0,1,1/24/2021 21:16,13353
17,4,1,0,224,225,1757,40.19945612,0,1,1,1,0,1/7/2021 17:53,12766
17,1,11,2,219,220,1570,96.4313051,1,1,0,1,1,11/13/2023 17:22,48381
14,5,8,1,220,227,1856,96.55887382,0,0,0,0,1,8/6/2021 14:28,19987
5,4,10,0,229,235,1939,84.50997931,1,0,1,0,0,10/29/2020 5:25,10351
15,7,9,2,229,229,1845,99.78119271,1,1,0,0,0,9/11/2022 15:26,33721
15,6,12,0,216,224,1645,18.94411154,1,0,1,0,0,12/17/2022 15:33,37043
20,2,2,1,224,230,1580,73.28602232,0,0,0,1,1,2/8/2022 20:15,26365
17,4,10,1,227,233,1610,93.62988434,0,0,0,1,1,10/28/2021 17:41,22834
3,5,8,1,228,229,1508,41.44642924,0,1,1,1,1,8/26/2022 3:29,33156
16,5,5,1,230,230,1814,35.98438814,0,0,1,1,1,5/6/2022 16:28,29339
1,6,2,0,230,231,1665,91.82328828,1,0,1,1,0,2/15/2020 1:21,1544
23,6,5,1,236,237,1731,33.82593045,0,0,1,0,1,5/6/2023 23:39,41849
2,3,12,1,217,226,1892,60.98557638,0,0,0,0,1,12/29/2021 2:47,24936
2,2,6,2,226,226,1614,35.77979504,0,1,0,0,0,6/9/2020 2:33,5484
21,5,6,1,229,238,1722,25.83506329,0,0,1,0,1,6/17/2022 21:09,30784
22,2,3,2,237,237,1899,15.99478956,0,1,0,1,1,3/16/2021 22:59,15102
6,4,12,1,225,231,1751,56.56364751,1,0,0,0,1,12/24/2020 6:17,12270
6,5,8,2,236,237,1917,51.83814334,0,0,0,0,0,8/12/2022 6:36,32681
1,7,2,1,237,239,1974,69.5109465,0,0,1,1,0,2/19/2023 1:43,39215
10,5,10,1,224,227,1865,92.13839604,1,0,1,0,1,10/13/2023 10:06,47309
22,1,5,2,217,224,1938,16.6852569,1,1,0,0,0,5/2/2022 22:04,29210
22,5,10,2,225,229,1944,70.01125249,0,1,0,0,1,10/30/2020 22:04,10409
11,4,3,0,219,224,1783,20.33161175,1,1,1,0,0,3/5/2020 11:23,2209
21,5,10,1,216,220,1625,43.65546983,1,0,0,1,1,10/6/2023 21:07,47085
20,3,9,0,230,233,1524,24.30105963,1,1,1,0,0,9/15/2021 20:53,21366
10,3,1,2,226,226,1775,73.56203009,1,0,0,1,0,1/27/2021 10:14,13440
17,5,6,1,221,230,1872,59.07519604,1,0,0,1,1,6/12/2020 17:27,5608
21,5,2,2,233,233,1893,85.56587343,1,1,0,1,0,2/3/2023 21:17,38695
13,1,3,2,231,231,1686,84.36950661,0,1,0,0,0,3/14/2022 13:42,27520
4,2,4,0,233,235,1728,98.76999576,1,1,1,0,1,4/20/2021 4:20,16274
22,3,5,1,230,238,1661,52.52924152,1,0,0,1,1,5/5/2021 22:47,16814
16,2,5,0,235,236,1510,90.17718754,1,0,1,1,0,5/24/2022 16:10,29955
13,3,5,1,224,228,1562,61.07634228,0,0,1,0,0,5/6/2020 13:19,4335
10,5,9,0,220,228,1831,92.48598011,0,1,1,1,0,9/3/2021 10:20,20940
14,4,9,1,219,221,1969,66.46531485,0,1,1,0,1,9/24/2020 14:15,9165
12,3,9,1,219,228,1877,20.9906679,0,1,1,0,1,9/22/2021 12:40,21594
1,3,9,2,223,230,1527,12.98200173,1,1,0,1,1,9/2/2020 1:55,8394
19,7,5,2,236,238,1513,83.6458085,0,0,0,1,0,5/17/2020 19:50,4721
4,3,7,2,220,221,1884,18.89538321,0,0,0,1,0,7/13/2022 4:03,31650
19,4,9,2,228,231,1981,49.63053422,1,0,0,1,0,9/28/2023 19:42,46809
1,1,6,0,216,223,1629,82.0101481,0,1,1,0,0,6/14/2021 1:52,18154
10,3,9,2,228,233,1658,64.6718271,1,0,0,1,0,9/23/2020 10:13,9125
20,4,3,0,228,234,1806,58.64125831,1,1,1,0,0,3/23/2023 20:44,40338
8,2,5,1,228,233,1992,18.41893836,0,0,1,1,1,5/25/2021 8:49,17479
17,7,9,2,231,234,1739,59.30052748,1,1,0,0,1,9/24/2023 17:35,46669
20,4,6,1,227,232,1659,57.32842867,0,0,0,0,1,6/4/2020 20:14,5338
17,1,6,1,220,224,1793,61.34879836,0,0,0,0,1,6/1/2020 17:15,5231
2,4,8,2,227,228,1633,85.23601551,0,1,0,0,0,8/27/2020 2:57,8190
4,6,8,0,230,232,1648,60.77422938,1,1,1,1,1,8/26/2023 4:21,45657
14,4,7,1,221,222,1776,63.34331681,0,0,1,1,1,7/6/2023 14:33,43925
22,4,4,0,233,235,1756,60.99900085,1,0,1,0,0,4/22/2021 22:55,16369
4,6,7,2,220,221,1636,42.05082712,1,1,0,0,1,7/8/2023 4:23,43979
7,5,5,0,219,227,1618,44.32731509,1,1,1,1,1,5/20/2022 7:03,29805
18,3,2,2,223,223,1573,82.10209504,1,1,0,0,0,2/17/2021 18:32,14171
5,3,8,1,234,238,1528,79.49981173,0,0,1,1,1,8/5/2020 5:21,7440
14,4,6,0,231,234,1841,45.70298317,1,0,1,1,0,6/1/2023 14:58,42727
19,3,6,0,223,229,1668,18.63395797,1,1,1,0,0,6/14/2023 19:02,43178
7,2,1,0,226,230,1542,52.63029986,1,1,1,0,0,1/12/2021 7:55,12923
11,5,3,2,217,220,1637,81.02590225,1,0,0,1,0,3/18/2022 11:36,27654
7,3,11,1,226,235,1767,91.94414121,0,0,1,0,0,11/30/2022 7:58,36450
7,4,5,1,225,225,1556,38.80766452,0,1,1,1,1,5/13/2021 7:23,17066
2,6,1,2,230,233,1557,40.54413204,1,0,0,0,0,1/21/2023 2:30,38223
20,7,6,2,225,226,1865,47.01109261,1,0,0,0,0,6/21/2020 20:07,5920
21,2,1,2,228,229,1857,53.28826663,0,0,0,1,0,1/19/2021 21:25,13182
15,5,5,1,224,229,1718,72.84173168,0,0,0,1,1,5/22/2020 15:28,4886
3,3,8,2,235,238,1590,17.27566472,0,0,0,0,0,8/17/2022 3:38,32848
1,7,8,2,221,222,1664,16.03770714,1,0,0,0,0,8/7/2022 1:09,32502
21,1,11,2,232,233,1506,69.97661721,0,1,0,0,0,11/29/2021 21:59,23936
14,2,6,0,227,234,1927,62.52470788,1,0,1,1,0,6/2/2020 14:16,5261
7,4,9,0,227,228,1607,88.75341584,1,1,1,0,1,9/7/2023 7:54,46073
19,2,1,2,226,229,1745,20.48410792,1,1,0,1,0,1/7/2020 19:59,235
2,2,10,2,222,223,1684,88.98401561,0,1,0,0,0,10/27/2020 2:57,10279
15,1,9,0,219,221,1873,65.62098243,1,1,1,1,1,9/7/2020 15:05,8584
7,5,4,2,224,232,1527,38.42267722,1,1,0,1,0,4/16/2021 7:08,16141
3,5,9,2,228,233,1576,32.0566022,1,1,0,1,1,9/24/2021 3:13,21649
18,7,10,1,222,225,1595,24.81415027,1,0,0,1,1,10/17/2021 18:52,22459
16,3,8,2,222,228,1606,53.07103218,1,1,0,0,1,8/23/2023 16:47,45572
0,5,10,1,220,227,1597,71.62973508,1,0,0,1,1,10/8/2021 0:06,22124
21,5,3,2,227,227,1997,87.42444031,0,1,0,1,0,3/17/2023 21:04,40133
5,5,3,2,217,226,1520,25.62122833,1,1,0,1,0,3/12/2021 5:27,14940
5,1,3,1,228,234,1983,74.46608734,0,0,1,0,0,3/27/2023 5:19,40453
15,4,9,2,233,236,1896,53.0855956,0,1,0,0,0,9/14/2023 15:48,46324
1,2,7,0,236,238,1918,53.98884669,1,1,1,0,1,7/20/2021 1:58,19387
7,3,8,0,221,226,1511,18.64074037,0,1,1,0,0,8/17/2022 7:08,32853
8,3,8,1,220,222,1541,14.42481023,0,0,1,0,0,8/5/2020 8:09,7444
17,2,1,1,236,236,1962,18.03884897,1,0,0,0,1,1/31/2023 17:36,38587
15,2,6,1,220,223,1926,66.13238872,0,0,1,1,1,6/9/2020 15:52,5503
10,4,7,2,225,234,1804,69.08483656,0,1,0,1,1,7/22/2021 10:02,19467
15,5,6,2,229,232,1706,98.31520723,0,1,0,1,0,6/26/2020 15:45,6085
21,6,10,0,229,231,1899,70.14896443,1,1,1,0,0,10/15/2022 21:30,34894
20,3,3,0,230,238,1827,80.44189035,0,1,1,0,0,3/15/2023 20:42,40064
17,1,5,1,223,227,1677,51.33608333,1,0,0,1,1,5/10/2021 17:43,16978
6,7,5,2,221,227,1850,47.95160064,0,0,0,1,0,5/14/2023 6:52,42099
23,4,6,0,218,223,1645,49.72648436,1,1,1,0,1,6/18/2020 23:26,5822
6,1,8,1,225,229,1928,18.82285574,0,1,1,0,1,8/24/2020 6:59,8093
18,6,7,2,232,232,1950,88.26590969,0,0,0,0,0,7/18/2020 18:58,6843
9,3,9,1,226,227,1979,56.98135469,1,0,1,1,1,9/21/2022 9:31,34055
14,6,2,0,225,230,1533,49.70250157,0,1,1,0,0,2/6/2021 14:07,13788
3,6,10,1,238,238,1817,48.62929559,0,1,1,0,1,10/9/2021 3:26,22163
4,2,1,0,220,227,1996,94.93650833,1,0,1,0,0,1/14/2020 4:04,452
22,7,9,1,228,237,1558,99.71957975,1,0,0,1,1,9/26/2021 22:29,21745
10,2,1,0,232,233,1556,49.72173951,1,0,1,0,0,1/10/2023 10:42,37858
6,5,4,1,225,227,1603,11.68058188,0,0,0,0,1,4/24/2020 6:59,3915
3,7,8,2,237,239,1568,65.73161447,0,1,0,1,1,8/14/2022 3:27,32745
0,3,2,1,231,235,1844,95.79388249,1,0,0,0,1,2/2/2022 0:58,26132
21,4,3,2,228,234,1969,58.66258939,1,1,0,1,1,3/9/2023 21:02,39859
4,3,8,2,233,236,1707,44.76301871,0,1,0,0,1,8/24/2022 4:32,33089
9,2,9,2,232,238,1827,94.87839736,1,1,0,0,1,9/20/2022 9:41,34021
11,3,10,2,230,232,1839,94.29565877,1,1,0,0,0,10/26/2022 11:11,35256
16,3,3,1,238,238,1558,85.12456758,0,1,1,0,1,3/11/2020 16:40,2422
12,1,1,0,226,227,1855,63.61781713,1,1,1,1,1,1/27/2020 12:20,909
1,2,1,2,229,230,1941,74.27543172,0,1,0,0,0,1/3/2023 1:24,37605
5,6,6,1,230,239,1628,63.26269718,1,0,0,1,1,6/10/2023 5:01,43021
21,4,1,2,228,229,1632,75.78791423,1,1,0,1,0,1/30/2020 21:38,1025
15,5,3,0,236,238,1784,72.7681901,1,0,1,1,0,3/5/2021 15:04,14714
10,6,12,1,218,225,1881,93.26725911,1,0,1,0,1,12/31/2022 10:20,37515
14,7,6,2,211,220,1688,35.890258,0,1,0,1,1,6/5/2022 14:06,30363
2,5,6,2,220,228,1572,34.83885209,1,1,0,0,1,6/25/2021 2:47,18532
21,2,9,1,229,234,1709,21.06650095,0,1,1,0,1,9/27/2022 21:06,34277
18,6,5,0,224,226,1722,60.50104088,1,1,1,1,0,5/8/2021 18:45,16911
0,7,12,1,220,222,1759,26.02959309,1,0,1,1,1,12/6/2020 0:58,11646
21,7,2,0,220,228,1748,54.58350332,1,1,1,0,1,2/14/2021 21:51,14073
3,7,7,2,222,227,1608,83.64397982,1,1,0,1,0,7/30/2023 3:24,44731
8,4,9,1,225,226,1903,22.45195679,0,0,1,1,1,9/10/2020 8:15,8677
2,6,6,1,228,231,1975,80.75429525,0,0,0,0,1,6/12/2021 2:13,18086
15,5,7,1,231,236,1903,50.71559625,1,0,0,1,1,7/3/2020 15:56,6325
2,2,4,0,236,237,1984,38.10876196,1,0,1,0,0,4/26/2022 2:05,28976
11,7,8,0,226,229,1573,97.81873555,0,1,1,1,0,8/21/2022 11:21,32996
17,2,1,0,230,232,1832,71.19314668,1,1,1,1,0,1/4/2022 17:10,25162
16,5,4,1,212,221,1989,83.93456556,0,1,1,1,1,4/2/2021 16:33,15675
3,4,4,2,234,239,1707,22.8257273,1,1,0,1,0,4/6/2023 3:36,40793
4,5,5,2,220,222,1612,58.35345163,1,0,0,0,0,5/26/2023 4:05,42506
1,2,4,2,217,222,1844,73.58797295,1,0,0,0,0,4/14/2020 1:00,3564
12,6,4,1,230,235,1724,48.01860557,1,0,1,0,1,4/24/2021 12:46,16423
0,7,4,0,222,230,1877,80.20976333,1,1,1,0,1,4/3/2022 0:26,28186
13,1,12,1,220,221,1795,74.24467943,0,0,0,1,1,12/6/2021 13:04,24163
2,7,12,2,228,229,1989,99.8615453,1,1,0,1,0,12/27/2020 2:15,12367
13,3,11,1,231,234,1944,68.77852947,0,0,1,1,0,11/4/2020 13:30,10568
12,4,8,1,219,227,1668,70.07337826,1,0,1,0,1,8/5/2021 12:32,19950
8,3,4,1,229,234,1522,87.58059326,0,0,1,0,1,4/20/2022 8:43,28780
17,7,8,2,229,235,1934,50.19012924,0,1,0,0,0,8/6/2023 17:37,44991
7,2,11,0,224,225,1863,66.54782559,1,1,1,0,1,11/15/2022 7:03,35935
11,3,4,0,212,220,1983,38.72924975,0,1,1,0,0,4/12/2023 11:40,41010
8,3,4,0,230,239,1673,59.62477325,1,0,1,0,0,4/5/2023 8:41,40766
19,6,9,0,224,225,1617,90.50618583,1,1,1,1,1,9/10/2022 19:49,33693
13,6,3,1,235,236,1594,25.41917118,0,0,1,1,1,3/13/2021 13:41,14986
21,3,5,2,216,222,1806,35.57140707,0,0,0,1,0,5/27/2020 21:37,5066
9,3,11,0,224,224,1952,38.74195877,0,1,1,0,0,11/16/2022 9:40,35973
8,7,11,2,223,228,1637,37.50109004,1,1,0,1,0,11/20/2022 8:59,36109
23,3,10,0,230,231,1905,96.81095011,1,1,1,0,1,10/20/2021 23:58,22569
22,4,2,2,236,236,1798,34.40250591,0,1,0,0,1,2/10/2022 22:43,26437
3,7,5,1,234,238,1747,17.22418502,0,0,1,1,1,5/3/2020 3:19,4218
20,5,12,2,234,238,1773,89.99559148,1,1,0,1,1,12/23/2022 20:49,37256
11,5,8,2,220,221,1741,55.14556743,1,1,0,1,1,8/19/2022 11:42,32928
10,5,3,2,219,220,1883,95.90640926,1,1,0,1,0,3/31/2023 10:14,40597
1,7,1,2,229,235,1920,10.36718191,0,1,0,0,0,1/16/2022 1:47,25551
6,1,6,2,228,228,1966,99.44241358,1,1,0,1,0,6/5/2023 6:34,42852
6,7,6,1,225,233,1657,67.07695159,1,0,1,0,1,6/11/2023 6:56,43058
18,5,3,2,229,236,1600,51.66768087,1,1,0,1,0,3/6/2020 18:13,2253
11,3,1,1,238,239,1990,20.5859893,0,1,1,1,1,1/4/2023 11:02,37653
5,6,5,0,226,227,1912,57.83333708,1,0,1,0,0,5/30/2020 5:41,5146
11,5,10,2,214,221,1770,21.51951602,1,1,0,1,0,10/14/2022 11:51,34846
22,5,2,1,227,233,1803,91.18647322,1,0,0,0,1,2/18/2022 22:02,26710
18,3,4,2,223,229,1882,86.26672218,1,1,0,1,1,4/22/2020 18:32,3863
9,1,4,2,222,226,1952,76.43552603,1,0,0,1,0,4/6/2020 9:23,3302
9,1,8,1,213,222,1707,39.71295022,1,0,0,0,1,8/21/2023 9:25,45493
14,5,4,2,220,224,1591,18.01730718,1,0,0,0,0,4/2/2021 14:27,15672
17,5,3,1,229,235,1541,43.04325886,0,0,1,0,1,3/4/2022 17:31,27183
21,2,7,2,221,224,1898,99.9601274,1,1,0,1,1,7/20/2021 21:36,19415
12,1,6,0,224,224,1677,30.61135128,1,0,1,0,0,6/20/2022 12:13,30874
20,1,2,2,231,236,1883,38.6647873,0,1,0,1,1,2/27/2023 20:39,39516
16,1,7,1,215,222,1697,90.82507564,0,1,1,1,1,7/27/2020 16:43,7148
5,2,4,0,232,234,1667,45.29496326,0,1,1,0,0,4/20/2021 5:44,16276
17,2,10,0,225,226,1863,42.81823985,1,1,1,0,1,10/18/2022 17:28,34991
9,7,12,1,218,227,1608,10.57134601,1,0,1,1,1,12/27/2020 9:58,12378
3,6,5,2,219,228,1722,21.93853072,1,1,0,0,0,5/22/2021 3:02,17368
17,7,10,1,228,237,1732,40.57706573,1,0,1,1,1,10/10/2021 17:59,22218
12,5,5,1,220,222,1760,23.37808416,0,0,1,1,0,5/15/2020 12:28,4642
16,1,8,1,214,220,1786,51.73749478,1,0,0,0,1,8/24/2020 16:05,8106
18,5,9,2,219,220,1979,23.37063046,0,1,0,1,0,9/10/2021 18:56,21192
17,6,3,2,217,226,1917,68.4429115,0,0,0,1,0,3/19/2022 17:02,27696
12,4,1,0,230,238,1958,87.53329599,1,1,1,1,0,1/5/2023 12:16,37689
11,5,7,1,219,224,1790,20.23541687,0,1,1,0,1,7/15/2022 11:25,31729
9,7,5,2,229,234,1914,29.31990895,1,1,0,1,1,5/17/2020 9:19,4706
0,2,4,0,228,231,1509,58.04789062,0,1,1,0,0,4/27/2021 0:20,16508
21,6,6,1,219,220,1567,81.48721483,0,0,1,0,0,6/25/2022 21:10,31058
22,2,1,1,213,221,1798,17.42420444,1,0,0,0,1,1/19/2021 22:07,13183
11,6,10,0,235,239,1573,65.711788,1,0,1,0,0,10/9/2021 11:08,22174
17,1,4,0,225,229,1795,40.48215945,1,1,1,1,0,4/17/2023 17:49,41190
8,5,11,1,220,224,1577,17.68757818,0,1,1,1,1,11/5/2021 8:35,23095
0,5,11,1,223,230,1589,89.81937199,0,0,1,1,0,11/10/2023 0:22,48254
13,7,1,2,229,230,1556,45.03767282,1,1,0,0,0,1/30/2022 13:24,26047
12,2,3,0,230,235,1702,76.23578962,1,0,1,0,0,3/3/2020 12:26,2142
14,6,9,0,230,237,1529,77.02304412,1,0,1,1,0,9/5/2020 14:43,8515
5,1,7,2,226,227,1651,11.71291877,0,0,0,1,0,7/3/2023 5:57,43810
13,7,2,0,213,221,1548,53.09431098,1,1,1,0,1,2/28/2021 13:08,14540
22,7,4,0,234,238,1938,86.08969243,1,0,1,1,0,4/4/2021 22:31,15752
17,3,2,2,215,222,1785,46.89466604,1,1,0,1,1,2/8/2023 17:37,38861
23,5,5,1,211,220,1629,24.8698934,1,0,1,0,1,5/28/2021 23:01,17602
22,1,2,1,224,231,1960,87.28692553,0,0,1,1,1,2/24/2020 22:55,1883
18,5,9,1,230,237,1502,48.58081721,0,0,1,1,1,9/25/2020 18:59,9206
4,5,8,0,220,229,1669,91.40149005,1,1,1,0,0,8/25/2023 4:32,45623
8,1,4,2,230,231,1963,77.39543006,1,1,0,0,0,4/13/2020 8:10,3540
2,2,1,0,222,224,1678,29.04469635,1,1,1,0,1,1/3/2023 2:06,37606
9,5,8,1,217,220,1790,83.84088705,0,1,1,1,1,8/25/2023 9:26,45630
0,1,8,1,225,228,1709,26.11099435,0,1,1,1,1,8/16/2021 0:49,20310
23,7,10,0,233,238,1952,53.1560627,0,1,1,1,0,10/24/2021 23:16,22705
8,2,1,0,227,233,1863,40.56265559,1,1,1,0,1,1/17/2023 8:06,38094
10,7,12,0,220,223,1609,98.93785935,0,1,1,0,0,12/19/2021 10:07,24604
19,4,1,2,219,228,1999,45.24500687,0,1,0,0,0,1/26/2023 19:10,38418
16,1,6,1,217,224,1836,45.2763547,0,0,0,1,1,6/21/2021 16:47,18415
18,1,12,2,233,235,1579,45.20861834,0,1,0,1,0,12/26/2022 18:12,37355
5,5,9,2,220,220,1708,70.81688957,0,1,0,1,0,9/30/2022 5:09,34357
20,7,4,2,227,232,1637,97.27954271,1,1,0,1,1,4/9/2023 20:36,40920
20,3,6,0,220,229,1845,11.26011895,1,1,1,1,0,6/22/2022 20:59,30955
0,6,9,0,221,224,1544,43.62118916,0,1,1,0,0,9/23/2023 0:56,46611
22,4,3,2,229,233,1665,31.50065804,1,1,0,1,0,3/25/2021 22:08,15409
23,6,1,2,218,222,1611,50.98942825,0,1,0,0,0,1/15/2022 23:41,25548
21,7,12,2,216,221,1985,95.73171222,1,0,0,0,0,12/18/2022 21:41,37086
12,7,3,2,235,239,1706,61.82135143,1,0,0,1,0,3/22/2020 12:40,2793
21,4,1,2,225,234,1879,39.7156248,0,0,0,0,0,1/13/2022 21:14,25476
14,3,3,2,219,226,1701,81.20035848,0,1,0,1,0,3/9/2022 14:33,27350
2,2,1,1,216,224,1563,99.47564552,0,0,1,0,1,1/12/2021 2:18,12915
19,4,4,0,222,224,1537,57.89272369,1,0,1,0,0,4/20/2023 19:24,41295
0,5,3,1,238,239,1770,86.13276434,1,0,0,1,1,3/17/2023 0:02,40103
3,7,6,1,215,223,1716,29.98381647,0,0,0,0,1,6/19/2022 3:59,30828
3,1,8,0,234,234,1730,70.20696857,1,0,1,1,0,8/21/2023 3:07,45484
8,7,11,0,227,233,1573,86.80392687,1,1,1,0,0,11/29/2020 8:29,11417
10,1,12,0,218,221,1664,48.39725061,1,1,1,1,1,12/20/2021 10:39,24639
3,5,10,2,223,226,1705,73.70076231,0,1,0,0,0,10/23/2020 3:39,10143
2,3,12,0,229,233,1700,52.46369062,0,1,1,0,0,12/2/2020 2:22,11511
20,3,5,2,229,235,1735,74.06697426,1,0,0,0,0,5/19/2021 20:22,17290
18,1,4,2,237,237,1868,69.00674339,1,1,0,1,1,4/5/2021 18:50,15781
5,4,12,1,226,226,1961,99.6050644,0,0,1,0,1,12/31/2020 5:46,12509
16,3,5,2,218,227,1825,71.21400027,0,1,0,1,1,5/3/2023 16:28,41736
13,1,6,1,222,231,1627,88.24057013,0,0,1,1,0,6/12/2023 13:05,43101
19,6,7,0,226,227,1506,47.35007628,1,0,1,1,0,7/23/2022 19:51,32015
12,7,12,1,216,224,1952,70.78360423,0,0,1,1,0,12/12/2021 12:44,24368
7,5,9,1,233,238,1606,20.68656502,0,1,1,0,1,9/11/2020 7:23,8710
10,7,10,0,211,220,1563,84.76431864,1,1,1,0,0,10/16/2022 10:07,34912
17,2,11,2,228,235,1650,38.91710872,0,1,0,1,1,11/22/2022 17:03,36189
17,3,2,1,225,225,1509,78.30467296,0,0,1,0,1,2/16/2022 17:28,26635
5,1,8,2,230,234,1788,42.41368995,0,1,0,1,0,8/29/2022 5:04,33261
5,3,7,2,223,226,1678,52.67428683,1,1,0,1,0,7/1/2020 5:46,6242
22,6,7,1,234,235,1746,80.89430376,1,0,0,1,1,7/16/2022 22:28,31779
4,6,8,2,221,223,1833,78.73106317,0,0,0,0,0,8/8/2020 4:08,7541
7,2,1,2,237,237,1607,99.81865839,0,0,0,0,0,1/12/2021 7:13,12922
12,3,11,2,219,226,1998,36.39971018,0,1,0,1,0,11/24/2021 12:19,23751
4,1,3,0,218,224,1640,20.51524312,1,0,1,1,0,3/30/2020 4:59,3056
13,7,3,1,221,229,1904,12.51704432,0,0,1,0,1,3/15/2020 13:10,2554
3,6,5,1,213,222,1962,55.6843111,0,0,1,0,0,5/1/2021 3:51,16650
16,4,1,2,216,220,1961,45.87982016,0,0,0,1,0,1/27/2022 16:01,25948
21,5,4,1,229,231,1883,33.21701019,1,0,0,0,1,4/14/2023 21:50,41093
17,3,10,2,234,234,1601,29.89553367,0,1,0,0,0,10/27/2021 17:09,22799
15,4,3,0,221,228,1548,80.22225306,1,1,1,0,0,3/30/2023 15:19,40570
14,3,4,2,216,225,1764,25.67025054,0,1,0,1,1,4/20/2022 14:19,28788
16,5,3,2,233,236,1527,47.88277602,1,1,0,1,1,3/6/2020 16:49,2251
21,4,7,1,225,233,1869,99.63568148,0,1,1,1,1,7/15/2021 21:45,19244
19,1,5,1,221,226,1581,37.56431604,0,0,1,1,0,5/10/2021 19:49,16981
1,1,1,0,225,228,1591,58.19143468,0,1,1,0,0,1/18/2021 1:58,13120
10,4,2,1,224,233,1686,73.8631008,1,0,0,1,1,2/27/2020 10:30,1968
23,4,10,1,220,226,1577,24.06498517,0,0,1,0,0,10/15/2020 23:57,9898
13,2,9,0,230,235,1552,57.78979559,1,0,1,1,0,9/19/2023 13:32,46492
14,7,8,1,225,228,1886,78.54487369,1,0,1,0,1,8/28/2022 14:21,33240
15,1,2,1,219,221,1787,69.54221798,0,0,0,0,1,2/14/2022 15:01,26563
3,4,3,1,219,222,1784,45.40578596,1,0,0,1,1,3/25/2021 3:55,15383
13,1,4,0,235,238,1855,63.13895506,1,1,1,0,0,4/25/2022 13:28,28958
13,1,10,1,227,231,1566,64.64879034,0,0,0,1,1,10/5/2020 13:45,9541
6,6,3,2,219,227,1889,25.93936183,0,1,0,1,1,3/13/2021 6:41,14976
6,7,8,1,224,229,1545,28.22029183,0,1,1,1,1,8/22/2021 6:06,20523
3,6,7,1,237,239,1654,30.35629851,0,0,0,0,1,7/16/2022 3:32,31752
12,6,2,2,213,220,1655,81.18477606,1,1,0,1,1,2/29/2020 12:15,2039
23,1,4,1,233,238,1782,98.16080582,0,1,1,0,1,4/27/2020 23:59,4042
15,1,1,2,233,234,1530,97.1442732,1,1,0,0,0,1/13/2020 15:27,434
4,4,9,1,232,234,1627,61.00084143,0,0,1,1,1,9/15/2022 4:56,33843
0,1,2,1,229,237,1599,16.23979908,1,0,0,0,1,2/7/2022 0:06,26302
16,6,5,2,229,237,1866,95.25110061,0,0,0,0,0,5/8/2021 16:39,16908
13,3,8,0,234,235,1996,75.17238417,1,0,1,0,0,8/17/2022 13:26,32862
10,1,9,1,231,234,1962,27.66629346,1,0,1,0,1,9/26/2022 10:03,34227
3,5,5,0,222,228,1594,32.7772328,0,1,1,1,0,5/8/2020 3:10,4389
9,1,1,2,233,233,1711,54.92985746,0,0,0,1,0,1/16/2023 9:40,38062
6,4,6,2,228,235,1554,17.19505487,0,1,0,1,0,6/23/2022 6:06,30968
22,6,8,1,219,227,1679,68.34943409,1,0,0,0,1,8/12/2023 22:11,45203
13,1,7,1,217,220,1942,61.77096014,1,0,1,1,1,7/27/2020 13:54,7144
23,7,5,2,225,229,1838,68.32589626,0,1,0,0,0,5/14/2023 23:41,42123
11,7,6,1,224,232,1565,43.37524186,1,0,0,0,1,6/12/2022 11:30,30599
2,7,4,1,229,234,1802,53.50094521,0,0,0,0,1,4/16/2023 2:34,41134
11,6,11,0,216,225,1693,62.29843145,0,1,1,0,0,11/4/2023 11:55,48065
6,6,2,1,232,235,1927,19.49686641,1,0,0,1,1,2/8/2020 6:03,1311
17,3,4,2,232,233,1920,26.89988817,0,1,0,1,0,4/22/2020 17:08,3861
22,1,1,1,230,233,1955,58.15432222,0,0,0,0,1,1/13/2020 22:27,444
22,1,10,1,232,239,1620,50.0941124,0,1,1,0,1,10/23/2023 22:24,47669
20,6,8,2,233,237,1511,70.65864923,0,0,0,0,0,8/29/2020 20:08,8283
6,6,8,0,226,234,1936,93.83601383,1,1,1,0,0,8/15/2020 6:26,7784
8,6,8,1,236,237,1923,66.87889576,0,0,1,0,0,8/1/2020 8:50,7308
20,7,9,0,221,230,1714,71.36023325,1,1,1,1,0,9/24/2023 20:23,46673
19,6,7,1,217,222,1628,86.04933388,0,0,1,1,1,7/10/2021 19:07,19069
12,1,5,2,236,237,1850,35.43051549,1,1,0,0,0,5/25/2020 12:51,4985
19,3,5,1,219,225,1579,77.01484363,1,0,0,0,1,5/3/2023 19:16,41740
17,3,1,1,228,233,1683,29.42344672,1,0,0,0,1,1/20/2021 17:45,13211
13,1,7,1,211,220,1546,39.64715415,1,0,0,0,1,7/17/2023 13:21,44300
23,1,6,1,230,235,1714,59.19656355,0,0,1,0,0,6/14/2021 23:36,18185
21,3,8,2,233,233,1830,66.632054,0,1,0,1,1,8/30/2023 21:11,45818
12,7,4,0,234,237,1908,35.20703087,1,0,1,0,0,4/4/2021 12:00,15737
0,3,10,2,220,228,1876,44.00289908,1,1,0,0,1,10/7/2020 0:06,9590
16,4,8,2,220,221,1747,33.67089991,1,0,0,0,0,8/25/2022 16:16,33140
17,2,4,1,223,232,1802,82.33977829,1,0,0,1,1,4/25/2023 17:09,41463
2,6,3,2,226,233,1593,42.85213373,1,0,0,1,0,3/7/2020 2:38,2265
18,1,2,1,222,222,1759,62.14371707,0,0,1,1,0,2/8/2021 18:41,13863
0,1,12,1,231,238,1673,40.38692796,0,0,1,0,0,12/19/2022 0:29,37090
12,2,5,0,232,235,1827,26.89494392,1,0,1,1,0,5/12/2020 12:17,4539
7,6,3,2,225,234,1762,48.75889977,0,0,0,0,0,3/25/2023 7:46,40388
20,4,7,2,215,221,1741,19.10022276,1,1,0,0,1,7/16/2020 20:42,6777
0,7,11,2,226,232,1657,85.35709727,1,0,0,0,0,11/6/2022 0:53,35618
22,4,10,2,236,237,1610,40.86193568,0,1,0,0,1,10/22/2020 22:02,10135
6,1,3,1,218,222,1993,83.52004053,0,1,1,0,1,3/29/2021 6:44,15524
18,3,11,0,230,234,1828,96.00022349,1,1,1,0,0,11/18/2020 18:47,11055
5,6,3,0,239,239,1663,20.59808268,0,1,1,0,0,3/6/2021 5:05,14734
16,5,5,1,234,236,1947,25.1983976,0,0,1,0,1,5/29/2020 16:22,5127
5,2,4,1,228,234,1869,20.99805546,0,0,1,1,1,4/14/2020 5:12,3570
5,5,4,2,236,237,1850,35.86160412,0,1,0,1,0,4/28/2023 5:25,41549
7,4,7,2,226,232,1829,81.58372919,0,1,0,1,1,7/28/2022 7:05,32168
5,5,10,1,225,232,1910,51.11495822,0,1,1,0,1,10/21/2022 5:03,35076
3,1,2,2,236,237,1830,15.43089778,0,1,0,1,0,2/6/2023 3:57,38773
19,2,6,2,218,225,1763,33.54334414,1,1,0,1,0,6/16/2020 19:34,5748
1,7,9,1,237,237,1995,63.70976568,0,0,0,1,1,9/6/2020 1:14,8530
3,7,7,2,226,233,1600,83.19694514,1,1,0,1,1,7/10/2022 3:10,31546
12,7,7,2,218,227,1853,23.48430036,1,0,0,1,0,7/5/2020 12:05,6388
20,1,3,2,217,223,1939,65.25836831,1,1,0,0,1,3/21/2022 20:12,27769
9,1,1,2,230,232,1895,96.28449582,0,0,0,0,0,1/23/2023 9:52,38302
8,1,2,1,215,221,1656,74.38294795,0,0,0,1,1,2/21/2022 8:54,26794
23,6,2,0,225,234,1966,15.48721182,1,0,1,0,0,2/6/2021 23:14,13801
6,4,10,0,227,231,1968,57.97718772,1,1,1,1,1,10/21/2021 6:58,22579
9,7,6,2,226,234,1686,30.46910496,1,1,0,0,1,6/13/2021 9:03,18130
17,5,2,1,237,238,1951,91.49474497,0,0,0,0,1,2/4/2022 17:26,26224
19,6,4,0,231,231,1676,65.68991641,1,1,1,1,1,4/18/2020 19:13,3727
0,7,7,1,215,223,1551,32.4793135,0,1,1,0,1,7/3/2022 0:52,31303
5,3,1,0,220,221,1509,93.29347647,1,0,1,0,0,1/8/2020 5:48,249
15,7,9,2,235,236,1943,89.57369333,1,1,0,0,0,9/4/2022 15:57,33482
2,2,5,2,223,230,1794,22.30349995,1,1,0,0,0,5/4/2021 2:38,16751
1,7,10,2,220,222,1689,92.08785456,1,1,0,1,0,10/25/2020 1:54,10209
14,6,4,0,227,227,1976,99.18414278,1,1,1,1,0,4/1/2023 14:16,40637
23,1,6,2,223,226,1556,32.40544742,1,0,0,0,0,6/20/2022 23:26,30890
7,3,10,2,233,234,1894,45.80088757,0,1,0,1,0,10/21/2020 7:30,10080
8,2,5,2,220,228,1738,66.56218746,0,1,0,0,1,5/23/2023 8:49,42410
7,7,11,1,236,237,1909,16.61548315,0,0,1,0,1,11/12/2023 7:02,48332
17,1,12,1,227,236,1637,27.23033167,1,0,1,1,1,12/27/2021 17:51,24889
22,7,5,1,229,237,1520,26.70875278,1,0,0,1,1,5/8/2022 22:26,29416
5,4,3,1,239,239,1855,19.07973481,0,1,1,0,1,3/3/2022 5:05,27131
15,3,8,0,223,232,1751,30.55441084,1,1,1,0,1,8/26/2020 15:03,8173
0,7,1,0,230,233,1764,64.18009513,1,0,1,0,0,1/2/2022 0:42,25070
13,4,1,1,218,226,1568,94.29098396,1,0,0,0,1,1/12/2023 13:10,37930
12,6,3,2,234,238,1661,80.89004127,0,1,0,0,0,3/14/2020 12:38,2519
2,2,4,0,222,223,1529,33.95024726,1,1,1,1,0,4/13/2021 2:02,16031
4,4,3,1,219,225,1655,30.50464338,0,1,1,0,1,3/11/2021 4:13,14904
3,4,4,2,213,222,1812,10.40157482,0,1,0,1,1,4/13/2023 3:05,41032
9,7,11,0,222,227,1862,49.4481296,1,1,1,0,1,11/26/2023 9:32,48815
18,5,5,2,231,234,1830,82.0743438,0,1,0,0,0,5/12/2023 18:25,42047
2,6,2,1,213,220,1799,16.33917366,0,0,1,1,0,2/26/2022 2:26,26956
9,3,4,1,229,234,1510,41.3415867,0,0,1,0,0,4/19/2023 9:04,41246
15,4,8,1,231,236,1853,51.10114816,0,0,1,0,0,8/18/2022 15:22,32899
15,1,9,1,213,222,1907,99.48034844,0,0,1,1,0,9/12/2022 15:58,33756
18,3,5,1,216,220,1892,25.07377508,0,0,0,1,1,5/31/2023 18:39,42698
4,3,5,2,218,220,1609,57.98274621,1,0,0,0,0,5/11/2022 4:24,29493
12,7,2,2,226,233,1958,27.13494152,0,1,0,1,0,2/6/2022 12:11,26285
7,3,2,1,230,231,1865,20.08143856,0,0,0,0,1,2/10/2021 7:49,13916
4,3,2,2,211,220,1870,99.66593848,1,0,0,0,0,2/19/2020 4:52,1686
7,5,10,0,229,229,1786,58.83056353,1,1,1,0,1,10/20/2023 7:30,47545
2,1,1,1,233,236,1967,15.37642282,1,0,1,0,1,1/4/2021 2:17,12641
7,7,6,2,221,222,1532,46.677826,0,1,0,1,1,6/7/2020 7:48,5423
7,4,6,2,228,237,1687,81.36738165,0,1,0,1,0,6/16/2022 7:18,30730
14,2,2,0,224,233,1536,48.5222912,1,1,1,0,0,2/21/2023 14:41,39302
5,2,1,0,231,239,1737,62.97135783,1,0,1,1,0,1/25/2022 5:51,25865
18,4,7,2,225,229,1651,28.36091207,0,0,0,1,0,7/9/2020 18:25,6534
20,5,7,0,214,222,1527,28.53011635,1,0,1,0,0,7/21/2023 20:22,44447
22,2,3,0,235,235,1837,95.88222371,0,1,1,1,0,3/3/2020 22:15,2156
18,1,1,1,227,233,1852,43.06022039,1,0,1,0,1,1/18/2021 18:05,13143
19,6,10,1,231,239,1593,76.37932847,0,0,1,1,1,10/14/2023 19:44,47357
1,1,1,2,227,229,1573,56.58826719,0,1,0,0,1,1/6/2020 1:14,174
10,5,12,0,223,229,1918,21.21893201,1,0,1,0,0,12/31/2021 10:51,25016
22,2,2,2,213,220,1985,63.51830417,1,1,0,0,0,2/25/2020 22:45,1917
5,6,4,1,217,222,1817,30.03962046,0,1,1,0,1,4/24/2021 5:03,16412
14,1,4,2,216,220,1830,91.46549163,0,0,0,1,0,4/27/2020 14:52,4029
5,2,10,2,217,222,1826,65.31026714,0,1,0,1,0,10/27/2020 5:04,10282
18,3,9,1,231,239,1584,72.57177504,1,0,0,0,1,9/2/2020 18:45,8418
3,6,7,2,213,220,1793,59.65501018,0,1,0,0,0,7/25/2020 3:44,7061
23,1,1,2,231,236,1553,62.32576346,1,0,0,1,0,1/27/2020 23:33,925
9,3,10,2,224,232,1745,87.10056257,1,1,0,0,1,10/5/2022 9:54,34535
13,3,1,2,222,225,1503,85.31209619,1,0,0,1,0,1/11/2023 13:20,37896
14,1,7,2,232,232,1719,46.33557632,0,0,0,0,0,7/13/2020 14:13,6665
11,6,3,2,220,226,1706,89.43098403,1,1,0,0,1,3/27/2021 11:59,15463
13,1,4,2,231,237,1721,45.34323969,1,0,0,0,0,4/11/2022 13:46,28479
17,3,10,2,231,231,1964,95.48268732,1,1,0,1,1,10/26/2022 17:30,35265
16,4,11,1,230,235,1987,93.89179116,0,0,0,1,1,11/5/2020 16:50,10607
12,6,3,0,222,227,1691,28.97545724,0,1,1,1,0,3/19/2022 12:08,27689
18,3,2,2,234,234,1891,68.93156445,1,1,0,0,1,2/3/2021 18:50,13692
14,6,5,1,221,222,1682,83.47203156,0,0,0,0,1,5/15/2021 14:03,17144
7,1,5,0,231,239,1756,80.03872346,1,1,1,0,1,5/24/2021 7:35,17443
23,6,11,1,219,223,1505,85.77909311,1,0,0,0,1,11/25/2023 23:43,48801
8,7,12,1,231,232,1918,81.80169546,0,0,1,1,0,12/13/2020 8:53,11897
3,2,5,0,234,236,1948,59.09415891,1,1,1,1,1,5/31/2022 3:03,30176
12,1,11,1,223,223,1646,85.95013777,0,1,1,0,1,11/20/2023 12:40,48614
2,5,6,2,230,235,1766,94.55857342,1,1,0,1,0,6/12/2020 2:02,5586
0,7,2,1,219,221,1699,51.31156658,0,1,1,1,1,2/19/2023 0:19,39213
7,1,8,1,226,235,1619,46.09755423,0,0,1,1,1,8/31/2020 7:10,8333
18,5,2,1,230,238,1699,52.84959939,1,0,0,0,1,2/14/2020 18:20,1534
2,3,10,2,224,232,1971,39.83648311,1,0,0,1,0,10/26/2022 2:05,35243
10,6,6,0,225,228,1815,28.11332785,0,1,1,0,0,6/12/2021 10:37,18098
18,4,5,2,221,225,1936,92.54710391,0,1,0,1,1,5/12/2022 18:15,29547
5,6,7,0,237,237,1575,56.18056243,0,1,1,0,0,7/10/2021 5:06,19049
5,7,11,2,214,223,1576,41.27311607,1,1,0,0,0,11/22/2020 5:29,11173
3,6,6,1,223,226,1698,42.18855673,1,0,1,0,1,6/20/2020 3:28,5862
13,5,1,2,227,230,1607,73.77047079,0,1,0,1,0,1/21/2022 13:33,25739
17,7,6,2,221,226,1760,14.28964971,0,0,0,1,0,6/12/2022 17:48,30608
2,6,8,2,226,227,1846,63.10566605,0,0,0,0,0,8/22/2020 2:25,8018
22,6,4,2,223,230,1743,69.05948702,1,1,0,1,1,4/23/2022 22:13,28902
12,1,9,0,234,237,1903,18.81264386,1,1,1,1,0,9/26/2022 12:51,34231
10,2,1,0,220,224,1835,22.26115253,0,1,1,0,0,1/7/2020 10:52,222
15,4,7,0,228,234,1691,36.11522631,1,1,1,0,1,7/22/2021 15:39,19475
22,6,4,0,231,239,1950,79.03469157,1,1,1,1,0,4/18/2020 22:44,3732
6,2,9,2,213,222,1622,56.60416029,0,0,0,0,0,9/7/2021 6:09,21071
4,5,1,1,215,223,1660,84.47448834,1,0,1,0,1,1/10/2020 4:03,315
9,4,8,0,212,221,1857,17.63918932,1,1,1,1,0,8/12/2021 9:55,20186
3,2,9,0,214,222,1768,91.26762778,1,0,1,0,0,9/27/2022 3:34,34252
18,4,12,0,229,236,1612,13.23187557,1,1,1,0,0,12/24/2020 18:54,12288
20,4,6,2,217,225,1806,35.32280739,1,1,0,0,1,6/9/2022 20:26,30509
23,6,11,1,235,239,1834,43.00023734,0,1,1,1,1,11/6/2021 23:08,23150
9,5,4,1,230,238,1707,86.93467277,0,0,1,1,0,4/29/2022 9:16,29089
22,1,10,2,235,238,1857,86.72861056,1,1,0,0,1,10/5/2020 22:10,9553
10,1,7,0,223,230,1802,49.23227444,0,1,1,0,0,7/10/2023 10:21,44056
1,4,1,2,223,231,1626,39.55616385,0,1,0,0,1,1/16/2020 1:37,517
19,2,10,1,236,238,1548,54.25482112,0,0,1,0,0,10/4/2022 19:53,34515
1,1,7,2,217,225,1804,97.5879845,1,1,0,1,1,7/3/2023 1:45,43804
13,1,5,2,228,233,1830,69.55999493,1,1,0,1,1,5/3/2021 13:19,16732
21,1,6,2,226,230,1732,20.69509638,0,1,0,0,0,6/7/2021 21:18,17942
8,2,4,2,225,230,1824,47.3941138,0,0,0,0,0,4/27/2021 8:44,16520
2,7,1,1,224,233,1771,94.86590671,1,0,0,0,1,1/17/2021 2:09,13086
10,1,12,2,226,230,1897,17.5477368,1,1,0,0,1,12/19/2022 10:18,37104
13,4,7,2,237,238,1808,76.01154589,0,1,0,1,0,7/14/2022 13:42,31698
21,3,3,1,229,236,1507,48.33375794,0,0,1,1,1,3/31/2021 21:06,15613
0,3,7,2,219,228,1869,94.26590871,1,0,0,0,0,7/27/2022 0:14,32124
15,1,3,1,230,233,1859,23.63907798,1,0,0,0,1,3/30/2020 15:29,3071
3,4,1,0,227,227,1716,71.506988,1,1,1,0,0,1/13/2022 3:00,25450
21,1,1,1,227,236,1775,11.15878323,1,0,1,1,1,1/10/2022 21:03,25373
12,3,12,2,225,227,1520,63.51612485,0,1,0,0,1,12/28/2022 12:15,37415
23,1,11,1,222,231,1506,56.29232124,0,1,1,0,1,11/20/2023 23:11,48629
4,7,5,1,229,231,1822,66.84243909,0,0,1,1,1,5/10/2020 4:55,4460
20,5,5,1,230,235,1988,47.11118117,0,1,1,1,1,5/27/2022 20:34,30064
18,3,9,1,233,236,1888,85.19023053,0,0,0,0,1,9/28/2022 18:07,34307
11,6,5,0,237,238,1906,14.89786669,0,1,1,1,0,5/14/2022 11:35,29606
2,3,5,2,226,234,1578,66.65503701,0,1,0,0,1,5/20/2020 2:30,4799
2,4,7,2,219,226,1857,49.25874404,0,0,0,0,0,7/29/2021 2:31,19696
17,1,5,0,229,237,1701,13.31309716,1,1,1,0,0,5/2/2022 17:52,29204
0,2,9,1,226,226,1781,25.84616052,0,1,1,1,1,9/21/2021 0:56,21543
8,6,1,1,230,239,1908,52.86784283,0,0,1,0,1,1/11/2020 8:47,356
16,2,10,0,235,236,1582,31.4878282,1,1,1,0,0,10/3/2023 16:02,46975
13,2,1,1,221,224,1800,81.44042699,0,0,1,1,1,1/18/2022 13:22,25636
12,7,1,2,227,232,1859,73.80247115,0,0,0,1,0,1/30/2022 12:00,26045
9,5,3,0,228,229,1580,33.9093078,1,1,1,0,0,3/4/2022 9:49,27172
10,6,1,0,233,235,1872,75.37551745,0,1,1,0,0,1/29/2022 10:04,26008
3,3,1,2,218,221,1658,93.44890638,1,1,0,0,1,1/29/2020 3:35,965
18,4,5,0,234,235,1685,95.79046643,1,1,1,0,1,5/14/2020 18:15,4616
19,4,7,0,231,236,1815,64.33296559,1,0,1,0,0,7/29/2021 19:21,19720
22,3,8,2,230,233,1743,47.80453547,1,1,0,1,0,8/3/2022 22:10,32395
21,6,6,1,232,238,1705,22.34598867,1,0,1,0,1,6/12/2021 21:50,18114
0,3,4,1,238,238,1570,13.55647951,1,0,1,1,1,4/20/2022 0:19,28768
0,7,7,2,236,236,1785,84.05739078,0,1,0,1,1,7/23/2023 0:24,44487
13,5,9,1,223,227,1514,43.02236973,0,0,1,0,1,9/1/2023 13:08,45875
5,1,12,1,216,222,1863,88.35987888,0,0,0,1,1,12/20/2021 5:45,24632
4,2,6,1,220,220,1597,35.64719675,0,0,1,1,0,6/16/2020 4:09,5726
11,6,1,2,227,231,1712,77.66911335,0,1,0,0,0,1/1/2022 11:23,25051
16,4,3,1,218,220,1819,55.26438104,1,0,1,0,1,3/3/2022 16:59,27148
11,2,4,1,236,238,1884,92.48817778,1,0,0,1,1,4/20/2021 11:21,16284
1,1,2,0,229,229,1637,39.8687795,1,1,1,1,1,2/8/2021 1:51,13839
0,5,5,1,212,220,1596,79.40969668,0,0,1,0,0,5/7/2021 0:00,16850
13,5,6,2,222,224,1728,33.82279409,0,1,0,1,0,6/2/2023 13:24,42759
5,4,4,1,226,231,1863,35.19599379,1,0,1,0,1,4/30/2020 5:57,4119
2,2,4,0,228,233,1871,93.91660726,1,1,1,0,0,4/25/2023 2:26,41442
9,5,4,1,225,228,1850,44.63126959,0,0,0,0,1,4/9/2021 9:44,15905
16,3,12,1,218,225,1657,14.92652663,1,0,0,1,1,12/7/2022 16:34,36702
15,7,11,1,229,233,1686,75.34127309,1,0,0,0,1,11/20/2022 15:17,36118
7,1,11,0,214,222,1806,72.80250367,0,1,1,0,0,11/7/2022 7:01,35661
21,4,3,2,232,235,1732,31.91515419,0,1,0,0,1,3/24/2022 21:05,27873
20,3,9,0,231,239,1751,69.58073356,0,1,1,1,0,9/23/2020 20:44,9140
6,7,3,2,231,235,1970,64.60134916,1,0,0,1,0,3/19/2023 6:42,40181
2,1,8,0,228,233,1858,78.62463082,0,1,1,0,0,8/17/2020 2:35,7847
4,3,10,0,220,229,1720,99.21840793,1,1,1,0,0,10/6/2021 4:39,22062
15,3,5,2,212,221,1566,43.94745483,1,1,0,0,0,5/10/2023 15:16,41974
16,2,9,0,220,222,1888,34.02826103,1,1,1,1,1,9/19/2023 16:20,46496
6,2,1,2,222,226,1892,90.80555287,1,1,0,1,0,1/17/2023 6:42,38092
6,4,9,2,219,227,1632,99.15168993,0,0,0,1,0,9/29/2022 6:44,34325
8,7,10,2,226,234,1715,83.50510877,1,1,0,0,0,10/31/2021 8:03,22923
22,7,3,1,231,232,1872,51.0791645,0,0,1,0,1,3/13/2022 22:16,27498
15,4,6,0,234,238,1580,27.84505903,1,1,1,1,0,6/8/2023 15:10,42967
5,6,2,1,234,236,1873,59.87272265,0,0,0,1,1,2/5/2022 5:21,26241
11,2,12,0,231,236,1869,82.06887677,1,1,1,0,1,12/28/2021 11:22,24914
6,6,6,2,233,236,1548,78.86068002,1,1,0,1,1,6/17/2023 6:36,43263
12,6,8,1,220,224,1644,91.66966757,0,0,1,0,1,8/28/2021 12:46,20738
0,1,8,1,211,220,1639,39.80281683,0,0,0,0,1,8/17/2020 0:29,7844
7,3,1,0,220,228,1776,20.93298876,1,0,1,1,0,1/5/2022 7:11,25182
10,4,9,1,239,239,1519,24.08862122,1,0,1,1,1,9/10/2020 10:21,8680
0,6,7,2,229,234,1659,32.36789414,1,1,0,0,0,7/29/2023 0:04,44692
13,2,6,1,232,232,1628,73.37319905,0,0,1,0,1,6/9/2020 13:46,5500
6,4,3,1,221,222,1542,32.19026572,0,0,1,0,1,3/19/2020 6:10,2681
7,6,1,0,232,233,1973,47.22422257,1,1,1,0,1,1/16/2021 7:55,13060
9,4,12,1,234,239,1535,88.73466912,0,0,1,0,0,12/31/2020 9:59,12515
5,5,7,2,218,226,1749,96.17660903,0,0,0,1,0,7/10/2020 5:37,6550
18,4,3,2,222,229,1997,23.20326683,1,1,0,1,0,3/3/2022 18:23,27150
0,4,8,2,218,223,1943,83.38124799,0,0,0,1,0,8/6/2020 0:16,7467
10,5,2,2,232,234,1762,57.92297476,1,0,0,1,0,2/7/2020 10:26,1283
18,6,9,0,214,221,1873,84.42022433,1,1,1,0,1,9/30/2023 18:39,46876
12,4,9,2,227,231,1518,42.38247163,1,0,0,0,0,9/28/2023 12:41,46799
8,3,12,0,227,228,1593,17.37845653,1,0,1,1,0,12/7/2022 8:51,36691
1,1,3,0,236,239,1516,55.09282617,1,1,1,1,1,3/21/2022 1:16,27742
9,1,7,2,215,224,1865,43.15376629,0,0,0,1,0,7/31/2023 9:32,44774
11,7,5,2,217,225,1804,28.14728914,0,1,0,0,0,5/14/2023 11:04,42105
0,1,12,2,225,228,1892,61.35233472,1,0,0,1,0,12/12/2022 0:59,36851
17,2,7,1,221,225,1646,84.21895867,1,0,0,0,1,7/11/2023 17:53,44101
2,5,3,1,223,230,1882,22.43352168,1,0,1,1,1,3/27/2020 2:42,2950
21,6,9,1,219,222,1616,24.39172205,0,0,1,1,0,9/2/2023 21:22,45921
5,7,7,1,212,221,1829,57.59099114,0,1,1,1,1,7/16/2023 5:07,44254
5,1,9,0,226,227,1940,14.03318246,1,1,1,1,0,9/6/2021 5:37,21036
21,1,5,0,222,223,1847,37.02402208,1,1,1,1,0,5/18/2020 21:04,4757
16,1,8,1,224,230,1630,29.01867177,0,0,1,1,1,8/3/2020 16:12,7387
7,6,10,1,229,237,1545,10.27217312,0,0,1,1,1,10/24/2020 7:41,10183
22,1,2,0,222,222,1835,65.39009814,1,0,1,1,0,2/27/2023 22:04,39518
8,3,5,1,229,231,1864,85.07990538,0,0,0,0,1,5/25/2022 8:18,29978
16,3,1,1,219,223,1639,60.5981425,0,1,1,0,1,1/4/2023 16:39,37661
8,4,9,2,234,237,1925,28.02383902,1,1,0,1,0,9/17/2020 8:27,8917
16,1,3,1,221,230,1659,99.86021892,0,0,0,0,1,3/2/2020 16:07,2113
16,5,1,1,222,222,1825,29.68441347,0,0,1,0,0,1/1/2021 16:49,12559
6,7,7,2,223,225,1773,73.49464172,1,1,0,1,0,7/17/2022 6:52,31791
9,7,3,1,234,236,1933,49.97824277,0,0,1,0,1,3/5/2023 9:07,39705
15,4,11,2,220,220,1729,80.06234463,1,1,0,0,0,11/30/2023 15:09,48960
21,3,4,0,222,230,1515,63.77921537,1,0,1,0,0,4/28/2021 21:53,16573
8,7,1,2,227,234,1912,53.26703289,1,0,0,1,0,1/31/2021 8:08,13574
21,5,9,1,229,229,1827,77.1136377,0,0,0,0,1,9/16/2022 21:35,33901
15,4,8,1,230,233,1978,12.4361769,0,0,0,1,1,8/24/2023 15:55,45605
15,4,1,0,220,229,1812,30.94396157,0,1,1,1,0,1/2/2020 15:14,57
12,4,10,1,215,222,1998,22.11856375,0,0,1,0,0,10/6/2022 12:32,34573
4,6,10,2,234,239,1597,92.51455594,0,1,0,0,1,10/29/2022 4:22,35349
11,5,5,0,226,234,1910,77.36804845,1,1,1,0,0,5/5/2023 11:13,41797
4,2,10,1,228,237,1563,34.36878105,0,1,1,1,1,10/5/2021 4:07,22027
13,2,9,1,225,225,1887,17.43155418,0,1,1,0,1,9/15/2020 13:42,8856
9,1,3,1,230,234,1849,32.04729758,0,1,1,0,1,3/13/2023 9:50,39980
16,5,6,2,227,228,1977,47.27770392,0,0,0,1,0,6/12/2020 16:03,5606
4,7,8,2,233,237,1553,72.90113774,0,0,0,1,0,8/8/2021 4:18,20041
16,4,2,2,224,229,1665,77.19678737,0,1,0,0,1,2/10/2022 16:24,26428
13,2,12,2,234,234,1597,78.84077454,0,1,0,0,1,12/27/2022 13:49,37383
17,6,7,2,223,228,1517,35.8535855,1,1,0,1,1,7/18/2020 17:34,6841
2,7,7,1,228,233,1897,10.01908438,0,0,0,1,1,7/30/2023 2:42,44730
5,2,6,2,224,224,1505,26.1618571,1,0,0,0,0,6/13/2023 5:12,43124
4,5,10,0,213,221,1540,50.32779806,1,0,1,0,0,10/1/2021 4:07,21890
6,5,10,1,220,221,1747,85.74564687,0,0,0,1,1,10/29/2021 6:18,22852
9,4,12,1,228,237,1951,46.45320335,0,0,0,1,1,12/1/2022 9:54,36487
19,3,2,0,223,231,1828,33.83738259,0,1,1,0,0,2/26/2020 19:47,1947
1,5,2,2,238,239,1993,11.69955876,1,1,0,0,0,2/28/2020 1:13,1989
18,3,3,0,230,232,1632,88.31594987,1,0,1,0,0,3/9/2022 18:46,27356
12,7,1,2,227,235,1980,69.97694736,0,1,0,0,1,1/8/2023 12:27,37792
13,3,7,0,223,228,1691,66.7667745,1,1,1,0,0,7/19/2023 13:42,44369
21,4,2,2,234,239,1569,32.44639683,0,1,0,1,1,2/4/2021 21:28,13730
12,7,10,0,230,231,1776,96.39074265,1,1,1,1,1,10/10/2021 12:22,22210
16,5,3,0,225,230,1982,68.73938041,1,0,1,0,0,3/17/2023 16:09,40126
5,6,5,0,228,229,1744,95.81101107,1,1,1,0,1,5/21/2022 5:29,29837
10,2,7,1,237,239,1580,17.9143546,0,1,1,0,1,7/13/2021 10:53,19160
2,1,8,2,217,221,1665,18.71522832,1,1,0,1,0,8/9/2021 2:44,20073
10,3,6,0,218,221,1754,11.23316824,0,1,1,0,0,6/2/2021 10:15,17755
5,5,6,2,214,221,1843,10.43009634,0,0,0,0,0,6/23/2023 5:34,43467
9,5,11,1,224,225,1887,39.39327026,1,0,0,1,1,11/4/2022 9:38,35562
15,6,1,0,227,232,1845,14.45235778,1,1,1,1,0,1/18/2020 15:59,606
18,2,3,0,213,221,1935,16.15301865,1,1,1,1,1,3/16/2021 18:05,15095
2,1,5,2,229,237,1718,15.22589475,1,0,0,0,0,5/25/2020 2:20,4970
19,4,3,0,230,234,1594,36.63982159,1,1,1,0,1,3/23/2023 19:20,40336
3,6,12,2,221,226,1505,69.74248139,1,1,0,0,0,12/31/2022 3:19,37505
13,4,7,1,220,228,1633,31.14166447,0,0,0,0,1,7/6/2023 13:51,43924
4,5,8,0,223,231,1526,76.50038471,1,1,1,0,1,8/27/2021 4:32,20692
4,6,7,2,223,231,1637,93.20614669,1,1,0,1,0,7/9/2022 4:45,31514
6,2,9,0,215,220,1736,72.34467639,1,0,1,0,0,9/5/2023 6:50,46003
21,7,6,0,233,233,1642,84.98749464,0,1,1,0,0,6/5/2022 21:49,30374
0,7,7,2,223,224,1658,88.8008035,1,0,0,0,0,7/18/2021 0:55,19317
10,1,12,1,227,230,1990,58.91400144,0,0,1,0,0,12/27/2021 10:51,24879
9,5,4,2,222,230,1615,22.58183112,1,1,0,1,1,4/22/2022 9:47,28850
13,6,2,2,230,231,1739,19.40621056,0,0,0,0,0,2/20/2021 13:48,14267
2,6,7,2,216,224,1729,73.76500193,1,0,0,1,0,7/1/2023 2:48,43737
1,4,2,0,223,225,1715,31.32583647,0,1,1,1,0,2/3/2022 1:29,26167
22,1,9,1,220,224,1894,68.64419577,0,0,1,0,0,9/7/2020 22:47,8595
0,7,12,2,230,239,1681,68.17873686,1,1,0,1,1,12/13/2020 0:28,11885
17,6,7,0,215,223,1587,28.05630651,0,1,1,0,0,7/15/2023 17:12,44237
15,7,10,1,216,225,1557,80.33463592,1,0,0,0,1,10/22/2023 15:34,47625
9,2,5,1,216,221,1808,41.59851688,1,0,0,0,1,5/26/2020 9:10,5014
7,3,5,1,224,233,1930,82.30517101,0,0,1,0,1,5/24/2023 7:14,42442
20,4,12,0,238,239,1964,32.67729513,1,0,1,1,0,12/29/2022 20:29,37461
19,1,1,2,226,226,1611,20.71953723,0,1,0,0,0,1/2/2023 19:48,37597
2,6,11,1,212,221,1847,94.00408631,0,0,0,1,1,11/5/2022 2:28,35586
4,7,1,1,233,236,1852,20.57299137,1,0,1,1,1,1/2/2022 4:54,25076
13,2,3,2,235,238,1727,16.19326511,1,0,0,0,0,3/14/2023 13:52,40020
17,1,3,2,226,229,1591,56.10614099,0,1,0,1,0,3/22/2021 17:03,15299
20,7,12,0,220,220,1710,41.38803913,0,1,1,0,0,12/25/2022 20:28,37324
22,3,10,2,221,225,1784,37.01845273,0,0,0,0,0,10/11/2023 22:22,47258
16,3,8,1,228,237,1607,34.34250425,1,0,1,0,1,8/4/2021 16:54,19922
16,2,5,0,215,224,1528,89.2641542,0,1,1,0,0,5/30/2023 16:01,42660
8,3,4,1,227,236,1789,51.60249207,1,0,0,0,1,4/26/2023 8:34,41485
6,2,1,0,230,238,1824,55.57773228,1,1,1,0,0,1/4/2022 6:40,25147
3,3,9,2,223,229,1875,46.64692228,0,0,0,1,0,9/7/2022 3:31,33567
18,7,9,2,224,230,1713,93.05012692,1,0,0,1,0,9/27/2020 18:38,9274
19,3,4,2,223,230,1779,51.99533854,0,0,0,0,0,4/5/2023 19:11,40781
3,2,11,1,220,220,1585,15.81837915,0,0,0,0,1,11/21/2023 3:23,48635
15,4,11,1,230,237,1501,11.94640685,0,1,1,1,1,11/2/2023 15:46,48002
17,4,11,0,220,226,1961,32.2274491,0,1,1,1,0,11/12/2020 17:01,10847
14,7,9,1,227,227,1796,96.93954924,1,0,0,1,1,9/13/2020 14:03,8788
12,3,12,1,219,226,1609,27.65976212,0,0,1,1,0,12/28/2022 12:57,37416
5,4,6,1,223,223,1783,61.9793372,0,0,0,0,1,6/2/2022 5:31,30248
5,7,7,2,234,236,1765,23.71060605,1,1,0,1,1,7/25/2021 5:19,19563
12,7,8,1,226,227,1946,65.79069943,0,0,1,1,1,8/2/2020 12:10,7347
20,1,3,1,228,237,1630,16.04085867,0,1,1,0,1,3/6/2023 20:51,39756
21,6,4,1,227,235,1900,30.5826683,0,0,0,0,1,4/30/2022 21:43,29141
2,7,1,0,220,220,1655,81.4436253,0,1,1,0,0,1/17/2021 2:51,13087
12,4,6,1,235,238,1939,44.9800144,0,0,0,0,1,6/29/2023 12:57,43683
21,5,9,1,232,236,1742,89.63039963,1,0,1,0,1,9/17/2021 21:14,21435
2,1,7,0,222,230,1853,36.76664175,0,1,1,0,0,7/10/2023 2:39,44045
8,5,3,0,231,239,1853,84.14339686,1,0,1,1,0,3/19/2021 8:27,15184
10,4,6,1,227,228,1533,71.60011631,0,0,1,0,1,6/23/2022 10:18,30974
9,1,4,2,217,224,1786,63.80259518,1,0,0,1,0,4/19/2021 9:25,16247
3,5,8,2,215,222,1961,33.27650607,0,1,0,0,1,8/5/2022 3:36,32437
4,4,9,2,220,229,1701,61.56761353,0,1,0,0,1,9/10/2020 4:45,8672
14,5,5,2,223,232,1900,95.46207947,1,1,0,0,0,5/14/2021 14:13,17110
4,7,11,1,227,235,1780,98.41505531,1,0,1,0,1,11/19/2023 4:26,48568
9,7,4,2,223,231,1540,55.07457437,1,1,0,1,0,4/12/2020 9:45,3508
2,7,3,2,227,230,1544,52.2454065,1,1,0,0,1,3/22/2020 2:51,2779
3,1,9,0,225,233,1973,69.06903698,1,1,1,1,1,9/11/2023 3:42,46204
21,4,2,0,216,220,1975,64.54945886,1,1,1,1,0,2/25/2021 21:21,14449
20,6,12,1,227,232,1756,39.66933549,1,0,1,1,1,12/31/2022 20:08,37529
21,5,1,2,230,238,1599,67.95304144,0,0,0,0,0,1/14/2022 21:45,25511
8,2,10,0,233,236,1741,45.90809009,1,0,1,0,0,10/12/2021 8:31,22273
9,3,8,0,230,230,1504,29.05147593,1,1,1,0,1,8/19/2020 9:57,7926
3,6,10,1,223,232,1688,41.08909711,0,0,1,1,1,10/14/2023 3:37,47334
5,6,6,1,220,226,1709,56.37569118,0,0,1,0,0,6/6/2020 5:10,5385
0,3,5,1,234,236,1907,85.69136581,0,0,0,1,1,5/17/2023 0:44,42193
8,6,8,2,237,238,1748,45.8981109,0,1,0,1,1,8/1/2020 8:08,7307
0,1,11,0,220,223,1985,93.26311663,1,0,1,1,0,11/20/2023 0:03,48596
7,6,8,2,233,236,1708,73.84848466,0,1,0,0,0,8/7/2021 7:59,20012
0,2,8,2,225,225,1610,20.41553209,0,1,0,0,1,8/24/2021 0:09,20583
16,2,2,0,229,235,1801,84.65141008,1,1,1,1,0,2/11/2020 16:45,1429
15,1,6,0,225,226,1708,35.42158197,1,1,1,0,0,6/20/2022 15:02,30878
11,2,2,2,232,238,1949,63.86046744,0,1,0,0,1,2/9/2021 11:30,13887
1,1,9,1,222,226,1673,38.42378675,1,0,0,0,1,9/4/2023 1:24,45961
13,6,3,2,219,226,1899,47.70506984,0,0,0,0,0,3/25/2023 13:22,40396
9,4,1,2,220,226,1564,91.4793132,1,1,0,1,1,1/23/2020 9:31,768
12,1,2,2,215,224,1871,54.47549653,0,0,0,1,0,2/28/2022 12:36,27039
0,4,1,1,228,236,1704,73.75924383,0,1,1,0,1,1/9/2020 0:01,275
21,5,11,1,234,234,1766,16.26547609,0,0,1,1,1,11/18/2022 21:57,36059
11,6,7,2,233,238,1543,67.00170044,0,1,0,1,0,7/1/2023 11:12,43749
1,7,8,2,223,232,1562,44.23255933,0,0,0,1,0,8/9/2020 1:09,7571
14,3,8,2,230,231,1686,55.11412016,1,0,0,0,0,8/5/2020 14:27,7453
17,6,2,0,220,229,1996,29.93146843,0,1,1,1,0,2/26/2022 17:09,26977
11,6,7,2,221,227,1649,26.31217416,1,1,0,0,0,7/25/2020 11:27,7072
11,2,1,2,228,230,1677,94.22039725,0,0,0,0,0,1/12/2021 11:25,12928
14,4,10,1,217,226,1610,68.67692649,0,0,0,0,1,10/29/2020 14:32,10364
9,7,6,1,236,239,1786,51.12055178,0,0,1,0,0,6/11/2023 9:03,43061
0,2,2,1,239,239,1550,76.18136568,0,0,1,1,1,2/15/2022 0:07,26576
19,4,10,2,235,235,1925,31.22646974,1,0,0,0,0,10/26/2023 19:46,47768
22,1,5,2,229,232,1784,88.99613735,1,1,0,0,1,5/25/2020 22:40,4999
7,3,4,0,230,236,1872,98.3916933,1,1,1,0,1,4/6/2022 7:38,28299
6,4,6,2,222,222,1654,27.27095356,1,1,0,1,0,6/15/2023 6:15,43194
21,3,10,2,213,221,1824,96.32350152,1,1,0,0,1,10/21/2020 21:31,10100
9,7,7,1,219,223,1766,31.73916544,1,0,1,1,1,7/26/2020 9:52,7104
20,3,7,0,224,229,1903,93.46348656,1,1,1,0,1,7/29/2020 20:34,7222
17,4,9,2,232,235,1826,38.21429853,1,1,0,0,0,9/29/2022 17:15,34340
23,1,7,2,227,235,1539,94.61304486,1,0,0,0,0,7/10/2023 23:40,44075
13,5,5,1,214,220,1696,11.19943157,0,0,1,1,1,5/13/2022 13:10,29574
20,3,8,1,230,232,1956,62.434941,0,0,1,1,1,8/9/2023 20:36,45098
7,5,3,1,217,221,1884,58.2026056,0,0,0,0,1,3/5/2021 7:22,14703
23,3,4,2,233,238,1924,12.04529241,0,1,0,1,1,4/19/2023 23:05,41266
16,7,6,1,215,224,1590,33.98527111,0,0,0,1,1,6/28/2020 16:48,6155
7,5,1,2,222,230,1650,94.17723412,1,1,0,0,1,1/29/2021 7:05,13504
0,4,12,0,230,231,1738,59.55682327,1,1,1,1,1,12/8/2022 0:17,36713
6,3,2,0,229,230,1912,79.89870551,1,1,1,0,0,2/23/2022 6:27,26859
19,1,5,1,220,226,1549,15.71960048,0,0,1,0,1,5/4/2020 19:16,4275
3,1,7,1,234,239,1658,29.1465629,0,0,1,1,1,7/5/2021 3:09,18875
10,5,7,1,224,229,1786,54.74978814,0,0,0,1,1,7/30/2021 10:46,19742
14,1,8,0,216,225,1843,74.54443581,0,1,1,1,0,8/16/2021 14:08,20329
21,4,9,2,218,222,1918,56.65089143,1,1,0,0,0,9/16/2021 21:25,21401
8,1,1,0,227,229,1942,27.62685688,1,1,1,1,0,1/16/2023 8:58,38061
16,4,5,2,236,236,1747,67.03173629,1,1,0,1,0,5/25/2023 16:53,42490
9,2,5,2,233,235,1629,99.16716349,0,1,0,0,0,5/9/2023 9:49,41932
7,1,3,1,228,236,1826,63.6464166,0,1,1,1,1,3/7/2022 7:53,27272
16,5,4,2,217,222,1962,70.8918104,1,1,0,0,0,4/7/2023 16:02,40845
15,4,3,1,224,232,1586,35.48491292,0,1,1,1,1,3/5/2020 15:36,2215
0,5,10,0,227,228,1819,84.99931535,1,1,1,0,0,10/8/2021 0:48,22125
9,5,8,2,238,239,1741,49.82586522,1,1,0,0,0,8/5/2022 9:12,32445
8,5,1,0,224,230,1693,95.98157798,0,1,1,0,0,1/14/2022 8:27,25492
3,4,5,1,233,239,1768,19.7020575,0,0,1,1,1,5/26/2022 3:55,30006
16,6,11,0,213,221,1942,77.01994424,1,1,1,0,1,11/14/2020 16:41,10915
15,5,3,2,211,220,1567,84.71410049,0,0,0,0,0,3/24/2023 15:39,40365
21,1,7,0,213,220,1769,73.53578183,0,1,1,0,0,7/18/2022 21:25,31846
22,6,5,2,230,239,1715,51.49933295,0,1,0,0,0,5/30/2020 22:30,5170
4,5,4,0,232,232,1538,80.8557383,1,1,1,0,0,4/14/2023 4:19,41068
2,7,6,1,236,236,1989,22.17586917,0,0,0,1,1,6/14/2020 2:24,5655
13,6,6,0,215,220,1508,71.80059588,1,1,1,0,1,6/6/2020 13:35,5397
9,7,10,0,233,235,1997,28.03223902,1,0,1,0,0,10/2/2022 9:01,34431
7,4,7,0,221,225,1889,13.09836747,1,1,1,1,0,7/15/2021 7:44,19224
7,4,9,2,222,222,1901,28.32693841,0,1,0,0,1,9/30/2021 7:47,21861
4,5,1,1,212,220,1676,96.78794591,0,0,1,0,0,1/28/2022 4:38,25966
21,4,11,1,223,225,1589,22.55958269,1,0,1,1,1,11/18/2021 21:46,23559
16,6,4,0,221,225,1836,70.91786929,0,1,1,1,0,4/24/2021 16:16,16428
14,1,9,2,232,233,1857,37.45253063,1,1,0,0,0,9/7/2020 14:23,8583
6,3,9,1,234,235,1874,84.58557878,0,0,1,0,1,9/30/2020 6:13,9359
14,3,9,2,230,233,1933,11.77046747,1,1,0,0,0,9/30/2020 14:37,9371
21,3,4,0,232,238,1543,75.23340491,1,1,1,1,1,4/8/2020 21:39,3388
7,2,12,1,222,230,1873,69.86924168,0,0,0,0,1,12/15/2020 7:50,11964
5,5,9,1,233,236,1813,18.18265592,1,0,0,1,1,9/25/2020 5:40,9187
23,5,7,0,234,237,1556,89.24777278,1,0,1,0,0,7/16/2021 23:41,19281
16,6,11,2,232,238,1952,39.86225633,1,0,0,0,0,11/6/2021 16:08,23140
19,1,12,1,230,230,1624,62.9194077,0,0,0,0,1,12/12/2022 19:55,36878
12,1,1,1,227,227,1570,31.09541836,0,0,1,1,0,1/16/2023 12:29,38066
11,1,9,1,231,235,1770,94.95888098,1,0,1,0,1,9/19/2022 11:16,33989
21,5,6,1,220,224,1807,80.56338111,0,0,0,0,1,6/12/2020 21:40,5614
18,2,7,2,222,230,1656,68.13168688,1,1,0,0,0,7/14/2020 18:57,6706
16,4,12,1,234,237,1757,66.07277388,0,1,1,1,1,12/16/2021 16:57,24511
22,5,10,1,218,226,1681,93.84734699,0,0,1,1,0,10/7/2022 22:52,34622
2,5,4,1,221,228,1730,47.83194968,0,1,1,0,1,4/21/2023 2:25,41305
3,5,9,2,223,231,1723,57.75798596,1,1,0,0,0,9/30/2022 3:03,34354
14,5,4,1,230,238,1526,53.00758447,0,0,1,1,0,4/7/2023 14:38,40843
23,4,8,0,228,232,1694,73.96079145,0,1,1,0,0,8/27/2020 23:59,8220
12,3,7,1,226,233,1996,47.81798263,0,0,1,0,0,7/27/2022 12:09,32141
16,6,9,1,226,235,1650,28.81786301,0,0,1,1,0,9/4/2021 16:28,20983
16,3,10,0,228,235,1842,86.90405115,1,0,1,0,0,10/19/2022 16:36,35024
22,7,11,2,217,223,1618,64.55253662,1,0,0,0,0,11/15/2020 22:07,10957
14,6,3,2,233,234,1721,46.79360113,1,1,0,0,0,3/26/2022 14:26,27932
11,6,1,1,234,238,1952,88.73348416,0,0,0,1,1,1/21/2023 11:37,38236
13,3,12,0,218,222,1991,48.26768418,1,0,1,0,0,12/9/2020 13:04,11766
14,1,7,1,216,221,1797,58.06857815,0,1,1,0,1,7/18/2022 14:24,31836
18,4,5,1,224,230,1996,49.44261714,0,0,0,0,1,5/13/2021 18:36,17082
6,4,10,1,235,235,1965,51.27325154,1,0,1,0,1,10/7/2021 6:35,22099
21,4,11,0,217,226,1532,96.43460719,1,1,1,0,1,11/3/2022 21:44,35545
4,5,8,1,238,238,1626,70.38550352,0,0,0,0,1,8/11/2023 4:08,45143
18,6,4,0,230,237,1866,50.34680395,1,0,1,1,0,4/15/2023 18:52,41123
20,6,6,1,227,231,1637,62.98794533,0,0,1,1,1,6/27/2020 20:29,6126
15,2,2,1,230,231,1813,39.71501858,0,0,1,1,0,2/21/2023 15:23,39303
7,1,1,1,225,232,1647,32.91147525,0,0,1,1,1,1/20/2020 7:14,662
10,2,2,1,223,230,1681,77.71214806,1,0,1,0,1,2/28/2023 10:40,39536
13,4,2,0,225,228,1567,72.49516074,1,1,1,0,1,2/17/2022 13:06,26663
14,1,1,2,216,220,1520,94.90141413,1,0,0,1,0,1/13/2020 14:03,432
11,6,8,1,227,234,1648,71.38193166,1,0,1,1,1,8/13/2022 11:20,32722
20,3,5,2,222,224,1700,33.69535757,0,1,0,0,0,5/20/2020 20:01,4824
11,2,2,1,218,226,1999,86.18394164,0,0,0,0,1,2/25/2020 11:32,1901
4,2,9,1,231,238,1534,76.00378999,1,0,1,0,1,9/7/2021 4:44,21069
23,7,2,1,220,223,1698,62.81787772,1,0,0,0,1,2/6/2022 23:24,26301
4,5,10,2,229,238,1539,77.81357226,0,1,0,0,0,10/6/2023 4:18,47061
14,7,3,1,227,227,1739,64.16888048,1,0,0,0,1,3/12/2023 14:13,39952
5,4,7,1,231,236,1851,78.36570066,1,0,1,1,1,7/1/2021 5:57,18742
16,2,3,0,212,221,1538,54.2276118,0,1,1,0,0,3/31/2020 16:01,3106
14,3,11,0,214,222,1949,81.76154765,1,1,1,0,0,11/23/2022 14:46,36220
2,7,4,0,226,232,1707,62.11172222,1,0,1,0,0,4/3/2022 2:32,28189
1,2,7,2,221,223,1970,80.34723142,0,1,0,0,0,7/20/2021 1:16,19386
17,6,5,1,232,238,1671,40.68480737,0,0,0,0,1,5/6/2023 17:21,41840
3,4,10,1,219,226,1609,58.84230175,0,1,1,1,1,10/13/2022 3:37,34800
21,6,8,0,221,228,1835,38.46553346,1,1,1,0,0,8/28/2021 21:53,20751
16,4,10,0,221,228,1868,99.03824568,1,0,1,0,0,10/7/2021 16:23,22113
13,2,8,1,224,232,1971,69.23038224,1,0,1,0,1,8/23/2022 13:06,33067
0,3,4,2,228,232,1974,41.29137897,0,1,0,1,0,4/27/2022 0:30,29008
3,6,11,0,218,223,1869,13.7578996,1,1,1,0,1,11/4/2023 3:30,48053
9,3,12,2,221,230,1566,84.52368146,0,1,0,1,1,12/2/2020 9:22,11521
11,6,12,0,221,229,1726,47.31498819,0,1,1,1,0,12/12/2020 11:51,11867
15,2,2,1,222,225,1804,47.39139171,1,0,0,1,1,2/23/2021 15:23,14372
16,6,11,1,231,236,1981,27.57273189,0,0,1,0,1,11/19/2022 16:10,36085
23,3,5,2,223,225,1515,91.56208553,0,0,0,0,0,5/25/2022 23:01,29999
11,6,7,2,230,233,1902,20.18601419,1,0,0,1,0,7/29/2023 11:17,44708
13,7,6,2,228,236,1562,95.86257424,0,1,0,1,0,6/13/2021 13:57,18137
3,1,11,2,237,238,1556,69.6254905,0,0,0,1,0,11/21/2022 3:54,36136
20,3,10,2,228,232,1860,78.50009128,1,1,0,1,0,10/4/2023 20:46,47016
7,2,8,1,230,239,1554,67.54165221,1,0,0,0,1,8/11/2020 7:07,7648
1,6,4,1,227,236,1960,60.58324887,1,0,1,1,1,4/16/2022 1:42,28633
4,3,12,1,224,226,1800,24.55332474,0,0,0,0,1,12/1/2021 4:07,23979
18,5,8,1,224,229,1802,29.04830214,1,0,0,1,1,8/20/2021 18:21,20472
22,7,12,2,229,236,1512,16.58918464,0,1,0,0,0,12/26/2021 22:14,24861
12,4,12,0,219,224,1722,26.2865649,1,0,1,0,0,12/31/2020 12:05,12518
2,4,1,0,218,225,1542,40.36191647,0,1,1,1,0,1/27/2022 2:00,25928
6,4,3,2,221,221,1919,79.99747001,1,0,0,1,0,3/24/2022 6:22,27852
15,7,10,2,221,227,1542,38.11291882,0,1,0,1,0,10/16/2022 15:01,34919
17,6,5,0,222,229,1770,12.41506121,1,1,1,0,1,5/30/2020 17:36,5163
10,1,5,1,221,221,1853,11.0305314,1,0,1,1,1,5/17/2021 10:12,17207
14,7,12,0,229,230,1607,46.05544202,1,1,1,0,1,12/4/2022 14:17,36596
12,2,2,1,221,223,1695,53.63812036,1,0,0,1,1,2/9/2021 12:12,13888
13,4,11,2,225,225,1595,96.34994224,1,1,0,0,1,11/24/2022 13:12,36252
11,6,11,1,223,231,1654,46.66414366,0,0,1,0,1,11/27/2021 11:06,23852
21,5,2,2,221,225,1575,24.19417918,1,1,0,1,0,2/4/2022 21:39,26230
8,6,3,1,229,229,1571,15.04350445,0,0,1,0,0,3/26/2022 8:07,27923
14,7,3,1,220,227,1988,79.62375428,0,0,1,1,1,3/29/2020 14:58,3036
23,1,3,1,234,239,1639,68.95782094,0,1,1,0,1,3/28/2022 23:54,28014
1,6,11,2,224,233,1793,39.83079211,0,1,0,1,1,11/13/2021 1:36,23359
20,3,11,0,226,234,1875,19.0429254,1,1,1,1,0,11/11/2020 20:42,10818
19,6,1,1,228,228,1624,37.49966714,0,0,1,0,1,1/8/2022 19:59,25303
18,2,8,0,228,231,1746,48.85889733,1,1,1,0,1,8/11/2020 18:20,7664
17,4,8,2,224,230,1556,26.26993373,1,1,0,0,1,8/3/2023 17:26,44888
17,5,12,2,222,227,1568,42.42195541,0,1,0,1,1,12/31/2021 17:52,25026
8,7,5,1,228,230,1586,88.78017924,0,1,1,0,1,5/22/2022 8:49,29876
12,4,1,1,234,236,1723,38.60945808,0,1,1,0,1,1/13/2022 12:49,25464
1,6,4,1,227,228,1949,57.58607755,0,0,1,0,1,4/11/2020 1:31,3462
9,7,9,1,224,226,1950,33.76319744,1,0,0,0,1,9/26/2021 9:53,21727
23,6,7,1,229,235,1613,81.74598315,0,0,1,1,1,7/25/2020 23:22,7089
6,4,9,1,222,226,1701,30.6092047,1,0,1,1,1,9/16/2021 6:42,21380
10,4,6,1,215,221,1522,10.04166827,1,0,1,0,1,6/18/2020 10:07,5803
13,5,11,0,235,239,1548,53.26671626,1,1,1,0,1,11/13/2020 13:21,10876
7,1,7,1,235,236,1553,25.7840535,0,0,1,1,1,7/4/2022 7:00,31346
4,2,11,1,227,227,1600,95.97446613,0,0,1,1,1,11/9/2021 4:24,23226
3,5,9,0,232,235,1577,62.47899177,1,1,1,1,1,9/11/2020 3:53,8705
2,5,6,1,224,229,1760,97.65356631,1,0,1,0,1,6/17/2022 2:56,30758
11,5,5,0,238,239,1966,11.833316,1,1,1,1,0,5/15/2020 11:46,4641
13,6,11,1,221,221,1580,78.57291646,1,0,0,0,1,11/7/2020 13:41,10671
18,7,2,1,223,230,1577,96.00476876,0,1,1,1,1,2/21/2021 18:32,14308
8,7,5,0,232,232,1902,98.96876212,1,1,1,1,1,5/3/2020 8:56,4226
14,6,10,0,222,229,1989,25.72042056,1,1,1,1,1,10/8/2022 14:17,34644
1,1,4,0,232,234,1644,23.3537564,1,1,1,0,0,4/12/2021 1:31,15996
13,1,11,2,221,229,1730,71.68693634,0,1,0,0,0,11/28/2022 13:55,36390
4,5,11,0,221,227,1538,18.49353808,1,1,1,1,1,11/6/2020 4:44,10624
19,2,6,2,237,239,1786,86.28035953,0,1,0,0,0,6/22/2021 19:25,18453
23,6,11,0,218,220,1528,33.17028036,1,1,1,1,1,11/21/2020 23:11,11164
2,7,10,0,223,223,1758,15.27327362,0,1,1,0,0,10/29/2023 2:26,47846
21,3,9,2,218,222,1988,29.26600452,1,1,0,0,1,9/6/2023 21:23,46058
18,5,4,1,220,229,1761,57.19647055,0,0,1,0,0,4/14/2023 18:20,41088
12,1,3,1,229,229,1830,98.01614932,1,0,0,0,1,3/7/2022 12:06,27278
2,5,10,1,225,229,1645,89.64000372,0,0,1,0,1,10/29/2021 2:05,22846
19,7,2,2,220,221,1789,93.77152731,0,1,0,0,1,2/13/2022 19:23,26535
17,2,5,1,228,237,1562,45.87958467,0,0,1,1,1,5/12/2020 17:54,4547
13,1,10,2,230,239,1596,15.69850062,0,1,0,0,1,10/16/2023 13:47,47417
1,6,4,0,227,229,1601,82.13721694,1,0,1,0,0,4/25/2020 1:54,3942
21,3,6,2,225,234,1525,26.60176933,0,0,0,0,0,6/21/2023 21:20,43421
16,5,11,0,219,221,1564,10.71298595,1,0,1,0,0,11/17/2023 16:41,48517
16,4,12,0,228,235,1698,40.98927997,1,1,1,1,0,12/22/2022 16:05,37215
23,4,4,0,223,226,1941,59.50069671,1,1,1,0,0,4/14/2022 23:46,28596
10,7,5,0,222,229,1945,82.95108253,1,1,1,1,0,5/9/2021 10:10,16933
0,7,1,1,231,239,1881,42.67107027,1,0,1,1,1,1/24/2021 0:14,13323
17,2,4,1,231,236,1823,59.36587613,0,0,0,1,1,4/12/2022 17:06,28518
19,3,6,1,219,228,1830,32.47461211,0,0,1,0,1,6/16/2021 19:03,18247
23,6,5,2,228,233,1817,80.90814622,1,1,0,1,1,5/9/2020 23:19,4452
14,4,7,1,221,227,1555,85.92373027,1,0,1,1,1,7/1/2021 14:21,18754
18,4,3,0,220,221,1655,97.70806696,1,1,1,1,1,3/26/2020 18:17,2938
13,5,1,2,227,233,1506,97.93907244,1,1,0,1,0,1/20/2023 13:11,38204
0,6,11,0,227,232,1693,11.39759588,1,0,1,0,0,11/6/2021 0:43,23118
1,6,9,0,228,237,1697,66.35412685,1,0,1,1,0,9/26/2020 1:18,9215
21,2,1,2,232,235,1816,59.31420717,0,1,0,0,0,1/26/2021 21:37,13422
18,5,3,2,224,225,1541,23.71922833,1,0,0,0,0,3/19/2021 18:58,15199
3,4,5,1,232,232,1996,88.32421055,0,0,1,1,1,5/11/2023 3:10,41991
20,3,6,0,220,227,1904,24.38858717,0,1,1,0,0,6/17/2020 20:06,5783
13,1,10,2,233,236,1576,29.47545864,0,1,0,0,1,10/3/2022 13:03,34471
20,1,2,1,223,228,1876,77.95054944,1,0,0,1,1,2/10/2020 20:26,1400
5,6,8,2,218,223,1865,67.01522566,1,1,0,1,1,8/7/2021 5:11,20008
10,3,6,2,231,233,1588,75.7424781,0,0,0,1,0,6/21/2023 10:07,43405
9,1,3,1,227,227,1880,23.65689128,0,1,1,0,1,3/15/2021 9:50,15049
20,3,5,2,227,235,1532,16.63842449,1,1,0,0,0,5/24/2023 20:33,42461
6,6,6,0,224,226,1884,76.66757229,1,1,1,1,1,6/20/2020 6:16,5866
23,3,10,0,233,236,1808,82.0335464,1,1,1,0,1,10/19/2022 23:37,35034
13,2,2,0,225,229,1792,55.07433716,1,0,1,0,0,2/14/2023 13:05,39060
9,7,10,1,228,237,1769,35.67553811,0,0,1,0,1,10/25/2020 9:37,10220
15,2,10,1,217,221,1522,68.2673319,1,0,1,0,1,10/18/2022 15:22,34988
23,6,4,1,229,236,1562,25.55842985,1,0,1,1,1,4/2/2022 23:44,28185
13,3,1,0,214,223,1995,41.33653778,1,1,1,1,0,1/4/2023 13:51,37657
22,1,10,1,214,221,1761,17.96583582,0,1,1,1,1,10/18/2021 22:54,22499
0,1,1,1,217,221,1874,70.46326685,0,0,1,1,0,1/25/2021 0:04,13357
23,3,3,2,228,235,1613,84.58590346,1,1,0,1,0,3/15/2023 23:30,40068
23,7,7,0,226,230,1616,21.9614179,0,1,1,0,0,7/12/2020 23:30,6644
12,4,10,2,216,222,1618,78.35887258,0,0,0,1,0,10/28/2021 12:46,22827
4,6,1,1,223,227,1990,18.18802312,0,1,1,0,1,1/7/2023 4:13,37746
0,3,3,2,226,234,1644,58.64512786,0,0,0,0,0,3/17/2021 0:23,15104
14,3,5,1,214,222,1856,24.8895295,0,0,1,1,1,5/19/2021 14:46,17282
23,1,1,0,223,227,1988,32.34417781,0,1,1,1,0,1/23/2023 23:11,38321
11,5,10,1,228,232,1746,94.20911074,0,0,1,1,1,10/14/2022 11:09,34845
6,5,10,2,221,223,1907,75.07197658,0,1,0,0,0,10/9/2020 6:46,9668
1,1,6,2,229,230,1669,81.28112979,0,1,0,1,1,6/29/2020 1:55,6168
8,7,4,1,235,238,1852,84.02474939,1,0,1,0,1,4/3/2022 8:09,28197
6,2,10,2,224,228,1703,31.51844934,0,0,0,1,0,10/12/2021 6:25,22270
21,7,6,0,221,229,1692,43.45340625,1,1,1,1,1,6/13/2021 21:40,18148
15,5,11,1,216,222,1995,47.96517566,0,0,0,1,1,11/17/2023 15:59,48516
13,2,11,1,217,221,1940,81.48278175,0,0,1,1,1,11/28/2023 13:23,48889
22,5,9,1,231,234,1525,51.10291405,1,0,0,1,1,9/2/2022 22:36,33423
23,3,7,2,231,231,1648,19.69814559,0,0,0,0,0,7/7/2021 23:50,18973
22,2,3,0,237,239,1822,18.71731887,1,0,1,0,0,3/21/2023 22:28,40272
4,6,4,2,218,223,1637,69.32745532,1,1,0,1,1,4/4/2020 4:49,3227
13,6,3,1,229,235,1919,99.64535842,0,0,1,1,1,3/4/2023 13:29,39677
19,6,9,0,218,220,1757,21.22655497,1,1,1,0,0,9/4/2021 19:16,20987
12,6,11,0,229,232,1981,52.36148402,0,1,1,0,0,11/27/2021 12:31,23854
1,2,6,1,221,226,1863,47.55340639,0,0,1,0,1,6/27/2023 1:23,43598
19,5,1,0,229,236,1702,65.38326524,0,1,1,0,0,1/27/2023 19:42,38453
15,2,3,2,215,222,1670,97.2757239,0,1,0,1,0,3/24/2020 15:07,2865
23,7,2,2,235,236,1807,19.90636958,0,1,0,0,0,2/23/2020 23:06,1849
3,7,10,1,222,230,1911,71.52172989,1,0,1,0,1,10/23/2022 3:18,35142
7,3,11,0,221,226,1976,91.50002747,1,0,1,0,0,11/15/2023 7:13,48435
12,2,1,1,231,239,1717,54.84221349,0,0,1,0,1,1/28/2020 12:52,944
2,3,6,1,228,232,1776,12.51674199,0,1,1,1,1,6/29/2022 2:58,31169
20,4,7,1,226,227,1620,61.62344035,0,0,1,0,1,7/2/2020 20:19,6297
14,3,8,2,220,220,1770,26.09626664,0,0,0,0,0,8/17/2022 14:51,32864
8,6,8,0,226,232,1525,97.97289983,1,1,1,1,1,8/27/2022 8:13,33197
15,3,5,1,220,227,1511,59.7724548,0,0,1,1,0,5/12/2021 15:58,17044
18,2,10,2,227,235,1638,87.66629086,1,0,0,0,0,10/12/2021 18:20,22287
22,1,6,2,234,236,1663,82.00004899,1,1,0,1,1,6/20/2022 22:44,30889
18,2,12,2,228,231,1573,93.0442106,0,1,0,1,0,12/13/2022 18:20,36910
9,4,4,2,222,231,1757,77.50883833,1,0,0,0,0,4/1/2021 9:43,15631
14,7,6,1,227,227,1923,61.13630009,1,0,0,0,1,6/6/2021 14:28,17898
1,4,5,0,222,225,1675,48.53904345,0,1,1,0,0,5/7/2020 1:14,4352
2,7,11,1,230,231,1580,65.67807886,0,0,1,0,0,11/22/2020 2:41,11169
8,4,2,2,228,234,1734,17.08126905,0,1,0,0,0,2/23/2023 8:44,39362
7,4,5,2,229,234,1609,25.15953111,1,1,0,0,1,5/20/2021 7:35,17306
18,5,8,2,214,222,1541,53.95202877,1,1,0,1,1,8/7/2020 18:19,7527
5,2,6,0,219,223,1545,58.53342581,0,1,1,0,0,6/8/2021 5:42,17954
19,5,11,2,219,221,1612,26.45820042,1,0,0,0,0,11/10/2023 19:18,48281
13,3,8,1,224,224,1952,70.45839108,1,0,0,0,1,8/31/2022 13:08,33341
0,5,7,1,231,234,1881,65.82538755,1,0,0,0,1,7/28/2023 0:15,44658
18,6,4,2,222,230,1836,35.37296427,1,0,0,1,0,4/24/2021 18:22,16431
0,4,12,0,223,232,1785,67.84105135,0,1,1,0,0,12/2/2021 0:26,24008
4,2,11,0,222,225,1960,31.99872164,0,1,1,0,0,11/22/2022 4:26,36171
6,5,3,1,230,236,1555,91.94575449,0,0,1,0,1,3/27/2020 6:12,2955
14,6,5,2,221,228,1509,93.10664077,1,1,0,0,0,5/29/2021 14:26,17624
21,2,9,2,233,235,1780,70.95196645,0,1,0,0,1,9/29/2020 21:48,9347
5,1,2,2,220,229,1719,77.59536079,1,0,0,0,0,2/10/2020 5:01,1378
23,7,4,2,227,235,1749,24.24170079,1,0,0,0,0,4/17/2022 23:15,28698
22,1,5,0,222,231,1687,82.15422785,1,1,1,1,0,5/9/2022 22:58,29451
7,4,1,0,236,238,1583,63.23140112,1,1,1,0,1,1/28/2021 7:57,13471
11,4,2,2,224,229,1735,17.88760584,0,1,0,1,1,2/27/2020 11:54,1970
9,2,8,1,229,238,1703,57.95666732,0,1,1,1,1,8/17/2021 9:04,20356
12,3,11,0,230,230,1935,49.95059393,1,1,1,0,0,11/22/2023 12:19,48682
15,1,6,0,215,223,1625,26.21205659,1,0,1,0,0,6/21/2021 15:23,18413
4,3,9,0,216,225,1996,20.03127033,1,1,1,0,0,9/29/2021 4:27,21822
15,2,9,1,227,230,1948,63.40864374,0,1,1,0,1,9/20/2022 15:17,34029
20,3,1,0,218,227,1568,33.06055069,0,1,1,0,0,1/12/2022 20:42,25441
22,1,9,1,217,220,1589,35.29759344,0,1,1,1,1,9/5/2022 22:47,33526
3,3,2,2,219,228,1504,19.30097165,0,1,0,0,1,2/10/2021 3:37,13910
21,5,2,1,228,232,1683,17.42504394,0,0,1,1,0,2/11/2022 21:08,26469
9,5,1,2,225,226,1890,35.93088529,0,0,0,1,0,1/29/2021 9:11,13507
3,5,12,2,219,224,1519,92.56949158,1,1,0,1,0,12/31/2021 3:09,25005
15,1,7,2,221,230,1918,46.436335,0,1,0,1,1,7/5/2021 15:04,18892
0,2,1,1,228,236,1538,70.19517115,0,0,1,1,0,1/18/2022 0:03,25617
23,5,9,1,227,233,1911,96.94550232,0,1,1,1,1,9/9/2022 23:30,33664
19,1,4,1,217,223,1814,42.55255903,0,0,1,1,1,4/6/2020 19:53,3317
16,3,4,0,226,228,1786,13.17020709,1,1,1,0,1,4/5/2023 16:23,40777
9,6,9,2,220,224,1516,21.08132194,0,1,0,1,1,9/17/2022 9:30,33918
17,1,1,1,235,237,1672,15.03241142,0,0,1,0,1,1/20/2020 17:45,677
3,6,7,2,222,231,1574,14.3106079,0,1,0,1,1,7/23/2022 3:44,31992
20,4,1,1,225,234,1949,68.07448676,0,0,1,1,0,1/27/2022 20:55,25955
20,1,8,1,219,224,1879,31.11227017,0,0,0,0,1,8/8/2022 20:36,32564
13,5,7,0,215,221,1578,70.97206505,1,0,1,0,0,7/1/2022 13:08,31252
7,3,12,1,220,229,1595,22.85309015,0,1,1,1,1,12/28/2022 7:20,37408
22,4,3,1,224,228,1962,52.25845221,0,0,1,0,0,3/4/2021 22:15,14690
14,5,9,2,229,233,1699,51.09388032,1,1,0,0,0,9/3/2021 14:32,20946
13,6,1,0,221,230,1998,20.47925636,1,0,1,0,0,1/15/2022 13:53,25534
18,7,9,1,226,230,1634,54.40788893,0,1,1,0,1,9/17/2023 18:47,46431
16,6,5,2,221,225,1861,98.07825583,1,0,0,0,0,5/16/2020 16:30,4682
12,3,4,1,225,232,1930,71.66149692,1,0,0,0,1,4/26/2023 12:46,41491
10,5,3,0,223,229,1956,12.37948018,1,1,1,0,0,3/5/2021 10:52,14708
13,5,12,2,223,228,1554,73.62724323,1,1,0,1,0,12/2/2022 13:55,36527
10,6,5,1,223,228,1611,66.65248186,1,0,1,0,1,5/1/2021 10:51,16660
22,4,1,2,225,231,1845,86.891721,1,0,0,0,0,1/5/2023 22:47,37704
11,7,5,0,218,223,1575,62.06345109,1,1,1,0,0,5/7/2023 11:34,41866
3,1,8,1,235,237,1624,69.53472331,0,0,1,0,0,8/22/2022 3:28,33019
8,5,1,0,238,239,1616,81.39857588,1,1,1,0,0,1/1/2021 8:24,12547
12,7,6,2,228,237,1872,59.0387676,1,0,0,1,0,6/5/2022 12:42,30361
2,7,10,0,219,228,1507,83.79154003,1,1,1,1,1,10/17/2021 2:03,22435
14,7,9,0,233,235,1506,30.56233317,1,0,1,1,0,9/18/2022 14:14,33959
2,4,10,0,229,234,1924,62.52793211,1,1,1,0,0,10/7/2021 2:22,22093
13,2,6,2,230,231,1586,24.79065926,0,0,0,0,0,6/7/2022 13:04,30430
22,5,11,2,232,237,1865,23.71378369,0,0,0,0,0,11/4/2022 22:15,35580
2,3,8,1,227,230,1721,83.33362451,0,1,1,1,1,8/12/2020 2:02,7675
21,1,6,2,231,235,1971,78.91066066,1,1,0,1,0,6/26/2023 21:53,43593
2,5,9,0,233,236,1873,70.63862079,1,1,1,0,0,9/4/2020 2:59,8464
19,2,2,2,223,230,1903,43.08163429,0,1,0,1,1,2/9/2021 19:54,13899
14,2,5,2,225,227,1732,51.53747865,1,0,0,0,0,5/25/2021 14:26,17487
7,2,1,2,212,221,1930,54.47801297,0,1,0,1,1,1/31/2023 7:47,38573
3,6,11,1,233,237,1960,35.78617781,0,0,1,1,0,11/20/2021 3:54,23602
2,2,1,2,218,222,1845,47.61301401,1,0,0,0,0,1/4/2022 2:27,25141
15,4,8,1,238,238,1993,64.5080559,0,0,1,1,0,8/12/2021 15:32,20194
19,2,6,1,217,220,1632,79.62133151,1,0,1,1,1,6/30/2020 19:16,6227
11,5,2,1,221,223,1940,82.18433116,0,0,1,0,1,2/17/2023 11:10,39160
2,7,2,1,227,228,1554,79.38265368,1,0,0,1,1,2/12/2023 2:13,38976
1,3,9,2,232,233,1636,92.77790689,0,1,0,1,1,9/2/2020 1:13,8393
10,3,8,1,222,223,1749,86.98334357,0,0,1,1,1,8/24/2022 10:50,33098
19,7,2,2,236,239,1865,43.09166113,1,0,0,1,0,2/7/2021 19:33,13830
4,6,6,2,217,223,1735,52.24568032,1,1,0,0,0,6/27/2020 4:22,6103
15,7,7,0,220,227,1517,15.51311207,1,0,1,0,0,7/5/2020 15:36,6393
21,6,3,1,221,225,1735,43.09307384,1,0,0,0,1,3/12/2022 21:03,27462
20,4,4,0,219,220,1811,64.34441962,1,1,1,1,0,4/22/2021 20:07,16365
0,5,6,2,222,229,1929,67.54262436,0,1,0,1,0,6/19/2020 0:50,5824
13,6,9,1,232,232,1976,76.07246878,0,0,0,1,1,9/25/2021 13:33,21698
8,5,7,1,227,232,1836,53.44168065,0,0,1,0,1,7/3/2020 8:14,6314
22,3,4,1,232,237,1868,15.94914296,1,0,1,1,1,4/13/2022 22:32,28560
13,7,8,2,232,233,1859,49.57201059,0,1,0,0,1,8/20/2023 13:06,45464
1,2,1,2,231,233,1987,64.44645994,1,1,0,0,0,1/24/2023 1:59,38325
5,1,5,1,217,222,1960,41.15825049,0,1,1,1,1,5/2/2022 5:15,29186
20,3,11,1,222,222,1646,80.32710984,1,0,0,1,1,11/11/2020 20:00,10817
6,6,6,2,212,221,1527,76.95892123,1,1,0,1,0,6/4/2022 6:34,30318
22,2,1,1,234,238,1620,38.23043329,1,0,1,0,1,1/12/2021 22:38,12944
6,2,6,2,229,235,1835,41.52507986,1,1,0,1,1,6/27/2023 6:59,43606
17,6,7,1,237,237,1599,86.18897683,1,0,1,0,1,7/17/2021 17:12,19306
15,3,8,1,231,233,1976,22.04282807,0,0,1,1,0,8/11/2021 15:00,20159
10,1,2,2,224,231,1802,74.22299346,1,1,0,1,1,2/13/2023 10:27,39022
15,6,7,0,222,225,1518,32.73095861,1,1,1,1,0,7/25/2020 15:39,7078
6,5,2,2,229,232,1991,35.10626388,1,1,0,1,0,2/12/2021 6:46,13983
16,2,1,0,235,239,1730,70.57917748,1,1,1,0,0,1/5/2021 16:50,12696
14,2,5,0,221,228,1873,74.97864971,0,1,1,0,0,5/18/2021 14:56,17248
3,6,6,1,221,229,1575,57.60476487,0,0,0,0,1,6/18/2022 3:27,30793
17,3,11,2,212,220,1856,21.7106201,1,1,0,0,1,11/17/2021 17:44,23519
8,5,7,0,233,236,1554,96.65077016,1,0,1,1,0,7/23/2021 8:28,19499
9,3,9,2,234,236,1539,48.17260859,0,1,0,1,1,9/7/2022 9:07,33575
20,6,10,1,228,233,1895,50.12340652,0,0,1,1,1,10/15/2022 20:06,34892
11,3,5,1,238,238,1987,92.4211805,0,1,1,1,1,5/12/2021 11:46,17038
0,3,1,2,211,220,1872,60.11599622,0,1,0,0,1,1/4/2023 0:32,37638
6,6,12,0,227,228,1606,75.8264204,1,1,1,0,0,12/24/2022 6:38,37270
22,6,1,1,231,238,1800,84.44887038,0,1,1,0,1,1/15/2022 22:59,25547
21,1,1,1,226,235,1848,79.78650574,0,0,0,0,1,1/4/2021 21:12,12668
0,4,5,2,237,238,1918,55.12898174,0,0,0,0,0,5/4/2023 0:52,41748
13,4,9,0,220,224,1916,87.85220538,1,1,1,0,1,9/21/2023 13:54,46561
7,4,12,1,227,228,1519,31.80918537,0,0,1,1,1,12/29/2022 7:10,37442
1,1,5,1,224,227,1587,39.76567979,0,0,0,1,1,5/15/2023 1:47,42126
9,5,8,1,232,239,1904,56.62317153,0,0,1,0,1,8/27/2021 9:26,20699
8,3,4,0,222,229,1785,76.48331456,0,1,1,0,0,4/8/2020 8:20,3369
6,2,11,2,234,234,1771,67.58124141,0,1,0,1,0,11/29/2022 6:02,36413
2,4,6,1,219,226,1538,55.76026808,0,0,0,1,1,6/15/2023 2:45,43189
13,3,2,2,225,230,1677,37.29235906,1,1,0,0,1,2/19/2020 13:16,1698
1,1,11,1,238,238,1953,94.19506523,1,0,1,0,1,11/8/2021 1:04,23187
2,2,7,2,232,234,1893,35.08725538,1,0,0,0,0,7/21/2020 2:20,6922
23,1,6,1,227,235,1779,19.0793086,0,0,0,1,1,6/28/2021 23:59,18665
5,6,2,2,223,230,1911,27.54187755,1,1,0,0,0,2/19/2022 5:45,26721
20,6,6,1,225,226,1932,47.43596179,0,0,1,0,1,6/12/2021 20:26,18112
20,6,7,1,214,221,1512,89.5232204,1,0,1,0,1,7/1/2023 20:19,43762
23,6,11,2,231,233,1575,60.35213198,1,0,0,1,0,11/19/2022 23:52,36096
0,3,1,0,220,221,1661,47.98411605,1,0,1,0,0,1/29/2020 0:04,960
13,7,7,1,215,224,1616,10.86979494,0,1,1,1,1,7/9/2023 13:20,44026
8,1,4,2,223,229,1661,13.10185506,1,1,0,1,1,4/17/2023 8:01,41176
17,6,4,0,228,229,1743,63.86703038,0,1,1,0,0,4/10/2021 17:59,15951
12,7,11,1,226,234,1738,52.93259094,1,0,0,1,1,11/6/2022 12:48,35635
16,6,7,1,232,234,1679,10.96192806,1,0,1,0,1,7/22/2023 16:00,44475
20,1,12,2,232,237,1861,66.3031269,0,1,0,1,0,12/7/2020 20:25,11708
3,4,8,1,222,229,1703,34.38272333,1,0,0,0,1,8/18/2022 3:27,32882
10,7,11,2,226,226,1594,36.70224793,0,1,0,1,0,11/21/2021 10:44,23646
10,6,9,1,220,226,1597,10.62727018,1,0,0,1,1,9/4/2021 10:52,20975
22,5,2,2,227,233,1577,58.31585926,0,1,0,1,0,2/25/2022 22:56,26951
15,4,7,2,225,226,1659,26.25665111,1,1,0,1,1,7/1/2021 15:46,18756
20,2,11,2,232,235,1744,49.93932397,1,0,0,0,0,11/29/2022 20:03,36433
15,5,1,0,224,229,1983,49.08677078,0,1,1,1,0,1/6/2023 15:36,37728
13,6,12,0,235,236,1513,57.28044506,0,1,1,0,0,12/10/2022 13:15,36800
5,2,3,0,233,234,1888,54.27020238,1,0,1,1,0,3/8/2022 5:37,27303
23,1,8,2,226,235,1732,69.97741501,1,1,0,1,0,8/14/2023 23:15,45273
7,6,6,1,236,237,1770,26.42452689,0,0,1,0,1,6/20/2020 7:40,5868
15,2,7,1,228,234,1897,48.82961256,0,0,1,0,1,7/11/2023 15:47,44098
3,4,7,2,220,223,1706,98.16929077,0,1,0,0,1,7/20/2023 3:43,44389
9,5,12,0,223,229,1593,50.76597331,1,1,1,0,0,12/4/2020 9:44,11590
12,4,6,1,238,238,1614,28.31561782,0,0,0,0,1,6/22/2023 12:45,43443
7,4,6,2,220,228,1763,71.22555102,1,1,0,0,0,6/18/2020 7:19,5799
23,3,3,2,220,224,1722,56.04668912,0,1,0,0,0,3/23/2022 23:21,27842
16,5,3,1,222,228,1776,39.70902691,0,0,0,1,1,3/19/2021 16:52,15196
22,6,4,1,220,229,1501,76.77755355,0,1,1,0,1,4/4/2020 22:20,3252
21,4,4,0,219,222,1811,85.74743529,0,1,1,1,0,4/20/2023 21:30,41298
19,7,3,0,226,233,1808,56.67014037,0,1,1,1,0,3/8/2020 19:17,2323
2,6,2,0,228,236,1514,64.27991451,0,1,1,1,0,2/12/2022 2:45,26477
19,5,11,0,230,235,1765,81.81545366,1,0,1,0,0,11/26/2021 19:41,23830
9,3,8,0,235,236,1576,36.73478393,0,1,1,1,0,8/12/2020 9:45,7686
4,3,7,2,222,229,1786,92.17418931,0,1,0,1,1,7/15/2020 4:04,6719
20,4,6,0,226,232,1761,65.89747492,1,1,1,1,1,6/3/2021 20:35,17804
15,7,3,1,236,239,1690,50.70461129,1,0,1,1,1,3/21/2021 15:49,15263
12,1,5,2,218,226,1651,36.71502701,1,1,0,0,0,5/2/2022 12:57,29197
16,1,4,1,227,228,1722,45.50763857,0,0,0,0,1,4/12/2021 16:14,16017
14,3,8,1,230,238,1810,61.55506493,1,0,0,1,1,8/3/2022 14:27,32384
11,2,10,0,217,221,1778,88.073938,1,1,1,1,1,10/26/2021 11:43,22757
15,1,9,0,224,229,1964,10.89864796,0,1,1,0,0,9/20/2021 15:49,21530
9,7,8,1,233,239,1735,61.97361314,0,0,1,1,0,8/22/2021 9:36,20528
3,3,7,1,221,229,1685,60.75342046,1,0,1,1,1,7/27/2022 3:45,32129
15,6,1,1,224,232,1590,94.5867734,0,0,1,1,1,1/15/2022 15:17,25536
7,7,3,0,224,228,1998,14.42729697,1,0,1,1,0,3/12/2023 7:12,39942
4,6,3,2,235,238,1613,43.40654202,0,1,0,0,0,3/20/2021 4:04,15212
1,6,10,1,238,239,1891,66.7285424,1,0,1,1,1,10/7/2023 1:19,47091
7,7,3,0,237,239,1813,23.8784246,1,1,1,1,1,3/28/2021 7:36,15491
22,1,10,1,231,234,1516,94.55815611,0,0,0,1,1,10/24/2022 22:03,35203
10,7,11,0,221,223,1960,51.31167304,0,1,1,1,0,11/7/2021 10:21,23166
5,1,10,1,220,222,1918,67.82548199,0,0,1,0,0,10/18/2021 5:23,22474
17,3,6,2,235,235,1511,18.10188483,0,0,0,1,0,6/10/2020 17:06,5539
14,4,4,0,220,228,1934,40.59338715,1,1,1,1,1,4/6/2023 14:49,40809
2,5,8,0,230,236,1663,69.13868591,1,0,1,0,0,8/21/2020 2:35,7984
7,1,12,2,225,234,1558,58.88523788,1,1,0,1,1,12/20/2021 7:09,24634
7,5,2,0,212,221,1973,45.50172637,1,1,1,0,1,2/5/2021 7:17,13744
20,2,8,2,226,232,1750,72.1276835,0,1,0,1,0,8/11/2020 20:26,7667
11,3,3,2,227,231,1757,49.52875131,0,0,0,0,0,3/25/2020 11:27,2894
8,1,10,2,215,221,1828,54.51044782,0,1,0,1,1,10/31/2022 8:14,35423
11,7,10,0,234,238,1688,22.39485776,0,1,1,0,0,10/10/2021 11:40,22209
12,2,1,2,216,220,1877,52.10345707,1,1,0,0,1,1/7/2020 12:58,225
21,7,11,2,226,234,1560,86.79150841,1,1,0,0,0,11/21/2021 21:57,23662
0,2,4,0,232,233,1666,71.19162233,0,1,1,0,0,4/18/2023 0:08,41199
20,4,5,0,220,227,1946,28.07574658,1,1,1,1,0,5/20/2021 20:54,17325
23,4,1,0,236,238,1863,18.2155536,1,1,1,0,0,1/19/2023 23:10,38184
23,1,5,2,217,224,1845,87.10996028,1,1,0,1,0,5/23/2022 23:21,29931
21,6,5,1,219,226,1717,59.94611031,1,0,0,0,1,5/9/2020 21:55,4450
22,5,4,0,219,220,1527,66.06121252,0,1,1,0,0,4/8/2022 22:00,28388
2,2,7,1,219,228,1571,58.05234459,1,0,1,1,1,7/27/2021 2:10,19627
18,2,4,1,232,238,1777,21.43401628,0,0,0,0,1,4/19/2022 18:00,28759
18,4,11,2,231,237,1573,48.60934746,0,0,0,1,0,11/24/2022 18:48,36260
20,3,3,1,220,220,1969,32.14192652,0,0,1,1,0,3/11/2020 20:10,2427
9,6,2,2,233,235,1609,34.5086573,0,1,0,1,1,2/12/2022 9:03,26486
16,5,5,1,226,230,1512,20.76975593,1,0,1,1,1,5/1/2020 16:59,4169
4,5,1,2,225,234,1510,61.08479118,0,1,0,1,1,1/3/2020 4:33,76
0,4,9,2,220,223,1948,40.61537022,0,1,0,1,1,9/1/2022 0:21,33357
19,6,10,1,231,239,1788,30.19359764,0,0,0,1,1,10/8/2022 19:54,34652
18,6,5,1,222,224,1889,17.09510755,0,0,1,1,1,5/21/2022 18:06,29855
14,1,5,1,232,234,1615,21.97054228,0,0,1,1,0,5/11/2020 14:34,4508
2,4,6,1,228,234,1994,18.48274635,0,0,0,1,1,6/25/2020 2:36,6032
10,4,8,2,220,228,1548,87.53478603,1,0,0,1,0,8/19/2021 10:07,20426
12,4,4,1,238,239,1579,75.73489212,0,0,0,0,1,4/21/2022 12:03,28819
16,2,12,1,216,225,1607,18.0339649,1,0,1,0,1,12/20/2022 16:26,37147
3,4,8,0,223,229,1899,97.78758448,0,1,1,0,0,8/19/2021 3:49,20417
6,6,2,2,235,235,1747,34.56258218,1,0,0,0,0,2/4/2023 6:24,38708
8,4,11,2,231,238,1678,76.48595502,0,1,0,0,1,11/12/2020 8:37,10835
20,6,8,1,224,232,1731,11.96999198,0,0,1,1,1,8/28/2021 20:29,20749
0,2,5,1,230,230,1727,94.95799503,1,0,1,1,1,5/12/2020 0:22,4522
13,3,12,1,233,236,1582,37.63824936,0,0,0,0,1,12/7/2022 13:04,36697
18,4,8,1,214,220,1516,32.16195224,0,1,1,1,1,8/6/2020 18:29,7493
18,6,1,2,215,222,1822,26.43666805,0,0,0,0,0,1/29/2022 18:28,26020
11,4,1,2,227,236,1803,61.33659646,0,0,0,0,0,1/14/2021 11:46,12997
12,7,2,2,222,223,1747,97.32574295,0,0,0,0,0,2/2/2020 12:00,1114
3,7,5,2,236,239,1600,21.06702678,0,1,0,0,0,5/22/2022 3:12,29868
21,4,6,1,220,229,1831,23.10873957,1,0,1,1,1,6/23/2022 21:31,30990
12,2,7,0,226,235,1838,71.37504134,1,0,1,0,0,7/19/2022 12:08,31867
22,4,9,1,222,226,1856,83.56807059,0,0,0,0,1,9/24/2020 22:40,9177
10,2,1,0,226,228,1900,67.71583976,0,1,1,0,0,1/18/2022 10:33,25632
9,2,8,2,239,239,1907,93.42732929,1,1,0,1,0,8/18/2020 9:25,7891
8,1,11,1,218,224,1764,34.86310297,0,0,0,0,1,11/9/2020 8:26,10732
12,5,1,1,224,229,1567,73.48596565,0,0,1,0,0,1/27/2023 12:41,38443
1,4,9,1,223,223,1697,87.18274628,1,0,1,0,1,9/2/2021 1:24,20893
15,5,2,2,215,222,1568,26.67463586,0,1,0,0,0,2/28/2020 15:14,2009
22,5,6,0,233,236,1842,14.84251265,0,1,1,0,0,6/3/2022 22:52,30307
22,2,12,0,225,229,1548,72.86872906,1,1,1,0,0,12/29/2020 22:56,12465
20,5,10,1,234,238,1989,43.48322834,0,0,1,0,0,10/15/2021 20:37,22393
16,1,3,2,217,224,1608,69.0261658,1,1,0,1,1,3/28/2022 16:11,28003
18,2,1,2,229,230,1547,23.44266223,0,1,0,0,0,1/14/2020 18:47,473
14,2,2,0,219,223,1785,58.20126333,0,1,1,1,0,2/16/2021 14:30,14131
4,5,3,0,212,221,1805,80.36871684,1,1,1,1,1,3/4/2022 4:12,27164
9,4,4,2,233,237,1856,24.52430245,0,1,0,1,0,4/21/2022 9:15,28815
14,6,1,1,216,222,1773,28.57780683,0,0,1,0,0,1/16/2021 14:14,13069
2,3,6,0,226,231,1564,34.10175414,1,0,1,1,0,6/15/2022 2:34,30689
0,4,6,0,221,227,1726,63.88130166,1,1,1,0,0,6/24/2021 0:51,18495
15,5,11,1,231,231,1522,10.99450279,1,0,1,0,1,11/4/2022 15:15,35570
0,7,4,1,221,225,1717,51.72451421,0,0,0,1,1,4/18/2021 0:29,16200
17,5,1,0,224,230,1987,62.85458686,0,1,1,0,0,1/15/2021 17:54,13040
17,2,6,1,236,238,1513,49.75411652,1,0,1,1,1,6/13/2023 17:49,43142
18,3,5,1,222,225,1575,55.63349954,1,0,0,1,1,5/10/2023 18:04,41978
4,5,11,2,225,228,1585,48.0960564,0,0,0,0,0,11/13/2020 4:14,10863
20,3,12,2,234,238,1685,43.07228498,1,1,0,0,1,12/22/2021 20:07,24721
23,5,4,2,216,221,1655,55.87715116,1,1,0,0,1,4/29/2022 23:17,29109
15,3,11,2,218,227,1712,89.74335163,0,1,0,1,1,11/9/2022 15:47,35742
21,1,10,1,237,238,1653,60.60774359,1,0,1,0,1,10/31/2022 21:32,35442
12,3,10,1,217,222,1765,85.6183653,0,1,1,0,1,10/18/2023 12:45,47484
12,5,1,1,222,226,1998,44.15260317,0,0,1,1,1,1/31/2020 12:21,1046
1,6,10,2,230,235,1836,68.42265866,0,1,0,0,0,10/30/2021 1:13,22879
23,7,5,2,222,226,1641,37.40519042,0,1,0,0,0,5/2/2021 23:18,16712
18,7,7,1,223,228,1948,48.65416035,0,0,0,1,1,7/19/2020 18:47,6877
3,7,5,1,216,221,1868,44.03788491,0,0,0,1,1,5/8/2022 3:31,29389
13,3,6,2,234,238,1729,86.60766617,0,0,0,0,0,6/17/2020 13:47,5774
6,5,7,2,216,224,1769,64.4879286,1,1,0,0,1,7/8/2022 6:19,31482
13,4,5,1,228,235,1537,93.30525369,0,0,1,1,0,5/18/2023 13:11,42245
14,5,2,0,218,227,1936,13.47605302,1,0,1,1,0,2/21/2020 14:20,1768
16,1,3,0,228,231,1640,70.89146899,1,1,1,1,1,3/28/2022 16:53,28004
1,4,11,2,223,231,1800,15.4193981,0,1,0,0,0,11/30/2023 1:08,48940
0,3,9,1,211,220,1598,75.96795688,0,0,1,0,1,9/1/2021 0:10,20857
16,6,6,0,227,230,1833,67.26155398,1,0,1,1,0,6/18/2022 16:04,30811
0,4,12,0,219,226,1741,34.28359405,1,1,1,0,1,12/3/2020 0:47,11543
5,2,9,2,228,230,1747,18.42975177,1,1,0,1,0,9/20/2022 5:29,34015
0,4,11,2,228,236,1687,21.33632563,0,1,0,0,1,11/16/2023 0:44,48460
23,6,4,1,226,228,1820,85.32556228,0,0,1,0,0,4/15/2023 23:04,41129
11,5,6,1,233,239,1781,51.73089197,0,1,1,0,1,6/16/2023 11:41,43236
15,5,5,1,223,223,1665,43.26187033,0,0,1,0,0,5/14/2021 15:37,17112
3,4,2,0,223,232,1758,75.6451214,1,0,1,0,0,2/13/2020 3:48,1479
3,1,11,0,221,222,1551,89.07554957,0,1,1,0,0,11/13/2023 3:21,48361
17,1,5,2,222,223,1943,15.1995288,0,1,0,0,1,5/31/2021 17:36,17697
14,2,4,0,223,231,1838,62.38316103,0,1,1,0,0,4/27/2021 14:21,16528
14,2,5,2,224,228,1858,11.21185464,0,1,0,1,0,5/23/2023 14:25,42418
1,1,11,2,225,228,1654,86.67475956,1,0,0,0,0,11/29/2021 1:39,23907
0,7,3,1,234,237,1899,10.46605025,1,0,1,1,1,3/22/2020 0:03,2775
10,3,12,1,217,222,1726,79.080434,1,0,1,1,1,12/30/2020 10:51,12482
12,3,9,1,231,232,1711,91.78852465,1,0,1,0,1,9/6/2023 12:16,46045
3,6,4,2,229,231,1788,41.56989719,1,1,0,0,1,4/16/2022 3:48,28636
15,3,9,2,225,225,1504,23.46050259,1,1,0,0,0,9/28/2022 15:19,34303
5,3,12,1,234,237,1995,53.29559072,1,0,0,0,1,12/16/2020 5:33,11995
11,7,10,1,214,221,1809,97.36981358,0,0,1,1,0,10/25/2020 11:01,10222
23,7,5,2,213,221,1932,47.52293544,1,0,0,0,0,5/8/2022 23:08,29417
17,7,11,2,216,221,1950,67.7630808,1,1,0,1,0,11/13/2022 17:12,35881
5,6,3,1,230,233,1914,87.33575803,1,0,1,0,1,3/5/2022 5:26,27200
5,3,6,1,223,231,1551,65.78102076,0,0,0,1,1,6/17/2020 5:23,5762
4,5,6,1,220,220,1969,83.33585362,0,1,1,1,1,6/25/2021 4:11,18534
10,2,8,1,221,228,1927,14.75453137,1,0,1,1,1,8/29/2023 10:51,45769
23,2,11,2,222,223,1874,31.15485031,0,0,0,1,0,11/17/2020 23:10,11027
1,5,4,1,228,232,1717,30.04575533,0,0,1,1,1,4/23/2021 1:01,16372
18,3,4,1,222,229,1994,74.26615007,0,0,0,0,1,4/28/2021 18:23,16568
16,6,7,1,225,230,1848,90.14181637,0,0,0,1,1,7/30/2022 16:33,32250
10,5,12,0,219,222,1529,51.6944046,1,1,1,1,0,12/25/2020 10:19,12310
8,6,11,2,231,239,1964,71.08500242,1,1,0,0,0,11/7/2020 8:04,10663
3,6,1,1,234,234,1757,24.40606873,1,0,0,1,1,1/21/2023 3:54,38225
18,1,2,1,220,222,1782,30.17375344,0,0,1,1,0,2/7/2022 18:19,26328
19,1,4,1,221,227,1669,60.10101893,0,0,1,1,0,4/10/2023 19:44,40953
21,2,1,2,212,221,1800,69.18715604,1,0,0,1,0,1/21/2020 21:04,716
1,7,8,2,231,239,1681,30.01576971,1,1,0,1,1,8/29/2021 1:23,20756
23,1,11,1,227,227,1547,92.93421126,0,0,0,0,1,11/22/2021 23:11,23698
3,7,8,2,226,231,1846,48.44480938,0,1,0,1,1,8/23/2020 3:39,8054
10,6,6,0,226,232,1624,99.82422736,1,1,1,0,1,6/4/2022 10:04,30323
12,4,11,0,213,221,1542,64.13443878,0,1,1,1,0,11/10/2022 12:49,35772
16,7,3,1,219,223,1897,60.14028083,0,0,1,1,1,3/22/2020 16:10,2798
15,2,6,1,221,221,1692,36.23417984,1,0,0,0,1,6/20/2023 15:54,43379
2,1,9,0,237,238,1870,43.72922728,0,1,1,0,0,9/27/2021 2:42,21751
9,5,5,2,215,223,1914,24.89212291,0,1,0,1,0,5/13/2022 9:40,29569
22,6,4,2,222,231,1678,28.98735031,0,1,0,0,1,4/2/2022 22:20,28183
9,6,4,0,226,231,1743,80.8655465,1,1,1,0,1,4/30/2022 9:48,29124
5,2,10,2,220,225,1782,98.12827446,1,1,0,0,0,10/4/2022 5:52,34495
13,6,2,2,220,226,1687,74.45515491,0,1,0,1,0,2/6/2021 13:25,13787
10,1,7,2,225,231,1922,13.6069747,0,0,0,0,0,7/12/2021 10:22,19125
12,2,2,2,212,221,1954,59.410761,1,0,0,0,0,2/9/2021 12:54,13889
4,5,1,1,213,222,1867,15.98834852,0,0,0,1,1,1/10/2020 4:45,316
17,2,7,1,225,226,1525,10.7469904,0,0,1,0,0,7/28/2020 17:56,7184
7,2,10,1,230,235,1853,45.92583227,0,0,1,0,1,10/31/2023 7:00,47921
5,7,11,1,221,229,1869,99.20208169,1,0,1,1,1,11/15/2020 5:17,10933
1,3,3,1,217,220,1934,32.66039006,0,0,1,1,1,3/22/2023 1:59,40277
13,7,2,1,214,223,1552,86.95671103,0,0,1,0,1,2/21/2021 13:38,14301
5,4,8,2,239,239,1522,78.62117506,1,0,0,0,0,8/20/2020 5:34,7954
23,3,12,2,236,236,1555,84.0410366,1,1,0,0,0,12/14/2022 23:04,36951
13,7,11,1,218,221,1842,63.09994105,0,0,1,0,1,11/7/2021 13:09,23170
2,6,11,2,214,223,1544,28.0909712,0,1,0,1,0,11/26/2022 2:21,36305
18,5,5,1,215,221,1916,46.03150246,0,0,0,1,1,5/13/2022 18:46,29582
7,1,3,2,235,239,1815,67.77612198,1,1,0,1,1,3/8/2021 7:33,14806
4,6,4,2,216,225,1961,52.79049791,1,1,0,0,0,4/9/2022 4:18,28397
19,1,9,1,230,239,1586,24.54495546,0,0,1,1,1,9/11/2023 19:49,46227
17,4,10,1,227,228,1805,54.71240505,0,0,1,0,1,10/29/2020 17:20,10368
8,1,5,0,230,231,1996,30.90900173,0,1,1,0,0,5/30/2022 8:08,30149
15,1,7,2,221,221,1662,23.83450514,1,1,0,1,0,7/3/2023 15:04,43823
21,1,10,1,217,226,1636,55.71808856,0,0,1,1,1,10/12/2020 21:40,9792
8,4,3,1,227,228,1735,66.36399411,1,0,0,1,1,3/26/2020 8:28,2924
18,4,2,2,236,236,1620,96.97509874,0,1,0,1,0,2/9/2023 18:09,38896
10,1,2,2,235,239,1744,14.8694746,1,1,0,1,1,2/8/2021 10:16,13851
10,5,4,0,217,220,1509,73.7101832,0,1,1,1,0,4/29/2022 10:40,29091
12,7,9,0,216,221,1573,94.47947512,1,1,1,1,1,9/27/2020 12:20,9265
9,3,5,2,230,232,1608,85.07369616,1,1,0,1,1,5/19/2021 9:51,17275
19,4,7,1,232,239,1706,75.59132236,0,0,1,1,0,7/1/2021 19:16,18761
13,2,6,1,228,236,1994,60.56092628,0,0,1,1,1,6/16/2020 13:58,5740
13,4,11,2,219,227,1595,91.66350282,0,1,0,0,1,11/19/2020 13:43,11082
8,6,12,2,219,222,1729,34.82149888,0,1,0,1,1,12/24/2022 8:02,37272
4,7,5,2,220,226,1841,93.53997036,1,1,0,0,0,5/10/2020 4:13,4459
16,6,12,1,234,236,1597,99.79014047,1,0,0,1,1,12/26/2020 16:27,12353
19,1,9,2,219,228,1904,86.21557557,0,1,0,1,0,9/28/2020 19:10,9309
11,7,1,2,223,231,1985,69.15378831,1,1,0,1,0,1/17/2021 11:15,13099
7,5,5,1,232,239,1537,11.07242738,0,0,0,0,1,5/6/2022 7:22,29326
18,3,3,2,216,222,1897,16.03787894,0,1,0,1,0,3/24/2021 18:06,15369
18,5,5,2,220,227,1715,37.68862863,0,1,0,0,1,5/15/2020 18:05,4650
9,6,7,1,224,230,1562,85.43972567,0,1,1,1,1,7/15/2023 9:29,44226
17,4,10,2,230,232,1727,30.95678737,1,1,0,0,0,10/27/2022 17:19,35299
17,1,11,2,219,222,1720,55.96539264,1,1,0,0,1,11/14/2022 17:44,35916
21,6,8,2,227,233,1818,64.30335478,0,1,0,1,0,8/22/2020 21:20,8045
5,2,11,0,224,232,1750,15.27043457,1,0,1,1,0,11/9/2021 5:48,23228
7,6,5,1,237,239,1627,95.79355016,0,0,1,1,1,5/16/2020 7:23,4669
19,7,2,0,220,221,1519,15.52671327,1,1,1,1,0,2/19/2023 19:56,39241
15,5,8,2,211,220,1838,85.3499056,1,0,0,1,0,8/19/2022 15:12,32933
9,5,1,0,221,225,1888,77.32903192,0,1,1,1,0,1/14/2022 9:09,25493
22,2,7,2,234,238,1507,13.42511291,0,0,0,0,0,7/13/2021 22:06,19176
12,7,3,2,227,234,1840,67.90349759,0,1,0,1,0,3/1/2020 12:47,2074
2,6,6,1,229,233,1789,54.46271666,0,0,0,1,1,6/10/2023 2:54,43018
22,5,11,2,227,231,1655,35.93016227,1,1,0,0,0,11/6/2020 22:58,10650
20,6,2,2,221,223,1888,42.93119994,1,1,0,1,1,2/8/2020 20:04,1331
19,1,8,0,232,236,1953,85.84878145,1,1,1,0,1,8/16/2021 19:45,20337
15,2,7,1,225,234,1611,83.47963999,1,0,1,0,1,7/18/2023 15:17,44337
0,6,10,0,225,231,1559,76.09766096,1,1,1,1,0,10/8/2022 0:17,34624
17,6,1,2,233,236,1855,19.53250746,1,1,0,1,1,1/15/2022 17:23,25539
16,3,1,2,230,234,1896,32.53405158,0,1,0,1,1,1/18/2023 16:20,38140
3,5,6,1,230,230,1717,43.8972577,0,0,1,0,1,6/12/2020 3:26,5588
19,7,1,2,224,232,1704,31.50396801,0,1,0,1,0,1/29/2023 19:21,38521
16,1,3,1,214,223,1590,66.41610382,0,0,0,1,1,3/21/2022 16:41,27764
16,4,10,2,228,229,1856,29.88354076,0,1,0,0,1,10/8/2020 16:03,9647
17,5,10,1,226,230,1775,35.63487858,1,0,1,1,1,10/14/2022 17:28,34854
6,3,9,0,230,238,1924,88.89832915,1,1,1,0,1,9/21/2022 6:00,34050
2,2,11,1,222,226,1846,86.69173137,0,1,1,0,1,11/16/2021 2:29,23463
1,6,1,0,212,221,1919,27.13225811,1,0,1,0,0,1/18/2020 1:58,586
7,7,2,1,230,233,1528,28.54526437,1,0,0,0,1,2/6/2022 7:17,26278
8,5,4,0,226,231,1985,24.77625089,1,1,1,1,0,4/21/2023 8:01,41313
15,2,8,2,213,221,1586,70.80159794,1,1,0,0,0,8/24/2021 15:34,20605
10,1,9,1,223,232,1925,44.77519066,0,0,1,0,0,9/13/2021 10:43,21283
11,3,4,1,232,232,1744,16.77344515,1,0,1,1,1,4/8/2020 11:08,3373
22,7,10,1,234,235,1587,28.22786547,1,0,0,1,1,10/22/2023 22:34,47635
2,7,5,0,222,225,1711,57.26600057,0,1,1,1,0,5/24/2020 2:31,4936
10,7,8,0,226,231,1703,22.43992305,1,1,1,0,0,8/28/2022 10:09,33234
5,6,8,0,238,238,1887,21.98986053,0,1,1,0,0,8/29/2020 5:25,8262
15,7,1,0,221,229,1687,86.49466069,0,1,1,0,0,1/8/2023 15:15,37796
5,4,10,0,214,223,1659,47.71343431,1,1,1,1,0,10/7/2021 5:53,22098
8,3,6,1,222,226,1653,24.85950893,0,0,0,1,1,6/3/2020 8:30,5287
4,5,4,2,222,230,1808,96.19967632,1,0,0,1,0,4/28/2023 4:43,41548
16,5,1,0,223,225,1868,81.86976028,0,1,1,0,0,1/7/2022 16:39,25264
7,1,12,2,238,239,1542,85.21664125,0,1,0,1,0,12/27/2021 7:20,24874
9,3,5,2,216,223,1578,52.50983258,1,0,0,0,0,5/3/2023 9:27,41726
16,6,3,2,233,233,1513,30.06654552,1,1,0,0,0,3/7/2020 16:39,2285
3,6,5,1,223,227,1644,83.28690583,0,0,1,0,1,5/2/2020 3:30,4184
15,2,8,2,215,222,1532,60.76912499,1,1,0,0,1,8/10/2021 15:52,20126
5,4,12,0,213,222,1655,17.67470601,1,1,1,1,1,12/2/2021 5:20,24015
20,4,1,2,217,224,1698,12.61190708,1,0,0,0,0,1/23/2020 20:02,783
0,1,1,1,216,222,1768,69.87512162,0,1,1,0,1,1/2/2023 0:10,37569
20,3,1,1,219,225,1896,27.158663,0,1,1,0,1,1/13/2021 20:21,12975
22,3,11,2,222,223,1593,10.95208314,1,1,0,0,1,11/9/2022 22:48,35752
17,6,9,2,229,237,1990,10.24415674,1,0,0,0,0,9/30/2023 17:57,46875
8,4,6,1,219,222,1770,85.61976259,0,0,1,1,1,6/1/2023 8:40,42718
22,6,6,1,217,223,1763,91.50304067,0,1,1,1,1,6/10/2023 22:32,43046
1,5,9,0,218,223,1510,65.60490818,0,1,1,1,0,9/1/2023 1:55,45859
5,1,5,0,223,225,1996,40.29066194,1,0,1,0,0,5/4/2020 5:15,4255
16,2,7,0,229,232,1984,50.86771006,0,1,1,1,0,7/26/2022 16:32,32113
21,4,10,0,233,238,1847,80.13916979,1,1,1,0,1,10/20/2022 21:20,35065
1,2,3,0,224,233,1765,89.49960107,0,1,1,0,0,3/8/2022 1:25,27297
7,7,7,1,224,231,1515,17.50161456,0,0,0,1,1,7/31/2022 7:16,32271
15,4,3,0,220,224,1715,36.16707544,1,1,1,1,0,3/26/2020 15:29,2934
12,1,7,1,226,235,1923,84.40895085,0,1,1,0,1,7/27/2020 12:30,7142
18,3,6,0,232,238,1649,68.75572054,1,1,1,0,1,6/10/2020 18:30,5541
8,6,1,1,229,231,1906,95.37113461,0,1,1,0,1,1/28/2023 8:18,38471
20,7,4,2,233,237,1575,22.11110878,1,1,0,0,0,4/5/2020 20:04,3283
15,6,6,2,214,221,1540,65.59646154,1,1,0,0,0,6/12/2021 15:32,18105
1,7,8,2,223,225,1910,84.99304917,0,1,0,1,1,8/27/2023 1:23,45687
7,1,4,0,220,228,1915,93.71754011,1,0,1,0,0,4/19/2021 7:19,16244
19,2,11,2,220,221,1650,47.31870939,1,0,0,0,0,11/28/2023 19:00,48897
12,1,2,2,223,227,1544,14.18434772,1,1,0,1,1,2/27/2023 12:57,39505
21,5,9,2,232,235,1563,31.631097,1,0,0,0,0,9/15/2023 21:14,46366
12,4,5,2,221,222,1870,15.76774907,1,1,0,0,0,5/5/2022 12:26,29299
18,5,4,0,220,224,1954,13.77140266,1,0,1,1,0,4/9/2021 18:51,15918
18,1,9,0,220,226,1788,14.3251428,0,1,1,0,0,9/25/2023 18:07,46704
22,7,3,0,222,223,1705,10.51186617,1,1,1,1,1,3/5/2023 22:26,39724
1,5,11,0,227,236,1628,85.75812302,1,0,1,0,0,11/10/2023 1:04,48255
22,3,1,2,227,229,1556,39.91541479,1,1,0,0,0,1/27/2021 22:51,13458
8,2,3,1,215,222,1920,59.2203727,1,0,0,1,1,3/31/2020 8:19,3095
22,4,4,2,228,233,1515,28.12909411,0,0,0,0,0,4/2/2020 22:41,3184
11,4,12,2,229,237,1647,51.65419259,0,1,0,1,1,12/24/2020 11:53,12278
17,3,3,0,225,225,1769,22.23697308,1,0,1,0,0,3/4/2020 17:10,2183
17,6,4,2,215,222,1525,31.5506834,1,1,0,0,0,4/9/2022 17:37,28416
7,2,5,1,224,225,1517,78.8231417,1,0,1,0,1,5/16/2023 7:13,42168
18,3,1,1,218,221,1861,65.46565553,0,0,1,0,0,1/27/2021 18:38,13452
11,5,9,0,219,220,1868,12.16187437,1,1,1,0,1,9/3/2021 11:44,20942
21,6,8,0,218,222,1886,77.47090064,0,1,1,1,0,8/14/2021 21:30,20271
15,4,3,1,219,228,1501,76.89286017,0,0,0,1,1,3/4/2021 15:56,14681
7,1,7,2,218,224,1592,99.15113109,1,1,0,1,0,7/19/2021 7:03,19360
13,7,9,2,228,237,1902,84.87874796,1,0,0,0,0,9/25/2022 13:02,34197
17,2,7,2,228,236,1980,46.06559879,0,0,0,0,0,7/4/2023 17:00,43860
15,4,6,2,229,238,1792,18.70815333,1,0,0,1,0,6/10/2021 15:10,18036
13,4,7,1,221,221,1974,59.04698582,0,0,0,1,1,7/14/2022 13:00,31697
17,6,10,2,228,236,1886,33.38523106,1,1,0,0,1,10/8/2022 17:48,34649
19,7,2,2,227,232,1885,13.54385468,0,1,0,0,1,2/6/2022 19:12,26295
21,5,1,1,223,232,1845,52.61439435,0,0,1,0,1,1/29/2021 21:48,13525
0,3,5,0,233,236,1952,22.00865346,1,0,1,1,0,5/24/2023 0:56,42433
4,4,5,0,222,231,1608,38.12560734,0,1,1,0,0,5/12/2022 4:14,29527
4,1,8,0,230,234,1858,72.04130282,1,1,1,1,1,8/21/2023 4:31,45486
19,6,5,2,222,225,1742,71.8954878,1,0,0,0,0,5/6/2023 19:27,41843
19,5,5,2,223,228,1714,10.8807542,0,0,0,1,0,5/19/2023 19:19,42288
1,3,3,2,230,232,1712,92.47451873,0,0,0,0,0,3/29/2023 1:28,40516
3,6,2,1,219,226,1587,34.32328288,1,0,1,0,1,2/27/2021 3:29,14492
10,4,4,1,216,221,1646,98.17394469,0,0,1,0,1,4/22/2021 10:18,16351
8,6,5,2,235,238,1669,87.19188208,0,1,0,1,1,5/6/2023 8:14,41827
9,4,8,1,226,229,1917,10.89619129,0,0,0,0,1,8/24/2023 9:36,45596
5,1,8,1,223,223,1623,41.04591476,0,0,0,1,1,8/23/2021 5:13,20556
18,2,11,0,215,222,1777,48.56433227,1,0,1,1,0,11/29/2022 18:39,36431
15,3,1,1,225,227,1827,65.30829754,1,0,0,0,1,1/25/2023 15:08,38378
19,4,1,2,222,225,1657,22.88439413,1,0,0,0,0,1/2/2020 19:27,63
3,4,12,0,224,230,1718,92.07822168,1,1,1,0,0,12/10/2020 3:47,11787
2,5,9,1,228,235,1980,55.83335511,0,0,1,0,0,9/16/2022 2:40,33874
15,3,11,2,214,220,1815,95.46484033,1,0,0,0,0,11/17/2021 15:38,23516
7,7,2,0,223,229,1810,22.58455307,1,1,1,0,0,2/2/2020 7:06,1107
19,5,6,1,221,230,1584,14.66847303,0,1,1,0,1,6/17/2022 19:45,30782
2,7,7,2,217,225,1780,86.98219114,1,1,0,1,1,7/10/2022 2:28,31545
4,1,6,0,238,238,1608,56.4830851,1,0,1,0,0,6/20/2022 4:31,30863
9,5,8,0,215,223,1990,92.73297579,0,1,1,0,0,8/7/2020 9:54,7515
17,5,4,0,213,220,1698,38.78847336,1,1,1,1,1,4/10/2020 17:06,3450
23,7,2,1,233,234,1596,69.55423276,0,0,1,1,1,2/20/2022 23:47,26781
21,6,5,1,223,225,1900,97.42538405,1,0,0,0,1,5/14/2022 21:24,29620
20,1,8,2,230,234,1908,53.94116138,0,1,0,1,1,8/7/2023 20:57,45030
23,3,10,1,233,238,1500,29.02283279,1,0,1,1,1,10/28/2020 23:07,10342
6,1,11,1,216,222,1526,35.3086815,0,0,0,1,1,11/15/2021 6:10,23434
1,5,9,0,223,224,1935,16.30212884,1,0,1,0,0,9/9/2022 1:04,33632
5,3,9,2,230,238,1662,31.87966675,1,1,0,0,1,9/2/2020 5:26,8399
16,1,1,2,217,222,1966,31.31619215,0,1,0,1,0,1/6/2020 16:39,196
8,6,12,1,217,221,1867,72.94940352,0,1,1,0,1,12/3/2022 8:09,36553
19,6,2,2,215,223,1943,63.4275518,0,1,0,1,0,2/6/2021 19:43,13796
13,6,2,2,222,231,1880,96.6793689,0,1,0,0,0,2/11/2023 13:36,38958
3,1,7,2,229,236,1628,98.98772943,0,1,0,0,1,7/13/2020 3:42,6650
4,6,9,2,219,225,1520,29.74666692,1,1,0,0,1,9/3/2022 4:12,33431
15,5,6,1,225,225,1742,16.79132825,0,0,1,1,0,6/5/2020 15:52,5366
16,1,10,1,232,235,1974,57.77305452,1,0,1,0,1,10/17/2022 16:57,34956
9,4,11,2,229,232,1967,81.39225529,0,0,0,1,0,11/24/2022 9:42,36247
9,6,9,1,226,228,1952,68.04601734,0,0,0,1,1,9/18/2021 9:09,21452
15,1,6,1,228,236,1722,49.47781248,0,0,1,1,1,6/1/2020 15:09,5228
3,1,9,2,215,224,1992,14.22243609,1,1,0,0,0,9/28/2020 3:03,9286
2,6,6,0,231,235,1793,13.76649521,1,1,1,0,1,6/13/2020 2:34,5621
4,5,10,1,230,238,1561,42.21924542,1,0,1,1,1,10/21/2022 4:21,35075
4,4,9,0,216,225,1661,75.05986359,1,0,1,1,0,9/17/2020 4:15,8911
10,5,4,2,229,238,1844,21.07707333,1,0,0,1,0,4/2/2021 10:15,15666
8,2,11,1,226,230,1897,99.02157364,0,0,0,0,1,11/15/2022 8:27,35937
16,5,5,2,218,220,1550,59.41809653,0,1,0,1,1,5/26/2023 16:42,42524
10,7,2,2,236,239,1704,85.8791724,1,1,0,0,1,2/9/2020 10:05,1351
2,1,11,2,225,231,1914,70.77440927,0,1,0,0,1,11/1/2021 2:58,22950
23,4,10,1,216,222,1814,79.78830014,0,0,1,1,1,10/8/2020 23:45,9658
15,5,11,2,230,232,1569,79.30981563,1,1,0,1,1,11/24/2023 15:29,48755
12,7,1,1,227,234,1546,79.75389015,0,1,1,0,1,1/17/2021 12:39,13101
21,6,5,2,225,225,1833,13.08739424,1,1,0,1,0,5/29/2021 21:27,17634
14,4,5,1,235,236,1890,68.80268276,0,1,1,1,1,5/19/2022 14:14,29781
2,7,6,2,235,235,1729,55.57338896,1,1,0,0,1,6/28/2020 2:47,6135
6,1,6,2,231,236,1830,40.05679751,0,0,0,1,0,6/6/2022 6:56,30387
6,1,2,2,233,234,1950,17.28203289,1,1,0,0,0,2/3/2020 6:55,1141
9,1,9,0,220,226,1822,87.88175429,1,0,1,0,0,9/21/2020 9:52,9056
7,5,10,1,222,224,1685,73.05466092,1,0,1,0,1,10/7/2022 7:27,34600
11,7,12,2,231,234,1622,14.01872308,0,1,0,1,1,12/25/2022 11:22,37311
4,5,5,2,226,233,1887,81.77610051,0,1,0,0,0,5/29/2020 4:27,5110
5,5,12,0,237,238,1559,85.50330518,1,1,1,0,0,12/11/2020 5:01,11823
6,2,5,0,224,232,1699,98.77452358,1,1,1,1,0,5/30/2023 6:54,42647
21,2,4,0,225,233,1786,10.99804891,1,1,1,1,1,4/21/2020 21:31,3833
17,6,10,0,218,221,1915,35.5573409,1,1,1,1,0,10/15/2022 17:59,34889
10,7,4,1,220,220,1788,79.17027914,0,0,0,1,1,4/16/2023 10:59,41146
5,1,2,0,228,229,1805,81.48349124,0,1,1,0,0,2/27/2023 5:56,39495
8,3,1,1,222,222,1735,33.92203744,1,0,0,0,1,1/4/2023 8:14,37649
10,7,11,2,220,227,1709,92.01540104,0,1,0,1,0,11/28/2021 10:56,23886
17,5,12,0,223,232,1503,18.75838328,1,1,1,0,1,12/10/2021 17:17,24306
15,4,6,1,217,225,1522,43.51837325,0,1,1,0,1,6/8/2023 15:52,42968
20,4,3,2,218,223,1785,80.73190315,0,1,0,1,1,3/30/2023 20:13,40577
14,5,11,2,238,238,1895,57.52911813,1,1,0,0,0,11/3/2023 14:54,48035
21,1,1,0,226,233,1691,93.33379282,1,0,1,1,0,1/20/2020 21:15,682
22,4,9,0,223,227,1899,72.33946426,1,1,1,0,0,9/23/2021 22:18,21642
12,6,7,0,217,223,1583,47.55882441,1,1,1,1,1,7/2/2022 12:15,31285
1,7,2,2,217,225,1509,97.28479762,0,0,0,1,0,2/26/2023 1:12,39454
20,1,3,1,220,227,1870,86.52050745,0,0,1,1,0,3/20/2023 20:33,40235
1,3,10,2,223,226,1921,48.21428787,0,1,0,0,0,10/4/2023 1:50,46989
18,6,2,2,215,224,1939,18.4610345,0,1,0,1,1,2/4/2023 18:19,38725
12,7,4,1,221,229,1640,10.93436807,0,0,1,1,1,4/17/2022 12:02,28682
4,2,8,0,213,222,1739,10.97432805,1,0,1,0,0,8/22/2023 4:21,45520
12,3,1,2,213,221,1661,80.36597687,0,0,0,0,0,1/11/2023 12:38,37895
6,2,2,0,213,221,1922,81.93628596,1,0,1,1,0,2/11/2020 6:57,1415
6,3,12,2,223,228,1501,67.86678008,1,0,0,1,0,12/14/2022 6:57,36928
5,1,7,1,218,222,1710,74.68255306,0,0,1,0,0,7/3/2023 5:15,43809
17,1,3,0,218,227,1517,31.96916218,1,1,1,1,0,3/22/2021 17:45,15300
9,5,10,1,217,226,1907,69.96556107,0,1,1,0,1,10/1/2021 9:01,21897
12,6,2,1,220,223,1927,42.17146116,0,0,1,1,0,2/27/2021 12:36,14505
2,1,8,1,219,226,1673,91.37503261,1,0,0,1,1,8/8/2022 2:23,32538
12,5,5,1,213,222,1567,87.27628515,0,0,1,0,1,5/6/2022 12:16,29333
0,1,6,2,223,226,1703,94.84960308,1,1,0,1,1,6/28/2021 0:09,18631
18,7,8,0,227,230,1771,42.7124466,1,1,1,1,1,8/29/2021 18:12,20780
0,6,7,1,222,227,1511,40.31278205,0,0,1,1,1,7/10/2021 0:54,19043
1,2,11,0,232,232,1881,20.0559272,1,1,1,1,0,11/3/2020 1:03,10516
20,7,3,2,213,221,1744,14.78196272,0,1,0,0,1,3/28/2021 20:13,15509
8,1,11,2,218,221,1873,37.59873393,0,0,0,0,0,11/8/2021 8:04,23197
11,4,8,2,233,233,1866,93.20045566,1,1,0,1,0,8/26/2021 11:43,20668
11,3,4,1,231,231,1635,85.40910333,0,1,1,1,1,4/1/2020 11:39,3134
21,6,1,2,217,221,1918,28.7474154,1,0,0,0,0,1/9/2021 21:03,12839
5,1,5,1,233,238,1736,88.62701827,1,0,0,1,1,5/10/2021 5:06,16960
13,4,5,1,226,234,1963,96.43768512,1,0,1,0,1,5/26/2022 13:44,30020
14,7,1,1,229,229,1877,45.13671596,0,0,0,1,1,1/24/2021 14:15,13343
8,5,12,2,223,232,1571,74.61170882,0,0,0,1,0,12/17/2021 8:22,24533
13,5,10,2,221,227,1613,88.01379244,1,1,0,0,1,10/22/2021 13:48,22623
7,2,3,0,215,221,1655,10.81399967,1,1,1,0,1,3/29/2022 7:36,28025
15,4,10,2,220,226,1667,33.58897735,0,1,0,0,0,10/26/2023 15:34,47762
1,2,7,2,214,221,1930,66.42396518,1,0,0,0,0,7/13/2021 1:47,19147
16,6,1,2,225,226,1978,81.0714913,1,0,0,0,0,1/2/2021 16:39,12593
20,2,7,1,226,228,1914,54.65055097,0,0,1,1,0,7/11/2023 20:42,44105
22,7,8,1,227,235,1674,43.40981712,1,0,1,0,1,8/8/2021 22:32,20067
21,1,12,1,230,237,1607,92.27949171,1,0,0,0,1,12/5/2022 21:49,36641
10,7,2,0,228,237,1795,69.52146797,1,1,1,1,0,2/19/2023 10:07,39227
6,3,12,2,224,228,1941,30.0956945,1,0,0,1,0,12/21/2022 6:27,37167
15,4,12,2,233,238,1962,21.15335171,0,1,0,1,1,12/8/2022 15:00,36734
2,6,9,1,233,238,1832,38.2403409,1,0,0,0,1,9/5/2020 2:06,8497
21,7,11,1,235,235,1635,44.492965,0,0,1,0,0,11/19/2023 21:57,48593
9,5,3,2,226,230,1560,78.63756664,0,0,0,1,0,3/27/2020 9:42,2960
5,1,10,2,220,225,1626,62.63202056,0,1,0,1,1,10/17/2022 5:02,34939
19,5,10,2,231,233,1817,41.85681658,1,1,0,1,0,10/23/2020 19:04,10165
4,5,6,1,220,227,1661,65.80391804,1,0,0,0,1,6/23/2023 4:52,43466
17,3,10,1,224,228,1858,47.87579726,0,0,1,0,0,10/6/2021 17:16,22080
13,3,12,1,225,228,1608,42.75511668,1,0,0,0,1,12/14/2022 13:15,36937
10,3,2,1,226,231,1774,92.49461935,0,0,0,1,1,2/8/2023 10:37,38851
10,2,11,1,216,223,1963,56.28210376,0,0,1,1,1,11/22/2022 10:02,36179
13,5,6,2,219,221,1847,29.45304861,1,1,0,1,0,6/26/2020 13:39,6082
12,4,10,0,227,229,1667,90.95278394,0,1,1,0,0,10/13/2022 12:44,34813
19,5,9,0,225,232,1850,27.32889586,1,0,1,1,0,9/9/2022 19:17,33658
0,7,4,2,220,222,1543,20.9281251,0,1,0,0,1,4/24/2022 0:19,28905
8,2,5,1,217,224,1909,97.96117186,1,0,1,0,1,5/30/2023 8:18,42649
1,5,11,0,228,234,1697,78.77920694,1,1,1,1,0,11/13/2020 1:26,10859
12,5,2,0,225,233,1854,19.58504042,1,0,1,0,0,2/14/2020 12:02,1525
13,1,1,0,231,232,1959,15.48228885,1,1,1,1,1,1/24/2022 13:02,25841
12,6,3,1,229,235,1927,36.70307866,0,0,1,1,1,3/4/2023 12:05,39675
17,7,5,2,226,232,1811,63.53210092,0,0,0,1,0,5/24/2020 17:56,4958
19,5,7,2,226,232,1823,78.68073937,0,0,0,0,0,7/2/2021 19:47,18796
10,3,7,2,221,230,1512,26.14143033,1,0,0,1,0,7/5/2023 10:31,43885
10,2,10,1,235,238,1799,51.32504204,0,0,1,0,1,10/17/2023 10:07,47446
5,3,3,2,237,238,1683,64.70377706,1,0,0,0,0,3/25/2020 5:08,2885
0,4,7,1,222,224,1818,98.76589999,1,0,0,1,1,7/20/2023 0:13,44384
4,1,9,1,213,220,1721,98.62725554,0,0,1,0,0,9/27/2021 4:48,21754
19,7,10,0,229,234,1559,25.07467008,1,0,1,0,0,10/29/2023 19:58,47871
15,7,1,2,227,236,1857,60.6836496,0,1,0,0,0,1/1/2023 15:04,37556
20,1,7,1,231,237,1947,21.09290727,1,0,0,1,1,7/13/2020 20:31,6674
8,7,10,2,217,224,1576,24.72683866,1,1,0,1,0,10/30/2022 8:24,35389
23,3,10,1,217,226,1942,67.01516133,0,1,1,0,1,10/11/2023 23:04,47259
1,1,11,1,215,220,1565,26.72929667,0,1,1,1,1,11/23/2020 1:49,11202
0,5,10,2,226,231,1943,11.67804042,1,1,0,0,1,10/22/2021 0:29,22604
18,7,2,1,211,220,1526,98.56693948,1,0,0,1,1,2/23/2020 18:53,1843
4,4,9,2,228,235,1814,70.1278402,1,1,0,0,1,9/21/2023 4:05,46547
15,2,1,1,219,226,1873,66.9975485,1,0,0,0,1,1/19/2021 15:49,13174
4,7,5,0,227,230,1985,52.55093215,1,1,1,0,0,5/28/2023 4:27,42575
14,4,10,2,218,222,1808,78.3328466,0,0,0,0,0,10/6/2022 14:38,34576
19,5,12,2,226,231,1960,27.75649695,0,1,0,0,0,12/4/2020 19:32,11604
22,3,4,1,230,235,1678,87.20963793,0,0,1,1,1,4/27/2022 22:56,29040
0,5,1,1,221,223,1563,59.73318205,0,0,0,1,1,1/21/2022 0:14,25720
9,4,8,2,235,238,1539,64.24411817,1,0,0,0,0,8/10/2023 9:13,45116
4,7,11,2,224,231,1578,89.30185299,0,1,0,1,0,11/13/2022 4:35,35863
1,4,5,1,226,227,1613,16.7881963,0,0,1,1,1,5/26/2022 1:07,30002
20,7,9,1,214,221,1863,92.34052932,1,0,0,1,1,9/20/2020 20:33,9037
3,3,8,2,217,221,1633,58.84841844,0,0,0,1,0,8/24/2022 3:50,33088
10,3,5,2,232,232,1741,90.1001416,0,1,0,0,1,5/26/2021 10:03,17515
4,2,12,1,220,229,1963,17.89606283,0,0,1,0,1,12/1/2020 4:38,11480
5,3,5,1,227,229,1504,40.91218815,0,0,1,0,0,5/17/2023 5:39,42200
1,4,3,0,217,226,1590,13.17751368,1,1,1,1,0,3/30/2023 1:18,40550
5,7,9,2,222,229,1643,23.89151994,0,0,0,0,0,9/4/2022 5:26,33467
1,6,12,1,226,232,1627,99.93208227,1,0,1,1,1,12/4/2021 1:29,24078
8,1,3,0,239,239,1687,66.17433013,1,0,1,1,0,3/29/2021 8:08,15526
10,5,4,1,223,225,1540,58.31951086,1,0,0,1,1,4/23/2021 10:08,16385
15,7,2,1,222,225,1952,98.86708992,1,0,1,1,1,2/20/2022 15:23,26769
22,7,3,2,232,234,1904,14.66434232,1,0,0,1,0,3/28/2021 22:19,15512
4,7,5,0,230,232,1927,48.40077701,0,1,1,0,0,5/21/2023 4:57,42336
5,7,1,0,224,229,1764,46.69236099,0,1,1,1,0,1/3/2021 5:57,12612
10,5,3,1,217,226,1988,15.10598601,0,1,1,1,1,3/26/2021 10:45,15427
7,7,7,0,218,224,1764,76.16428021,0,1,1,1,0,7/9/2023 7:01,44017
13,5,3,1,224,233,1997,41.07314721,0,0,0,1,1,3/13/2020 13:31,2486
5,6,4,0,239,239,1942,30.42565761,1,1,1,1,1,4/10/2021 5:22,15933
12,3,9,2,229,233,1714,55.81042937,0,1,0,1,0,9/2/2020 12:26,8409
15,4,11,0,225,234,1718,64.48787479,1,0,1,1,0,11/17/2022 15:06,36015
6,5,6,2,217,226,1972,22.77907228,0,1,0,0,1,6/23/2023 6:59,43469
12,4,3,1,214,223,1978,47.14470258,1,0,0,0,1,3/31/2022 12:52,28101
15,3,5,2,236,238,1925,47.83771706,0,0,0,0,0,5/31/2023 15:51,42694
3,4,2,1,215,220,1883,99.29994862,0,0,1,0,1,2/6/2020 3:36,1239
22,5,12,0,232,239,1521,91.38624947,1,0,1,0,0,12/11/2020 22:32,11848
3,3,9,0,230,233,1830,73.46547691,0,1,1,0,0,9/29/2021 3:45,21821
13,5,10,2,234,238,1819,80.2320656,0,1,0,0,0,10/6/2023 13:25,47074
16,4,8,2,226,227,1967,61.54453378,1,1,0,1,1,8/31/2023 16:49,45846
13,6,5,1,217,224,1518,77.48261082,0,0,1,1,1,5/29/2021 13:02,17622
3,5,2,2,223,224,1596,50.5626323,0,1,0,1,1,2/21/2020 3:07,1752
18,7,10,0,214,222,1611,40.16931057,0,1,1,1,0,10/15/2023 18:52,47390
9,6,10,1,214,221,1672,18.75288797,1,0,0,1,1,10/22/2022 9:47,35117
9,7,6,2,216,225,1532,40.45743181,0,1,0,1,1,6/4/2023 9:33,42822
7,6,7,2,218,225,1628,82.28673767,0,1,0,1,1,7/8/2023 7:54,43984
5,6,8,1,215,221,1884,72.96150474,0,0,0,1,1,8/15/2020 5:02,7782
9,4,9,2,216,222,1832,57.69557034,0,1,0,1,1,9/3/2020 9:28,8439
23,1,8,1,229,230,1881,56.02758422,0,0,0,0,1,8/21/2023 23:26,45513
3,4,3,1,233,236,1597,76.78637663,0,1,1,1,1,3/23/2023 3:12,40313
12,5,1,1,218,223,1550,28.24003664,0,0,1,1,1,1/3/2020 12:58,88
22,3,12,1,223,232,1857,88.76157486,0,1,1,0,1,12/21/2022 22:34,37190
17,7,8,2,217,223,1791,33.66370067,0,1,0,0,0,8/30/2020 17:09,8313
16,1,2,2,221,228,1749,26.86280607,0,0,0,0,0,2/6/2023 16:34,38791
10,1,5,1,221,226,1754,79.76379353,1,0,0,1,1,5/2/2022 10:09,29193
17,3,9,1,219,222,1636,97.75350888,0,1,1,0,1,9/16/2020 17:44,8896
8,6,6,2,228,237,1631,58.13132769,1,0,0,1,0,6/24/2023 8:54,43506
5,6,4,2,237,239,1528,97.16424312,1,1,0,0,1,4/9/2022 5:00,28398
17,4,8,1,225,229,1647,79.59468283,1,0,1,1,1,8/6/2020 17:05,7491
15,2,2,1,225,234,1671,73.86927627,1,0,0,1,1,2/4/2020 15:09,1187
13,7,6,2,223,231,1831,41.30472119,0,0,0,0,0,6/19/2022 13:06,30841
12,1,6,0,225,229,1937,41.42314682,1,1,1,1,0,6/12/2023 12:22,43100
4,7,10,2,234,238,1799,11.64615153,0,1,0,1,0,10/17/2021 4:09,22438
3,4,12,1,222,223,1695,44.29947134,0,1,1,1,1,12/9/2021 3:26,24252
16,2,10,1,229,237,1857,69.52732327,0,1,1,0,1,10/12/2021 16:56,22285
17,7,1,2,220,220,1915,22.16125777,1,1,0,0,1,1/12/2020 17:43,403
20,6,8,1,225,227,1793,69.61071997,0,1,1,0,1,8/6/2022 20:57,32496
13,6,9,1,225,231,1788,85.75247236,0,0,1,0,0,9/18/2021 13:21,21458
21,2,6,0,222,230,1715,83.46058643,1,1,1,1,0,6/9/2020 21:29,5511
17,6,9,1,231,233,1764,89.7550726,0,0,1,1,1,9/4/2021 17:52,20985
22,6,5,1,221,225,1513,51.4587709,0,1,1,1,1,5/2/2020 22:25,4211
22,3,3,1,231,235,1981,80.87499912,0,0,1,1,1,3/2/2022 22:46,27122
16,2,12,1,219,221,1881,85.22151998,0,0,1,1,0,12/8/2020 16:45,11737
4,3,4,1,225,228,1566,34.91442399,0,0,1,1,0,4/5/2023 4:28,40760
14,6,8,0,230,231,1846,23.65324756,1,1,1,0,1,8/12/2023 14:29,45192
3,4,11,0,222,223,1755,16.74483462,0,1,1,1,0,11/10/2022 3:00,35758
23,4,7,2,230,231,1930,25.78762205,0,1,0,0,1,7/15/2021 23:09,19246
2,6,8,2,220,227,1669,95.85299052,1,1,0,0,0,8/19/2023 2:04,45414
10,5,5,1,218,225,1873,54.76379364,0,0,1,1,1,5/15/2020 10:22,4639
9,4,6,1,212,221,1973,97.80169134,0,1,1,1,1,6/23/2022 9:36,30973
17,4,7,1,236,238,1999,29.79405767,0,0,0,0,1,7/14/2022 17:54,31704
16,7,12,2,220,227,1651,55.45216456,0,1,0,1,0,12/12/2021 16:14,24373
12,6,12,1,232,239,1900,82.10551928,0,0,0,0,1,12/3/2022 12:21,36559
9,1,2,2,214,220,1880,65.60230672,0,1,0,1,1,2/22/2021 9:15,14329
10,3,4,0,218,227,1631,76.88412412,1,1,1,1,1,4/13/2022 10:38,28543
21,6,7,1,217,221,1607,38.31711732,0,1,1,0,1,7/18/2020 21:46,6847
19,1,3,2,228,236,1971,18.99404927,1,1,0,1,1,3/23/2020 19:30,2837
19,4,6,0,219,221,1628,89.90825909,0,1,1,0,0,6/1/2023 19:53,42734
11,1,4,2,228,229,1608,53.73598685,1,1,0,1,0,4/4/2022 11:29,28236
16,7,10,2,217,224,1983,92.396058,1,1,0,0,0,10/8/2023 16:34,47147
15,2,2,1,233,236,1693,31.17112068,1,0,0,0,1,2/1/2022 15:09,26118
1,6,6,2,223,223,1784,27.72886745,0,1,0,1,0,6/19/2021 1:00,18324
20,1,11,2,225,228,1812,43.5321005,0,1,0,1,1,11/15/2021 20:53,23455
5,4,8,1,233,239,1789,48.7694919,0,0,1,0,0,8/27/2020 5:04,8193
8,7,12,1,213,221,1544,75.79542318,1,0,1,1,1,12/19/2021 8:43,24602
13,4,3,0,238,238,1747,71.45046946,0,1,1,1,0,3/23/2023 13:01,40327
1,3,3,2,237,237,1811,73.81032726,0,1,0,0,0,3/4/2020 1:03,2160
15,6,8,1,233,237,1874,38.40743359,0,0,1,0,0,8/7/2021 15:41,20023
7,1,10,2,220,221,1617,13.57223299,0,0,0,1,0,10/11/2021 7:18,22237
5,6,12,1,236,239,1977,54.4793612,0,0,1,1,0,12/11/2021 5:53,24324
21,6,2,2,224,230,1728,55.79046837,1,0,0,1,0,2/11/2023 21:19,38969
13,6,10,2,227,236,1842,47.60121757,1,1,0,0,1,10/31/2020 13:29,10431
6,3,1,1,226,230,1552,19.8138825,0,0,1,0,1,1/18/2023 6:32,38126
17,4,1,1,219,222,1877,58.59415206,0,1,1,0,1,1/20/2022 17:55,25711
9,3,5,1,236,239,1694,68.33134844,0,0,0,1,1,5/25/2022 9:00,29979
21,2,9,1,213,220,1775,67.83293825,1,0,1,0,1,9/27/2022 21:48,34278
8,5,11,1,232,232,1597,21.8378319,0,1,1,1,1,11/26/2021 8:29,23814
11,4,5,1,218,223,1914,89.57070963,1,0,1,0,1,5/6/2021 11:24,16832
13,3,12,2,222,229,1510,72.33455125,1,1,0,0,0,12/1/2021 13:13,23992
10,2,6,0,228,233,1894,47.90069491,0,1,1,1,0,6/2/2020 10:46,5256
11,4,3,2,237,238,1857,78.48659801,0,1,0,0,0,3/9/2023 11:56,39846
23,6,12,2,216,222,1628,22.48099272,0,1,0,0,0,12/4/2021 23:55,24110
13,4,11,1,226,235,1835,73.75012257,0,0,0,1,1,11/30/2023 13:03,48957
23,2,4,0,231,238,1784,95.68614105,1,1,1,1,0,4/5/2022 23:13,28287
8,7,7,2,231,231,1773,68.8681647,0,1,0,0,0,7/4/2021 8:14,18848
8,3,8,2,223,232,1694,67.82174907,0,1,0,0,0,8/5/2020 8:51,7445
23,5,9,2,224,226,1623,23.07899254,1,1,0,0,1,9/25/2020 23:53,9213
13,4,2,1,236,237,1699,27.09646218,0,0,0,0,1,2/11/2021 13:15,13958
19,4,4,2,224,230,1675,89.49534135,1,1,0,1,0,4/30/2020 19:16,4138
14,3,8,1,225,228,1546,65.240138,0,0,1,0,0,8/19/2020 14:09,7932
1,7,1,2,215,220,1821,61.06955522,0,0,0,0,0,1/22/2023 1:38,38256
6,3,5,1,226,232,1732,45.06633035,0,0,0,1,1,5/20/2020 6:00,4804
13,7,2,2,230,238,1545,34.01755237,0,0,0,0,0,2/23/2020 13:59,1836
18,6,7,0,225,234,1828,84.99526092,1,1,1,0,0,7/18/2020 18:16,6842
16,6,3,0,232,237,1550,67.61910536,1,0,1,1,0,3/18/2023 16:41,40161
13,6,1,2,225,225,1794,21.39683585,0,1,0,1,0,1/30/2021 13:13,13547
10,7,5,1,230,234,1905,10.07369261,1,0,0,0,1,5/15/2022 10:43,29639
18,2,5,1,225,226,1822,55.73905391,1,0,0,1,1,5/18/2021 18:26,17253
19,6,1,1,217,220,1667,86.72084551,0,0,1,0,0,1/4/2020 19:06,131
5,6,9,0,227,229,1618,34.64196362,1,0,1,0,0,9/3/2022 5:36,33433
13,1,6,1,223,224,1935,68.82956621,0,0,1,1,1,6/1/2020 13:03,5225
10,6,4,1,221,221,1722,13.93410097,0,1,1,1,1,4/16/2022 10:07,28645
20,6,2,1,221,224,1842,99.78692944,0,1,1,0,1,2/20/2021 20:07,14276
15,1,1,1,224,228,1955,26.08799754,0,1,1,0,1,1/24/2022 15:50,25845
9,2,12,0,239,239,1692,33.05771519,0,1,1,1,0,12/13/2022 9:14,36897
13,7,9,2,212,220,1515,17.2810884,0,1,0,0,1,9/10/2023 13:41,46184
16,3,5,1,229,233,1736,71.50654887,1,0,1,1,1,5/17/2023 16:51,42216
5,6,5,1,227,227,1773,69.54389145,1,0,0,1,1,5/2/2020 5:36,4187
6,3,3,1,220,225,1573,18.31999129,0,0,1,0,1,3/8/2023 6:30,39804
5,3,7,1,222,227,1727,69.21605364,1,0,0,1,1,7/21/2021 5:18,19426
15,1,10,0,213,222,1876,94.24690605,1,1,1,0,0,10/18/2021 15:54,22489
23,5,11,1,215,221,1923,35.1454156,0,0,0,1,1,11/17/2023 23:42,48527
20,1,9,1,232,236,1847,34.52596634,1,0,0,0,1,9/5/2022 20:41,33523
4,5,12,1,222,223,1587,24.92181424,1,0,1,0,1,12/18/2020 4:31,12062
8,2,4,1,226,234,1569,62.41487245,1,0,0,1,1,4/12/2022 8:00,28505
10,1,5,2,220,221,1565,66.05384215,1,1,0,1,0,5/1/2023 10:30,41659
6,6,4,1,231,231,1836,13.13647999,0,0,0,1,1,4/18/2020 6:37,3709
19,4,4,0,226,227,1782,70.09135579,1,0,1,0,0,4/16/2020 19:34,3659
8,5,1,2,221,229,1981,71.1466431,0,1,0,0,1,1/24/2020 8:39,801
8,1,4,2,227,233,1800,86.7819832,0,1,0,0,1,4/12/2021 8:31,16006
5,1,1,1,230,231,1722,18.32882248,0,0,1,1,0,1/20/2020 5:08,659
23,2,7,1,223,225,1931,97.46860998,0,0,1,0,1,7/5/2022 23:39,31404
6,7,1,1,228,228,1956,49.1627183,1,0,0,0,1,1/30/2022 6:23,26037
14,1,10,1,231,233,1516,79.84359852,0,1,1,0,1,10/19/2020 14:51,10022
12,1,11,1,223,232,1840,71.48319545,0,0,0,0,1,11/14/2022 12:07,35908
7,2,8,2,214,221,1603,17.40075185,1,0,0,1,0,8/30/2022 7:00,33298
4,6,7,1,224,232,1761,15.18438724,1,0,0,1,1,7/31/2021 4:59,19768
6,7,12,1,230,236,1524,25.5374519,0,0,1,1,0,12/5/2021 6:13,24119
23,2,4,1,216,220,1603,32.41812379,0,0,1,0,1,4/18/2023 23:57,41233
8,2,3,1,228,233,1667,66.49657813,1,0,1,1,1,3/9/2021 8:04,14841
5,5,8,0,227,228,1755,25.58236426,1,1,1,1,1,8/6/2021 5:21,19974
0,5,6,1,212,220,1663,34.90993485,0,0,1,0,1,6/4/2021 0:05,17809
1,7,6,2,225,226,1876,95.5694031,1,1,0,1,1,6/25/2023 1:43,43530
1,2,1,2,217,221,1766,33.53927746,1,1,0,0,0,1/4/2022 1:45,25140
21,4,3,1,228,236,1592,29.45377058,0,1,1,1,1,3/3/2022 21:54,27155
0,3,7,2,223,230,1702,17.37647769,1,1,0,1,0,7/27/2022 0:56,32125
3,2,1,2,216,225,1828,79.7138356,1,1,0,0,0,1/12/2021 3:42,12917
2,2,10,1,212,221,1730,80.43143235,0,0,0,1,1,10/17/2023 2:24,47435
13,1,7,2,230,233,1541,60.19176603,0,0,0,0,0,7/25/2022 13:12,32074
19,4,9,1,238,238,1682,33.83377452,0,0,0,1,1,9/1/2022 19:58,33385
1,1,10,0,224,225,1611,72.255169,1,1,1,0,1,10/26/2020 1:44,10243
4,3,1,1,226,229,1966,25.29116219,1,0,1,0,1,1/19/2022 4:47,25658
23,4,3,1,230,233,1749,97.13913012,1,0,0,1,1,3/19/2020 23:00,2705
21,5,1,2,222,222,1877,95.71331115,1,1,0,1,0,1/15/2021 21:25,13045
10,4,4,1,215,220,1919,29.17980107,1,0,0,0,1,4/29/2021 10:30,16591
4,3,4,2,228,228,1823,47.44702859,1,0,0,1,0,4/21/2021 4:10,16308
13,3,1,1,229,238,1621,13.88499485,0,0,1,0,0,1/22/2020 13:12,739
0,5,8,0,221,228,1532,99.64835617,1,1,1,1,0,8/27/2021 0:20,20686
10,2,6,1,232,232,1508,91.4053732,0,0,1,1,1,6/30/2020 10:51,6215
7,5,8,1,215,221,1843,10.35972625,0,0,0,1,1,8/25/2023 7:20,45627
10,1,8,1,238,239,1676,70.41759551,1,0,1,1,1,8/8/2022 10:47,32550
19,5,2,2,219,224,1957,35.46972313,0,1,0,0,1,2/26/2021 19:47,14481
13,7,9,1,237,239,1502,72.89538716,1,0,1,0,1,9/25/2022 13:44,34198
7,5,2,1,223,225,1648,47.08840639,0,0,1,0,1,2/12/2021 7:28,13984
14,1,11,0,227,231,1825,73.15547027,1,1,1,0,0,11/15/2021 14:35,23446
5,1,1,1,232,234,1791,57.85852474,0,0,0,0,1,1/4/2021 5:47,12646
5,2,9,0,229,233,1805,70.71791563,1,0,1,0,0,9/6/2022 5:05,33535
7,3,3,1,223,225,1974,19.78752106,0,0,1,1,0,3/11/2020 7:33,2409
16,7,6,2,223,228,1588,26.71087049,0,1,0,1,0,6/6/2021 16:34,17901
17,2,1,2,231,237,1887,42.00625704,0,1,0,1,1,1/26/2021 17:25,13416
12,6,7,1,237,238,1860,77.24009127,1,0,0,1,1,7/10/2021 12:48,19060
10,7,10,1,229,232,1714,19.62672144,1,0,1,1,1,10/4/2020 10:26,9502
5,5,5,1,217,222,1748,78.88286396,0,0,0,1,1,5/6/2022 5:16,29323
11,6,3,0,232,239,1722,14.54797383,0,1,1,1,0,3/13/2021 11:35,14983
10,2,11,1,229,238,1908,35.93461506,0,1,1,1,1,11/16/2021 10:12,23474
10,2,2,1,218,227,1923,95.96109167,1,0,0,1,1,2/1/2022 10:57,26112
19,6,2,0,227,232,1851,46.12666061,1,1,1,0,0,2/12/2022 19:34,26501
8,3,12,0,220,227,1976,53.48450501,1,1,1,0,1,12/15/2021 8:00,24464
4,5,1,0,219,225,1892,27.99221868,1,1,1,0,0,1/29/2021 4:59,13501
10,1,8,2,229,229,1563,94.48305553,0,0,0,0,0,8/2/2021 10:15,19844
17,2,9,1,230,239,1578,37.56113743,0,0,1,0,0,9/20/2022 17:24,34032
22,2,12,1,225,229,1985,20.0109143,0,1,1,1,1,12/22/2020 22:02,12224
12,1,6,1,218,227,1705,34.80291772,1,0,1,1,1,6/29/2020 12:25,6183
7,6,7,0,225,227,1906,85.23495465,1,1,1,1,1,7/23/2022 7:56,31998
4,6,7,0,217,223,1718,67.03563523,1,1,1,0,1,7/3/2021 4:12,18808
4,3,11,2,230,238,1664,87.73027925,1,1,0,1,0,11/1/2023 4:01,47951
8,1,10,0,220,220,1619,17.09249891,1,0,1,1,0,10/17/2022 8:32,34944
14,3,10,1,223,224,1951,15.23633994,1,0,1,1,1,10/6/2021 14:28,22076
1,3,10,2,224,226,1843,11.46765329,0,1,0,1,0,10/4/2023 1:08,46988
20,3,7,1,231,234,1606,93.58989219,0,0,0,1,1,7/28/2021 20:13,19687
2,3,3,1,226,230,1833,13.77241856,0,1,1,0,1,3/2/2022 2:27,27093
10,6,5,0,217,222,1749,64.38929337,0,1,1,1,0,5/29/2021 10:56,17619
23,2,3,1,221,230,1662,78.65941319,0,0,1,1,0,3/8/2022 23:08,27328
9,4,2,1,237,237,1720,46.2691937,1,0,0,1,1,2/9/2023 9:45,38884
9,6,1,1,232,234,1883,19.8927979,0,0,1,1,0,1/30/2021 9:01,13541
22,5,7,2,223,223,1502,16.77608214,0,0,0,0,0,7/1/2022 22:57,31266
7,7,7,1,222,223,1999,21.47422612,0,0,1,1,0,7/18/2021 7:55,19327
17,3,11,1,228,237,1824,83.94786663,0,1,1,1,1,11/25/2020 17:35,11293
23,5,1,0,221,225,1597,38.22079394,1,1,1,1,1,1/3/2020 23:28,103
16,6,2,2,224,228,1880,76.05720117,1,1,0,0,0,2/26/2022 16:27,26976
22,1,3,2,218,224,1956,84.44995015,1,1,0,1,1,3/27/2023 22:08,40477
9,3,1,2,218,223,1833,51.7526748,0,0,0,1,0,1/29/2020 9:11,973
5,2,10,1,214,220,1500,96.76804202,0,0,1,0,0,10/19/2021 5:55,22509
11,7,8,2,230,231,1510,65.75413061,0,0,0,1,0,8/6/2023 11:18,44982
4,2,12,2,221,227,1991,80.06150998,0,1,0,1,1,12/7/2021 4:29,24185
1,2,5,0,226,233,1698,18.92313993,1,1,1,1,1,5/31/2022 1:39,30174
12,1,7,0,219,222,1954,18.50718053,1,1,1,1,1,7/3/2023 12:16,43819
18,7,11,0,218,221,1948,62.81051024,0,1,1,0,0,11/22/2020 18:48,11192
1,5,11,0,228,228,1823,58.52454586,1,1,1,1,1,11/10/2023 1:46,48256
6,5,4,1,224,228,1719,58.76302075,1,0,0,0,1,4/23/2021 6:37,16380
8,7,6,2,222,222,1946,43.71967083,1,1,0,1,0,6/14/2020 8:00,5663
2,2,11,0,227,236,1895,57.30151993,1,1,1,0,0,11/30/2021 2:53,23943
4,7,2,2,219,227,1664,72.01551595,1,0,0,0,0,2/23/2020 4:10,1822
6,6,10,1,233,238,1952,54.26822421,0,0,1,0,1,10/2/2021 6:44,21928
9,6,11,0,225,225,1734,89.77922567,1,0,1,1,0,11/21/2020 9:10,11144
11,2,9,0,231,235,1993,51.42761242,1,1,1,0,1,9/21/2021 11:26,21558
16,3,8,0,226,228,1550,48.47702909,1,1,1,1,1,8/25/2021 16:06,20640
2,6,11,1,223,232,1578,55.23139342,0,0,0,1,1,11/4/2023 2:48,48052
14,3,9,1,228,233,1518,68.25787876,0,0,1,1,0,9/9/2020 14:02,8651
15,4,5,2,218,224,1749,44.17371879,1,1,0,0,0,5/26/2022 15:50,30023
1,6,1,0,228,235,1685,48.82493386,1,1,1,1,1,1/7/2023 1:25,37742
21,1,4,2,222,229,1909,75.27836008,1,1,0,1,1,4/17/2023 21:19,41195
23,5,12,1,227,230,1902,47.67705948,0,0,0,0,1,12/30/2022 23:07,37499
7,7,1,1,217,222,1560,21.62954538,1,0,1,1,1,1/9/2022 7:12,25319
18,3,5,1,232,234,1557,37.52208845,0,0,1,1,1,5/5/2021 18:34,16808
8,6,4,2,223,229,1986,81.43217597,0,0,0,1,0,4/8/2023 8:09,40868
14,3,11,2,219,225,1842,28.89712556,1,0,0,1,0,11/15/2023 14:14,48445
12,2,5,1,223,223,1660,50.95940646,0,1,1,1,1,5/24/2022 12:40,29950
23,7,9,2,223,229,1648,16.07067191,1,1,0,0,1,9/26/2021 23:54,21747
11,6,1,0,219,223,1975,33.58819105,1,1,1,0,1,1/2/2021 11:02,12585
19,4,8,0,218,220,1697,66.17511398,1,0,1,1,0,8/10/2023 19:02,45130
20,4,5,2,216,222,1902,62.31184489,1,1,0,0,1,5/4/2023 20:30,41776
0,4,10,0,216,224,1576,66.38212494,1,0,1,0,0,10/19/2023 0:39,47501
9,4,10,1,214,220,1665,25.80192211,0,0,1,0,1,10/20/2022 9:25,35048
7,3,12,0,226,234,1815,99.07515651,1,1,1,1,0,12/2/2020 7:58,11519
4,4,4,0,218,220,1549,35.81680373,1,0,1,0,0,4/1/2021 4:06,15623
12,7,9,1,223,224,1806,75.61126975,0,0,1,0,0,9/10/2023 12:17,46182
22,3,8,0,219,226,1605,54.66040128,1,1,1,0,1,8/30/2023 22:35,45820
15,5,9,1,218,222,1794,25.391311,0,1,1,0,1,9/18/2020 15:17,8961
18,7,5,0,225,232,1984,13.90065321,1,1,1,0,0,5/8/2022 18:14,29410
23,7,8,2,229,231,1944,39.6270392,1,0,0,0,0,8/20/2023 23:37,45479
8,3,3,1,224,229,1736,89.20184868,1,0,1,1,1,3/8/2023 8:36,39807
9,5,3,0,225,228,1995,83.11887864,1,1,1,1,1,3/5/2021 9:28,14706
15,3,9,1,223,229,1794,38.8885494,0,1,1,1,1,9/9/2020 15:26,8653
17,4,11,2,217,222,1538,51.62573822,1,1,0,1,1,11/5/2020 17:32,10608
22,4,7,2,217,224,1576,43.06769766,1,0,0,0,0,7/29/2021 22:09,19724
8,2,5,2,222,225,1613,32.29550167,1,0,0,1,0,5/5/2020 8:35,4294
14,3,7,1,234,238,1977,24.78822116,0,0,1,0,0,7/8/2020 14:23,6494
10,5,6,0,235,236,1508,60.22771008,1,0,1,1,0,6/18/2021 10:17,18303
1,5,6,1,237,239,1965,77.48387582,0,0,1,1,1,6/10/2022 1:20,30516
12,3,3,2,212,221,1937,18.03940639,0,1,0,0,0,3/15/2023 12:18,40052
6,7,7,2,220,227,1570,70.31824934,1,0,0,0,0,7/2/2023 6:08,43776
3,1,7,1,221,227,1675,41.51008235,0,0,0,1,1,7/3/2023 3:51,43807
23,7,9,2,231,237,1987,45.65171678,0,1,0,0,0,9/5/2021 23:18,21027
23,6,8,0,218,223,1913,71.90828098,1,0,1,0,0,8/19/2023 23:05,45444
16,3,2,2,216,220,1987,54.33623494,1,1,0,0,0,2/22/2023 16:37,39339
11,5,4,2,235,239,1778,92.73189409,0,0,0,0,0,4/9/2021 11:08,15907
16,1,1,0,230,238,1851,84.51936801,0,1,1,0,0,1/10/2022 16:50,25367
18,6,7,1,232,238,1647,99.72719473,0,1,1,1,1,7/8/2023 18:24,43999
0,7,11,1,232,234,1832,74.85749664,0,1,1,1,1,11/15/2020 0:23,10926
19,7,8,0,219,226,1695,53.65847056,1,1,1,1,0,8/13/2023 19:55,45234
0,1,1,0,220,224,1968,21.0526122,0,1,1,0,0,1/18/2021 0:34,13118
13,2,5,1,223,225,1573,58.09465559,0,0,0,0,1,5/30/2023 13:55,42657
16,5,5,2,227,232,1505,57.57376662,0,1,0,0,0,5/26/2023 16:00,42523
4,7,4,2,232,238,1857,83.5238656,0,1,0,1,0,4/23/2023 4:52,41377
5,2,12,0,233,236,1628,51.90522226,1,1,1,1,0,12/15/2020 5:02,11960
5,5,1,0,229,235,1909,29.3927088,1,1,1,0,0,1/24/2020 5:08,796
21,4,2,2,228,229,1609,95.28599572,1,0,0,0,0,2/27/2020 21:42,1984
20,7,1,0,225,231,1630,74.90655477,1,1,1,0,0,1/29/2023 20:03,38522
19,5,8,1,214,221,1913,44.2101278,0,0,1,1,0,8/27/2021 19:15,20713
0,4,8,0,232,237,1975,75.80499416,1,1,1,1,1,8/25/2022 0:09,33117
6,3,4,1,231,239,1953,73.39838539,0,1,1,0,1,4/22/2020 6:37,3846
20,7,8,1,222,224,1507,76.53412403,0,0,0,1,1,8/2/2020 20:35,7359
9,6,5,0,224,231,1813,66.88139431,0,1,1,1,0,5/21/2022 9:41,29843
5,4,8,1,224,229,1682,49.75106902,0,0,0,0,1,8/17/2023 5:12,45350
14,4,9,0,235,239,1616,78.18976175,1,0,1,0,0,9/28/2023 14:05,46801
0,5,4,2,226,229,1782,19.83159265,1,1,0,1,1,4/16/2021 0:07,16131
11,7,4,1,225,232,1548,29.83564447,0,0,0,0,1,4/23/2023 11:11,41386
4,1,10,2,233,238,1508,14.69648939,1,0,0,0,0,10/2/2023 4:17,46924
21,5,4,1,228,230,1981,67.36361175,1,0,1,0,1,4/30/2021 21:32,16641
21,7,11,0,224,225,1784,38.15657118,0,1,1,1,0,11/1/2020 21:43,10477
5,4,9,1,231,233,1886,51.80559658,0,1,1,0,1,9/24/2020 5:50,9153
4,2,1,2,221,225,1672,78.30561163,0,0,0,1,0,1/28/2020 4:27,932
22,7,2,2,221,230,1817,55.43828379,0,0,0,1,0,2/7/2021 22:21,13834
11,3,5,1,216,222,1619,84.70863633,0,1,1,1,1,5/19/2021 11:15,17277
13,2,2,2,225,230,1774,97.12381065,0,0,0,0,0,2/7/2023 13:36,38821
6,2,12,1,224,229,1744,96.77110344,0,0,1,0,0,12/20/2022 6:37,37133
13,4,1,1,229,236,1710,23.96501515,0,0,1,1,0,1/23/2020 13:43,774
17,4,12,0,229,233,1777,37.68373094,1,1,1,0,0,12/9/2021 17:27,24272
3,4,12,2,220,228,1959,48.94537594,0,0,0,0,0,12/2/2021 3:14,24012
13,6,6,0,238,238,1811,80.50319266,1,1,1,0,1,6/11/2022 13:04,30567
3,1,4,2,219,225,1534,35.58209403,1,1,0,1,1,4/26/2021 3:18,16478
1,6,7,1,222,223,1578,49.17559627,1,0,0,0,1,7/25/2020 1:38,7058
5,6,9,0,222,222,1924,33.40086401,0,1,1,1,0,9/2/2023 5:57,45899
22,1,9,2,226,228,1987,22.30604647,1,1,0,1,0,9/5/2022 22:05,33525
1,2,9,2,213,220,1922,93.05828078,1,1,0,1,1,9/20/2022 1:59,34010
16,5,3,0,232,235,1701,20.71104555,0,1,1,0,0,3/20/2020 16:31,2730
23,7,8,1,226,232,1516,85.47538338,1,0,0,1,1,8/1/2021 23:02,19828
17,5,3,2,229,229,1590,24.09033935,1,1,0,0,0,3/24/2023 17:03,40367
3,1,7,1,220,225,1737,39.02489257,0,0,1,1,1,7/18/2022 3:12,31820
11,1,3,1,220,229,1546,83.23984283,0,0,1,0,0,3/15/2021 11:57,15052
9,4,3,2,216,224,1628,91.06562159,0,1,0,0,1,3/26/2020 9:10,2925
11,3,3,0,225,230,1591,87.50207003,1,1,1,0,1,3/3/2021 11:12,14640
19,1,10,1,222,222,1628,31.42232661,1,0,0,1,1,10/31/2022 19:26,35439
9,1,6,0,230,235,1861,86.41162366,1,1,1,1,1,6/21/2021 9:46,18405
2,5,7,2,231,239,1631,64.18623943,0,1,0,1,0,7/22/2022 2:30,31956
23,1,10,1,220,228,1809,27.06999608,0,0,0,0,1,10/3/2022 23:34,34486
23,7,1,2,232,239,1951,30.3772209,0,0,0,1,0,1/19/2020 23:31,651
18,1,1,1,223,229,1689,62.07751716,0,1,1,1,1,1/3/2022 18:45,25130
3,6,1,2,233,238,1926,78.27821783,1,0,0,0,0,1/4/2020 3:41,109
1,2,4,1,219,226,1861,17.3079331,1,0,0,0,1,4/25/2023 1:01,41440
1,1,7,0,230,231,1691,15.83359395,1,1,1,0,1,7/10/2023 1:15,44043
0,4,3,1,234,235,1655,74.6312504,0,0,1,0,1,3/10/2022 0:22,27364
14,3,10,2,220,223,1677,52.19501975,0,0,0,0,0,10/28/2020 14:00,10329
19,3,4,1,227,233,1774,31.56725712,1,0,0,1,1,4/1/2020 19:21,3145
2,2,12,1,235,235,1712,94.51602066,0,1,1,1,1,12/13/2022 2:13,36887
11,1,10,2,219,220,1928,11.97455536,0,0,0,0,0,10/23/2023 11:11,47653
5,1,3,2,228,236,1905,97.23244488,1,1,0,1,0,3/20/2023 5:07,40213
22,1,10,1,221,226,1813,88.7142586,0,0,1,0,1,10/9/2023 22:00,47189
22,4,10,2,219,224,1537,88.08661631,0,1,0,1,1,10/21/2021 22:23,22601
14,4,11,2,233,234,1644,13.75734892,1,0,0,1,0,11/26/2020 14:36,11323
5,3,3,0,228,232,1994,14.10034749,1,1,1,1,0,3/18/2020 5:39,2646
2,1,2,2,220,228,1607,69.43905384,1,1,0,0,0,2/20/2023 2:14,39250
22,3,11,0,232,236,1933,22.59774091,0,1,1,0,0,11/22/2023 22:50,48697
5,3,6,2,223,225,1945,48.48194695,1,1,0,1,0,6/30/2021 5:25,18707
2,6,6,1,230,238,1585,88.68509122,1,0,1,1,1,6/10/2023 2:12,43017
0,5,2,1,223,231,1617,14.28622235,1,0,0,0,1,2/12/2021 0:28,13974
16,5,8,2,214,223,1857,50.73839143,1,0,0,1,0,8/7/2020 16:13,7524
21,1,12,1,213,222,1796,81.96435163,1,0,0,1,1,12/28/2020 21:00,12428
14,2,10,2,221,222,1715,91.26008017,1,1,0,1,1,10/31/2023 14:00,47931
9,5,9,0,216,220,1993,36.80113277,1,0,1,1,0,9/1/2023 9:38,45870
9,3,2,0,231,236,1603,97.49163296,1,1,1,0,1,2/22/2023 9:36,39329
6,1,1,1,238,238,1556,16.04909212,0,0,0,0,1,1/16/2023 6:10,38057
21,6,11,0,229,236,1587,47.72391726,1,1,1,1,0,11/21/2020 21:47,11162
20,1,6,2,235,238,1980,41.61100309,0,1,0,1,0,6/12/2023 20:05,43111
9,5,12,0,228,230,1988,69.05765579,0,1,1,1,0,12/9/2022 9:13,36760
11,1,12,0,215,221,1600,86.42196901,1,1,1,1,0,12/21/2020 11:42,12175
17,1,1,2,211,220,1961,80.06266716,0,1,0,0,0,1/20/2020 17:02,676
11,5,1,0,221,223,1866,51.70614169,0,1,1,0,0,1/1/2021 11:12,12551
0,4,8,1,228,233,1662,95.45577566,0,0,1,1,1,8/17/2023 0:18,45343
10,3,3,1,224,230,1652,89.24351008,0,0,1,0,1,3/15/2023 10:11,40049
1,2,4,1,230,239,1644,98.83333348,1,0,0,1,1,4/21/2020 1:11,3804
19,5,12,1,223,223,1938,31.80172254,1,0,0,1,1,12/11/2020 19:44,11844
11,1,10,2,229,235,1689,78.67385751,0,1,0,0,0,10/11/2021 11:30,22243
7,5,12,2,230,230,1514,37.50003362,0,1,0,1,1,12/24/2021 7:51,24772
20,4,12,1,215,224,1901,30.68302029,0,0,1,1,0,12/10/2020 20:36,11811
0,5,2,1,219,227,1896,44.59663106,1,0,1,1,1,2/14/2020 0:49,1509
1,4,9,2,219,221,1909,42.03674839,1,1,0,1,1,9/10/2020 1:15,8667
15,3,4,1,229,229,1543,78.27108752,0,0,0,1,1,4/21/2021 15:23,16324
13,2,10,1,225,231,1652,47.30586173,1,0,0,0,1,10/24/2023 13:49,47691
7,7,9,2,233,236,1632,36.37118665,0,0,0,0,0,9/5/2021 7:11,21004
4,6,12,2,229,238,1520,98.13970121,1,1,0,0,1,12/4/2021 4:18,24082
9,4,10,1,219,221,1901,82.7664745,0,0,1,0,0,10/15/2020 9:14,9877
2,7,10,2,234,239,1620,55.77446328,1,0,0,0,0,10/22/2023 2:57,47607
2,2,7,1,231,235,1947,18.35643968,1,0,1,1,1,7/4/2023 2:59,43840
8,6,9,0,226,232,1775,80.78584871,1,0,1,1,0,9/3/2022 8:25,33437
21,6,10,1,220,223,1575,69.99735847,0,1,1,1,1,10/14/2023 21:09,47359
19,7,12,0,222,230,1647,76.01162964,1,1,1,1,1,12/20/2020 19:35,12152
18,1,4,0,230,238,1795,62.11461006,1,0,1,1,0,4/18/2022 18:52,28726
15,3,10,0,219,225,1964,96.85052201,1,1,1,0,0,10/27/2021 15:03,22796
9,3,3,2,228,236,1506,47.2183217,0,0,0,0,0,3/30/2022 9:32,28062
11,6,6,1,221,222,1542,18.07304994,0,1,1,0,1,6/6/2020 11:29,5394
20,3,10,2,220,221,1620,23.72346015,0,0,0,1,0,10/21/2020 20:49,10099
11,7,5,2,226,235,1554,48.48707104,1,1,0,0,0,5/28/2023 11:27,42585
15,7,11,1,220,225,1952,31.70137776,1,0,1,0,1,11/28/2021 15:50,23893
6,7,10,1,236,237,1956,63.59424062,1,0,0,1,1,10/4/2020 6:55,9497
10,5,9,1,218,227,1762,91.88067034,1,0,0,0,1,9/2/2022 10:41,33406
4,2,7,1,230,236,1791,38.86778792,1,0,0,1,1,7/19/2022 4:25,31856
1,1,4,2,227,234,1503,46.25440907,0,1,0,1,1,4/3/2023 1:19,40687
3,7,8,2,214,220,1527,75.2950153,1,0,0,1,0,8/30/2020 3:08,8293
19,1,6,2,221,224,1670,28.37225993,0,1,0,1,1,6/22/2020 19:56,5954
3,6,10,2,234,239,1555,33.6081571,0,0,0,1,0,10/7/2023 3:26,47094
4,5,5,0,225,232,1627,27.70523886,1,1,1,0,1,5/19/2023 4:36,42267
3,6,2,1,223,228,1544,32.35370558,1,0,0,1,1,2/5/2022 3:15,26238
8,3,7,2,230,234,1613,92.55176358,0,1,0,1,0,7/22/2020 8:28,6965
5,6,1,2,233,239,1508,40.42946798,1,1,0,0,0,1/8/2022 5:16,25282
17,7,10,2,235,237,1934,83.71194432,1,0,0,0,0,10/9/2022 17:37,34683
12,1,2,2,230,231,1842,57.85334357,1,0,0,1,0,2/1/2021 12:10,13614
16,5,7,1,230,232,1977,73.41689183,1,0,1,0,1,7/21/2023 16:52,44442
1,6,3,0,230,237,1973,26.62148429,1,0,1,0,0,3/7/2020 1:56,2264
19,5,11,0,225,227,1576,58.6189672,0,1,1,0,0,11/20/2020 19:51,11125
23,6,2,1,225,233,1924,48.6555193,0,0,1,1,0,2/5/2022 23:34,26267
15,2,4,2,221,225,1986,70.53734621,0,1,0,1,0,4/6/2021 15:52,15811
3,5,12,1,221,226,1581,15.60341006,0,0,1,1,1,12/3/2021 3:04,24046
15,2,11,2,229,235,1543,21.08094329,1,1,0,0,0,11/30/2021 15:30,23961
15,4,2,2,226,232,1693,77.72053479,1,1,0,1,1,2/3/2022 15:30,26187
8,4,1,1,225,227,1771,94.56574371,0,0,0,1,1,1/30/2020 8:19,1006
7,6,4,2,211,220,1872,57.87440006,0,0,0,0,0,4/2/2022 7:37,28162
9,5,8,1,219,228,1988,35.57318374,1,0,0,0,1,8/28/2020 9:48,8234
10,5,1,1,232,236,1973,30.13626881,0,1,1,0,1,1/24/2020 10:03,803
22,4,6,2,216,221,1617,73.52564393,0,1,0,1,0,6/8/2023 22:10,42977
14,4,11,2,227,230,1774,92.96077951,0,0,0,1,0,11/23/2023 14:15,48719
13,6,10,2,236,239,1579,28.80455403,1,0,0,1,0,10/14/2023 13:26,47348
19,7,8,2,217,222,1543,33.93441093,0,1,0,0,0,8/29/2021 19:36,20782
10,1,6,2,213,220,1915,12.98485913,1,1,0,1,1,6/5/2023 10:47,42858
9,2,5,2,224,229,1885,43.65860091,1,0,0,1,0,5/24/2022 9:10,29945
16,6,1,1,229,234,1692,49.29784704,0,0,0,1,1,1/25/2020 16:53,847
16,5,2,0,220,220,1733,27.06631643,1,1,1,1,1,2/11/2022 16:14,26462
9,3,3,2,226,229,1949,56.20390027,0,1,0,1,1,3/18/2020 9:09,2651
13,3,11,2,237,238,1519,38.05704044,1,0,0,0,0,11/18/2020 13:11,11047
4,1,6,2,223,224,1835,10.2702482,0,1,0,0,0,6/1/2020 4:38,5213
11,3,1,0,229,235,1802,75.5659149,1,0,1,1,0,1/13/2021 11:15,12962
1,1,3,1,219,227,1914,25.6886447,1,0,0,1,1,3/23/2020 1:59,2812
14,2,10,0,228,230,1706,63.5361991,1,1,1,1,1,10/17/2023 14:19,47452
13,6,12,2,239,239,1513,20.10527951,0,1,0,0,0,12/18/2021 13:48,24575
20,3,9,0,225,227,1909,26.18279809,1,0,1,1,0,9/23/2020 20:02,9139
16,4,5,2,218,226,1816,25.05638774,0,1,0,0,0,5/14/2020 16:51,4614
22,2,3,0,230,233,1983,15.52916708,0,1,1,1,0,3/7/2023 22:47,39793
1,6,4,0,230,239,1650,86.96774503,1,0,1,0,0,4/23/2022 1:12,28872
20,1,5,1,226,235,1720,43.64137819,0,1,1,0,1,5/4/2020 20:40,4277
4,1,5,0,232,238,1943,32.72744179,1,1,1,0,1,5/10/2021 4:24,16959
5,5,4,2,232,236,1653,96.84318279,0,0,0,1,0,4/15/2022 5:22,28604
6,3,8,1,215,222,1610,87.36745083,0,0,0,1,1,8/10/2022 6:56,32613
22,5,7,1,217,222,1741,52.22007309,1,0,0,1,1,7/24/2020 22:08,7053
16,6,2,1,213,222,1955,67.46700362,1,0,0,1,1,2/19/2022 16:15,26736
2,7,3,1,224,224,1686,50.18328585,1,0,1,0,1,3/21/2021 2:30,15244
9,4,10,1,224,228,1708,62.66877394,1,0,1,1,1,10/28/2021 9:16,22822
5,7,7,1,212,220,1606,30.55754865,0,0,1,0,0,7/3/2022 5:47,31310
21,4,6,0,215,223,1877,81.496708,1,1,1,0,1,6/22/2023 21:52,43456
17,1,5,2,215,221,1520,31.28593247,0,0,0,1,0,5/8/2023 17:00,41908
19,2,10,0,227,228,1578,38.95067885,0,1,1,1,0,10/31/2023 19:37,47939
21,3,7,0,229,230,1882,69.24835958,0,1,1,1,0,7/12/2023 21:13,44140
13,6,5,1,227,234,1665,21.77539077,1,0,1,0,1,5/8/2021 13:09,16903
22,2,12,2,221,226,1778,72.94256481,1,0,0,0,0,12/22/2020 22:45,12225
8,3,10,1,238,238,1540,46.36640935,1,0,1,1,1,10/11/2023 8:21,47238
7,3,2,0,232,232,1548,64.51235529,1,1,1,0,1,2/3/2021 7:37,13676
19,3,8,1,220,222,1702,79.93511468,1,0,0,0,1,8/4/2021 19:01,19925
20,5,1,0,226,226,1578,29.24504186,0,1,1,0,0,1/6/2023 20:30,37735
22,3,8,1,222,228,1853,60.08315401,1,0,0,1,1,8/12/2020 22:22,7704
23,6,2,1,220,226,1911,33.65254515,0,1,1,0,1,2/18/2023 23:37,39212
0,1,3,0,214,220,1991,35.42034661,1,1,1,0,1,3/2/2020 0:42,2091
1,6,3,1,227,227,1666,23.92670041,0,1,1,1,1,3/13/2021 1:05,14968
10,6,10,2,222,226,1919,74.36019203,1,1,0,1,1,10/30/2021 10:20,22892
8,6,7,0,220,229,1591,78.31896737,1,0,1,1,0,7/1/2023 8:24,43745
0,2,10,2,228,234,1510,58.75411741,0,1,0,0,1,10/10/2023 0:06,47192
20,3,7,2,214,221,1651,21.39865653,1,0,0,0,0,7/19/2023 20:01,44378
15,1,1,2,222,229,1803,89.982926,1,1,0,0,0,1/4/2021 15:36,12660
15,2,2,0,228,233,1552,28.98482914,1,1,1,1,1,2/15/2022 15:33,26598
0,2,7,1,228,229,1554,81.8797323,0,1,1,1,1,7/26/2022 0:25,32090
21,6,11,0,213,221,1765,41.96973295,1,1,1,1,0,11/13/2021 21:56,23388
22,6,5,2,223,227,1811,87.86909761,0,0,0,0,0,5/23/2020 22:18,4930
15,7,8,0,235,238,1768,90.72005664,0,1,1,1,0,8/22/2021 15:54,20537
17,2,1,0,225,232,1784,13.69724012,0,1,1,0,0,1/25/2022 17:46,25882
18,2,3,0,230,232,1859,41.54354017,1,0,1,0,0,3/8/2022 18:56,27322
10,7,7,2,222,222,1757,29.67797846,0,1,0,1,1,7/16/2023 10:43,44262
17,4,6,2,223,225,1647,61.60308228,0,1,0,0,1,6/25/2020 17:19,6053
15,4,4,2,224,225,1608,22.84017528,0,0,0,1,0,4/22/2021 15:54,16359
4,2,5,2,225,232,1828,42.77567579,0,0,0,1,0,5/17/2022 4:04,29698
7,5,1,1,233,235,1947,87.73289274,0,1,1,1,1,1/28/2022 7:26,25970
13,1,1,1,231,231,1941,51.4272699,0,0,0,1,1,1/31/2022 13:13,26081
9,3,5,1,218,224,1614,38.15815575,1,0,0,0,1,5/26/2021 9:21,17514
8,1,5,1,230,239,1880,48.2836885,0,0,1,1,1,5/22/2023 8:17,42375
6,4,3,2,227,235,1881,57.77381987,0,1,0,0,0,3/5/2020 6:29,2202
19,3,11,1,229,230,1955,31.74698063,1,0,0,1,1,11/16/2022 19:29,35987
9,1,7,0,230,237,1921,15.91548177,1,1,1,1,1,7/17/2023 9:51,44295
9,5,2,0,221,223,1858,78.16024083,0,1,1,1,0,2/17/2023 9:46,39158
0,2,8,2,219,220,1711,17.52458021,1,1,0,1,1,8/23/2022 0:30,33049
1,3,6,0,213,221,1921,58.7948194,0,1,1,0,0,6/2/2021 1:50,17743
9,5,9,2,228,234,1629,95.5029008,1,0,0,0,0,9/25/2020 9:10,9192
5,7,7,1,221,227,1509,19.36767543,0,1,1,1,1,7/18/2021 5:07,19323
6,7,9,1,232,233,1779,77.52843553,1,0,1,1,1,9/5/2021 6:29,21003
16,2,10,1,224,228,1852,55.31786828,0,1,1,0,1,10/27/2020 16:58,10299
23,3,6,2,216,222,1985,50.25716575,1,0,0,1,0,6/22/2022 23:48,30959
10,1,6,2,230,235,1541,20.11835554,1,0,0,0,0,6/20/2022 10:49,30872
21,3,11,0,225,230,1526,26.24204796,1,1,1,1,1,11/11/2020 21:24,10819
1,3,3,2,237,239,1861,48.98808603,1,0,0,0,0,3/18/2020 1:26,2640
21,5,11,1,226,234,1884,57.31665546,0,0,1,1,0,11/20/2020 21:15,11127
21,4,4,2,217,225,1942,54.2093931,1,0,0,0,0,4/8/2021 21:07,15887
21,5,11,0,216,223,1744,35.74680555,0,1,1,1,0,11/11/2022 21:45,35819
1,2,1,0,220,223,1654,62.35841641,1,0,1,0,0,1/12/2021 1:36,12914
10,1,6,1,221,230,1624,64.26307888,0,0,1,0,1,6/26/2023 10:40,43577
0,2,12,1,221,230,1908,24.1590566,0,0,0,1,1,12/27/2022 0:30,37364
0,6,1,2,219,223,1811,55.26048672,0,0,0,1,0,1/21/2023 0:24,38220
5,5,9,2,227,231,1950,46.49434845,0,1,0,1,0,9/4/2020 5:05,8467
11,3,9,2,215,221,1589,65.49796829,1,1,0,0,0,9/13/2023 11:04,46283
20,3,2,2,233,236,1985,56.39401236,0,1,0,1,0,2/17/2021 20:38,14174
5,3,10,1,234,234,1644,97.658182,0,0,1,0,0,10/7/2020 5:00,9597
22,1,12,0,232,238,1519,19.03262791,1,0,1,0,0,12/27/2021 22:03,24895
16,1,7,0,219,220,1871,13.56575615,1,0,1,0,0,7/18/2022 16:30,31839
6,2,5,2,231,236,1815,84.50384241,0,1,0,0,0,5/2/2023 6:07,41687
5,4,9,0,217,220,1582,70.24520646,1,0,1,0,0,9/23/2021 5:29,21618
7,6,5,1,225,230,1561,83.86277238,1,0,1,1,1,5/15/2021 7:02,17134
21,7,2,2,238,239,1729,51.55760745,0,0,0,1,0,2/12/2023 21:50,39004
21,1,3,1,233,239,1964,64.99499542,0,0,1,0,1,3/13/2023 21:45,39997
21,6,6,1,225,233,1776,59.23373159,1,0,1,0,1,6/18/2022 21:41,30819
10,6,3,2,224,224,1722,26.9227514,0,1,0,1,1,3/28/2020 10:14,2995
10,7,8,2,217,223,1862,67.75414428,0,1,0,0,1,8/2/2020 10:46,7345
5,2,5,2,225,233,1546,12.48692491,0,1,0,0,1,5/19/2020 5:28,4769
21,7,10,1,223,228,1937,50.86966637,0,0,1,1,1,10/22/2023 21:10,47633
6,1,7,0,215,224,1637,66.8639995,1,1,1,0,0,7/13/2020 6:30,6654
6,5,1,1,227,236,1797,47.1033486,1,0,1,0,1,1/7/2022 6:09,25249
5,4,5,2,222,229,1976,41.84522052,0,1,0,1,0,5/13/2021 5:59,17064
22,1,2,2,228,235,1968,91.5642292,0,1,0,0,0,2/21/2022 22:55,26814
16,7,2,2,225,228,1799,30.80313333,1,1,0,1,1,2/9/2020 16:24,1360
12,6,6,2,235,236,1501,55.70717204,1,1,0,0,0,6/24/2023 12:25,43511
5,6,7,1,224,224,1876,34.81894493,0,0,0,0,1,7/22/2023 5:29,44460
4,2,3,0,219,228,1996,62.62952645,1,0,1,1,0,3/7/2023 4:34,39767
23,2,10,1,212,221,1702,38.47744606,1,0,0,1,1,10/20/2020 23:47,10069
13,4,7,2,217,223,1667,44.36287061,0,0,0,1,0,7/15/2021 13:21,19232
19,5,5,0,220,226,1550,73.42046872,1,1,1,1,0,5/28/2021 19:31,17597
0,5,6,1,230,231,1522,27.98157371,1,0,1,1,1,6/30/2023 0:10,43699
16,1,8,2,222,230,1925,41.40968739,0,1,0,1,0,8/30/2021 16:38,20812
19,3,7,2,222,224,1515,53.14882349,0,1,0,0,1,7/5/2023 19:37,43898
16,3,8,0,228,234,1581,10.36051213,1,0,1,0,0,8/9/2023 16:24,45092
21,1,4,2,236,237,1831,72.45948255,1,1,0,0,1,4/4/2022 21:59,28251
16,3,5,1,227,232,1947,46.82319985,0,0,1,1,0,5/5/2021 16:28,16805
4,6,5,2,218,221,1776,60.79772673,1,1,0,0,0,5/23/2020 4:47,4905
9,2,7,0,232,235,1785,87.96231184,1,1,1,0,1,7/26/2022 9:31,32103
10,4,1,1,222,227,1788,45.35429352,0,0,0,0,1,1/5/2023 10:52,37687
16,4,4,1,216,222,1798,23.62189528,0,1,1,0,1,4/27/2023 16:06,41530
23,2,12,1,228,237,1741,12.87942181,1,0,0,1,1,12/29/2020 23:38,12466
9,3,3,2,229,236,1819,80.79140192,0,1,0,0,0,3/23/2022 9:20,27822
14,2,9,2,236,236,1968,42.22393838,1,0,0,1,0,9/12/2023 14:45,46254
23,7,2,1,219,224,1587,41.57175913,0,1,1,1,1,2/28/2021 23:38,14555
4,3,11,2,218,220,1605,77.64865666,0,1,0,0,1,11/16/2022 4:46,35966
7,7,5,0,224,226,1615,10.08175082,1,1,1,1,0,5/30/2021 7:57,17649
9,2,6,1,220,228,1944,52.31694081,1,0,0,1,1,6/6/2023 9:12,42890
13,2,11,1,219,227,1517,51.47810469,0,1,1,1,1,11/29/2022 13:02,36423
21,2,2,0,214,220,1723,97.36487234,0,1,1,0,0,2/15/2022 21:51,26607
11,1,10,2,213,222,1842,93.08641348,1,0,0,1,0,10/16/2023 11:41,47414
6,4,2,2,233,237,1630,87.02872463,0,0,0,1,0,2/10/2022 6:36,26414
9,3,11,1,215,223,1844,94.24588535,1,0,0,1,1,11/4/2020 9:59,10563
10,2,1,0,230,231,1735,53.3281222,0,1,1,0,0,1/28/2020 10:45,941
5,5,3,1,225,226,1818,45.04672219,1,0,1,1,1,3/6/2020 5:37,2235
19,2,6,1,233,239,1512,56.85302645,0,0,0,0,1,6/7/2022 19:22,30439
1,2,3,0,229,234,1890,37.1522383,1,1,1,1,0,3/21/2023 1:27,40242
22,6,10,1,221,221,1837,16.79562076,0,0,1,1,1,10/3/2020 22:31,9485
1,2,12,1,235,237,1598,48.43774791,0,1,1,0,1,12/29/2020 1:55,12435
2,7,7,1,215,224,1963,48.29431668,1,0,1,0,1,7/26/2020 2:52,7094
21,6,12,1,219,224,1871,39.9096294,0,0,1,1,1,12/18/2021 21:30,24586
7,2,5,2,216,221,1858,85.36632253,0,0,0,1,0,5/19/2020 7:35,4772
18,6,1,0,220,221,1825,46.48530015,1,1,1,0,1,1/8/2022 18:35,25301
17,6,7,1,231,231,1825,10.17467508,1,0,0,1,1,7/17/2021 17:54,19307
7,1,8,2,218,221,1663,35.65245332,1,1,0,0,1,8/23/2021 7:20,20559
14,4,7,1,234,236,1738,30.29307803,0,0,1,0,1,7/22/2021 14:15,19473
6,5,4,2,224,228,1771,35.28964991,1,0,0,1,0,4/7/2023 6:14,40831
5,7,4,1,224,225,1909,61.17787795,1,0,1,1,1,4/4/2021 5:00,15727
12,7,9,2,228,228,1511,51.67376715,0,1,0,1,1,9/13/2020 12:39,8786
3,2,7,2,224,229,1686,56.63665658,1,1,0,0,1,7/28/2020 3:13,7163
20,5,7,1,218,220,1912,41.55119181,1,0,1,0,1,7/22/2022 20:01,31981
15,3,11,2,232,237,1793,33.76610215,0,1,0,1,1,11/30/2022 15:40,36461
7,2,7,1,219,225,1924,60.9082265,1,0,1,0,1,7/21/2020 7:14,6929
22,1,8,0,216,222,1872,68.00380137,1,0,1,1,0,8/16/2021 22:33,20341
22,2,2,2,231,239,1552,64.00949253,0,1,0,1,0,2/1/2022 22:10,26128
8,1,9,2,226,231,1897,34.19339166,0,1,0,1,0,9/20/2021 8:49,21520
1,1,11,0,232,234,1902,32.69268009,0,1,1,0,0,11/7/2022 1:25,35653
16,1,1,2,221,228,1701,67.60690773,1,1,0,0,1,1/9/2023 16:29,37832
4,4,10,1,219,227,1843,22.01170052,0,0,1,1,0,10/13/2022 4:19,34801
6,4,8,2,236,237,1921,88.42743611,1,1,0,0,0,8/6/2020 6:35,7476
10,1,9,0,231,237,1757,56.86093553,1,1,1,1,0,9/28/2020 10:46,9297
21,6,12,1,229,229,1706,25.78237811,0,0,1,0,0,12/4/2021 21:07,24106
19,7,2,2,227,232,1771,49.23103767,1,1,0,0,0,2/14/2021 19:03,14069
13,7,4,2,236,238,1751,32.91691439,1,0,0,1,0,4/18/2021 13:48,16219
7,3,4,2,225,234,1793,11.34268159,0,1,0,1,0,4/13/2022 7:49,28539
12,3,11,1,217,220,1640,65.91756467,1,0,1,0,1,11/9/2022 12:59,35738
18,2,7,0,225,228,1727,48.62999073,1,1,1,0,1,7/20/2021 18:05,19410
11,1,9,2,237,239,1939,66.89910827,0,1,0,1,1,9/6/2021 11:55,21045
6,4,2,2,223,231,1778,21.74054296,1,1,0,1,1,2/2/2023 6:03,38639
22,7,11,2,234,238,1704,88.60148721,0,1,0,0,0,11/28/2021 22:09,23902
11,5,5,1,224,228,1722,63.38737264,0,1,1,0,1,5/21/2021 11:37,17346
1,3,8,2,217,222,1714,23.457955,0,1,0,0,0,8/10/2022 1:20,32605
9,5,12,2,226,233,1557,13.19020141,1,1,0,1,1,12/30/2022 9:06,37479
5,2,11,2,220,229,1549,58.93187546,1,1,0,1,1,11/24/2020 5:08,11241
9,3,2,2,223,226,1730,49.76304099,0,1,0,0,0,2/12/2020 9:34,1453
9,3,4,2,225,227,1667,89.69533135,0,0,0,0,0,4/12/2023 9:34,41007
7,4,10,2,226,229,1754,16.18293496,0,1,0,1,0,10/22/2020 7:19,10114
3,5,1,1,225,228,1954,66.84240665,1,0,0,0,1,1/28/2022 3:56,25965
5,6,9,1,233,234,1986,29.88936555,1,0,0,0,1,9/30/2023 5:20,46857
9,5,10,1,222,229,1557,85.4499224,0,0,1,0,0,10/16/2020 9:04,9911
22,6,2,1,225,230,1772,10.54253673,0,1,1,0,1,2/11/2023 22:01,38970
15,3,5,2,237,238,1699,47.27970291,1,1,0,1,1,5/5/2021 15:46,16804
4,5,4,1,226,229,1988,51.26300788,0,0,1,0,0,4/9/2021 4:08,15897
1,4,8,1,219,228,1533,76.84071081,1,0,1,1,1,8/6/2020 1:40,7469
16,2,12,0,232,232,1913,61.58301436,1,0,1,1,0,12/15/2020 16:14,11976
7,1,5,2,235,236,1855,86.45190607,0,1,0,0,0,5/29/2023 7:47,42614
11,3,9,2,225,229,1690,95.34932049,0,0,0,0,0,9/15/2021 11:04,21352
5,6,3,0,215,222,1556,67.24345633,1,1,1,1,1,3/19/2022 5:49,27680
19,4,12,1,221,221,1754,55.09297967,0,1,1,1,1,12/3/2020 19:43,11570
3,2,8,0,216,221,1896,31.69946472,1,1,1,1,0,8/2/2022 3:25,32334
13,7,9,2,224,229,1896,62.25015706,1,1,0,0,0,9/4/2022 13:09,33478
3,5,7,1,212,221,1627,84.18604044,0,0,1,0,1,7/7/2023 3:52,43944
9,5,10,2,218,226,1968,15.87523274,0,0,0,1,0,10/7/2022 9:33,34603
10,7,12,1,230,235,1673,91.23266793,0,0,1,1,1,12/27/2020 10:40,12379
18,2,2,1,230,237,1882,94.59229298,0,0,1,1,1,2/8/2022 18:09,26362
9,7,3,0,223,224,1811,39.25730113,1,1,1,1,1,3/26/2023 9:42,40425
22,6,10,1,214,223,1648,24.41921881,1,0,1,1,1,10/24/2020 22:24,10204
16,3,2,2,229,235,1612,68.58146898,1,1,0,1,1,2/23/2022 16:16,26873
1,6,1,2,231,239,1866,58.23568195,0,1,0,0,1,1/29/2022 1:39,25996
23,3,3,2,223,224,1909,76.75920213,1,1,0,1,0,3/3/2021 23:07,14657
15,7,4,1,223,223,1607,34.98956644,0,0,1,0,1,4/11/2021 15:42,15982
11,3,11,2,229,231,1855,50.47633174,0,0,0,1,0,11/24/2021 11:37,23750
10,3,6,2,215,220,1661,88.42296109,1,0,0,1,0,6/22/2022 10:29,30940
2,3,3,0,225,229,1906,58.1219428,0,1,1,0,0,3/22/2023 2:41,40278
17,6,11,1,231,234,1856,62.78257972,0,0,1,0,0,11/5/2022 17:53,35608
21,5,12,2,224,228,1718,45.70084484,1,1,0,0,0,12/30/2022 21:01,37496
23,2,2,2,215,220,1926,89.86849433,1,1,0,1,0,2/11/2020 23:46,1439
0,2,10,1,223,232,1819,59.74406066,0,1,1,1,1,10/25/2022 0:51,35207
7,7,2,2,228,232,1741,83.28949307,0,1,0,0,1,2/28/2021 7:31,14532
10,6,12,2,226,235,1706,39.70200532,1,1,0,1,0,12/24/2022 10:50,37276
2,5,10,2,224,229,1827,74.43854294,0,0,0,0,0,10/14/2022 2:45,34833
14,5,8,0,228,237,1746,75.56658834,1,1,1,0,0,8/13/2021 14:39,20227
10,2,6,2,232,236,1843,90.83319474,0,1,0,1,0,6/21/2022 10:39,30906
22,5,10,1,226,226,1827,71.61810631,1,0,0,1,1,10/1/2021 22:20,21916
7,2,6,1,219,220,1970,80.91932433,0,1,1,0,1,6/9/2020 7:28,5491
23,7,2,1,216,222,1617,76.14349331,1,0,1,0,1,2/5/2023 23:03,38766
15,4,5,2,223,223,1647,90.62605349,0,1,0,1,0,5/18/2023 15:59,42249
3,1,6,1,227,230,1915,94.40042666,0,0,1,1,1,6/29/2020 3:19,6170
16,6,8,2,220,226,1566,68.09018922,1,1,0,0,0,8/22/2020 16:26,8038
17,2,7,0,215,222,1502,33.43347572,1,1,1,0,1,7/11/2023 17:11,44100
2,3,10,1,228,231,1734,61.0637296,0,1,1,0,1,10/25/2023 2:26,47709
17,1,10,1,228,236,1899,40.32488743,0,0,0,1,1,10/11/2021 17:48,22252
4,2,5,2,230,239,1872,59.14225309,1,1,0,0,1,5/17/2022 4:46,29699
19,6,2,2,228,236,1548,61.46399654,0,1,0,1,1,2/5/2022 19:22,26261
15,6,4,2,216,220,1894,71.35800643,1,1,0,0,1,4/29/2023 15:45,41598
3,1,10,0,219,228,1537,16.80573973,1,1,1,1,0,10/5/2020 3:57,9527
18,2,2,2,213,220,1768,33.3156297,1,1,0,0,1,2/15/2022 18:21,26602
15,6,9,1,214,221,1644,12.23068476,1,0,0,1,1,9/17/2022 15:48,33927
16,2,11,2,226,235,1570,43.88363953,1,1,0,0,0,11/28/2023 16:11,48893
6,7,8,1,228,232,1953,81.4582995,1,0,0,0,1,8/1/2021 6:13,19804
1,6,8,1,211,220,1935,96.76887987,1,0,1,0,1,8/8/2020 1:20,7537
21,2,10,2,219,227,1555,73.49123602,1,1,0,1,1,10/4/2022 21:17,34517
12,5,9,2,224,233,1599,48.91646417,0,1,0,0,0,9/18/2020 12:29,8957
22,1,8,1,228,232,1555,88.22677557,0,0,0,0,1,8/10/2020 22:00,7635
6,5,1,2,219,225,1530,19.88223507,0,1,0,0,1,1/20/2023 6:11,38194
21,4,5,1,227,229,1939,98.28090544,1,0,1,0,1,5/21/2020 21:15,4860
8,2,7,1,229,234,1586,12.37106234,0,0,1,0,1,7/26/2022 8:07,32101
18,5,7,2,219,225,1733,51.58253324,0,1,0,1,0,7/8/2022 18:14,31499
11,1,4,0,227,235,1986,13.76177491,0,1,1,0,0,4/11/2022 11:40,28476
23,5,7,1,223,232,1628,18.44753873,1,0,1,0,1,7/31/2020 23:44,7295
1,3,7,2,235,238,1600,40.04796468,0,1,0,1,1,7/8/2020 1:04,6475
2,5,7,1,221,221,1900,54.59342889,1,0,0,1,1,7/2/2021 2:58,18772
11,6,4,0,233,236,1987,53.16640802,1,0,1,0,0,4/23/2022 11:00,28886
17,3,7,0,216,222,1597,32.45966137,1,1,1,1,0,7/28/2021 17:25,19683
14,3,11,0,227,230,1733,46.43355938,1,1,1,0,1,11/10/2021 14:44,23275
9,4,7,1,219,225,1600,13.71353522,0,0,1,0,1,7/30/2020 9:11,7240
16,5,1,0,229,234,1768,77.2710562,1,1,1,0,0,1/6/2023 16:18,37729
16,4,11,2,215,220,1763,94.42123547,1,1,0,0,1,11/5/2020 16:07,10606
1,4,5,2,227,231,1653,83.98878751,1,1,0,0,0,5/13/2021 1:05,17057
15,2,1,1,230,239,1809,15.17083971,0,0,1,0,1,1/11/2022 15:16,25399
17,2,7,0,233,236,1722,88.22783795,1,1,1,0,1,7/26/2022 17:14,32114
9,1,6,1,231,238,1872,57.77442075,1,0,0,0,1,6/7/2021 9:23,17925
9,6,4,0,238,239,1684,34.59364665,1,0,1,0,0,4/17/2021 9:46,16179
15,5,2,2,220,226,1963,82.26322915,1,0,0,1,0,2/7/2020 15:20,1290
11,4,9,2,226,227,1586,35.18557961,1,1,0,1,0,9/28/2023 11:59,46798
5,3,1,2,220,227,1885,59.26468474,1,1,0,1,0,1/22/2020 5:29,728
23,2,1,1,222,228,1903,13.74750027,0,0,1,1,1,1/31/2023 23:55,38596
2,4,3,1,217,222,1709,97.02165768,0,0,1,0,1,3/2/2023 2:37,39593
18,6,10,2,230,238,1876,37.21505516,0,1,0,0,1,10/15/2022 18:42,34890
13,1,6,1,213,220,1736,67.43524001,0,1,1,1,1,6/8/2020 13:56,5466
9,4,11,0,232,232,1875,67.57969709,1,1,1,1,1,11/5/2020 9:07,10596
20,7,7,1,233,234,1560,77.68501794,1,0,0,1,1,7/12/2020 20:42,6640
2,2,10,2,237,238,1538,88.98822354,1,0,0,1,0,10/19/2021 2:25,22504
23,7,3,1,228,231,1976,48.23531713,1,0,0,1,1,3/1/2020 23:17,2089
21,3,3,0,234,234,1761,71.21198407,1,1,1,0,1,3/30/2022 21:27,28079
12,4,2,2,212,221,1651,24.76202734,1,1,0,0,0,2/13/2020 12:12,1491
8,7,3,2,225,226,1859,63.98468326,0,1,0,0,0,3/28/2021 8:18,15492
14,5,10,1,219,225,1876,38.15489647,1,0,0,0,1,10/9/2020 14:28,9679
12,3,4,0,234,235,1703,67.39514984,1,1,1,0,0,4/21/2021 12:35,16320
4,3,5,2,228,229,1840,46.32206854,0,1,0,0,1,5/26/2021 4:27,17507
16,1,1,2,221,226,1718,19.73776493,1,0,0,1,0,1/23/2023 16:11,38311
11,6,11,2,216,220,1614,65.66466216,1,1,0,0,0,11/4/2023 11:13,48064
21,3,8,1,228,228,1960,74.20588474,0,0,1,0,1,8/25/2021 21:42,20648
4,4,7,0,231,232,1674,20.23894405,1,0,1,0,0,7/30/2020 4:59,7234
5,4,4,1,228,231,1770,22.5705795,1,0,1,1,1,4/30/2020 5:15,4118
2,7,9,2,229,235,1754,82.48365306,0,1,0,1,1,9/11/2022 2:50,33703
16,3,4,2,215,221,1803,16.04553659,1,0,0,1,0,4/8/2020 16:03,3380
19,4,11,1,236,236,1602,47.93960099,0,0,1,0,1,11/3/2022 19:37,35542
13,5,11,1,234,239,1892,71.30149323,0,0,0,1,1,11/4/2022 13:09,35567
23,2,6,1,225,233,1925,46.61571483,0,0,1,0,1,6/13/2023 23:25,43150
7,2,10,2,235,239,1816,50.67952343,1,1,0,0,1,10/12/2021 7:49,22272
0,2,9,2,229,236,1654,24.54481517,0,1,0,0,0,9/20/2022 0:34,34008
12,4,1,1,220,221,1908,82.4471319,0,0,1,0,1,1/5/2023 12:58,37690
15,2,5,0,228,228,1864,96.44594738,1,1,1,1,0,5/25/2021 15:50,17489
9,3,6,0,219,227,1934,68.65830481,1,1,1,0,0,6/22/2022 9:04,30938
0,6,6,0,221,226,1888,70.91364839,1,1,1,0,1,6/6/2020 0:58,5379
13,2,1,0,230,238,1608,11.26864836,1,1,1,1,1,1/25/2022 13:33,25876
9,7,1,2,227,235,1620,65.91134057,1,0,0,0,0,1/10/2021 9:39,12857
16,1,5,0,229,235,1549,11.49583712,1,0,1,0,0,5/18/2020 16:51,4751
15,1,10,0,220,229,1919,77.94138591,1,0,1,1,0,10/31/2022 15:56,35434
4,4,11,0,214,222,1516,89.33149432,0,1,1,0,0,11/30/2023 4:38,48945
19,4,9,0,220,224,1869,70.81983474,1,1,1,1,1,9/16/2021 19:19,21398
13,3,7,0,227,231,1978,95.79503237,1,0,1,1,0,7/21/2021 13:43,19438
1,7,10,1,231,234,1863,83.3058078,0,1,1,1,1,10/23/2022 1:12,35139
19,6,1,0,234,238,1905,30.47727186,1,1,1,1,1,1/16/2021 19:08,13076
13,4,7,0,226,230,1653,18.81668127,1,0,1,1,0,7/30/2020 13:23,7246
22,3,4,2,230,234,1910,17.11603233,1,0,0,1,0,4/22/2020 22:02,3868
19,4,7,2,231,233,1783,23.42362015,1,1,0,1,0,7/9/2020 19:07,6535
21,4,11,0,216,224,1848,27.89154532,1,1,1,1,0,11/12/2020 21:56,10854
2,1,1,2,224,229,1746,89.06538478,1,0,0,0,0,1/25/2021 2:52,13361
8,4,4,1,228,230,1536,73.61030239,1,0,1,1,1,4/28/2022 8:44,29054
14,1,5,2,234,237,1757,10.59192739,1,0,0,0,0,5/29/2023 14:47,42624
1,4,10,1,231,239,1981,87.72453794,0,0,1,1,0,10/12/2023 1:10,47262
4,3,1,1,238,238,1801,76.17655151,1,0,1,0,1,1/26/2022 4:16,25897
1,1,7,1,221,223,1609,62.93009687,1,0,0,0,1,7/20/2020 1:06,6886
17,4,7,0,214,221,1672,64.58123373,0,1,1,0,0,7/22/2021 17:03,19477
10,2,7,0,222,224,1851,33.13507777,0,1,1,1,0,7/5/2022 10:20,31385
13,7,7,0,227,230,1577,28.94219033,0,1,1,0,0,7/2/2023 13:50,43787
0,5,6,0,223,228,1575,82.13847016,0,1,1,0,0,6/18/2021 0:29,18289
2,5,1,2,228,230,1740,60.17372209,1,1,0,1,0,1/8/2021 2:18,12778
19,7,11,0,219,222,1572,41.11572216,0,1,1,0,0,11/28/2021 19:21,23898
20,1,6,0,226,229,1622,66.14868568,1,0,1,1,0,6/5/2023 20:35,42872
8,7,7,1,228,228,1810,20.80858506,1,0,0,0,1,7/10/2022 8:05,31553
4,3,5,0,231,237,1701,85.51846755,1,0,1,1,0,5/3/2023 4:33,41719
14,6,4,2,225,229,1833,79.97444356,1,1,0,0,0,4/17/2021 14:40,16186
15,1,12,0,226,228,1532,55.63112984,0,1,1,0,0,12/19/2022 15:12,37111
5,5,8,1,227,227,1896,59.32098037,0,1,1,0,1,8/25/2023 5:14,45624
12,2,8,1,224,227,1696,67.21134866,0,0,1,1,1,8/11/2020 12:43,7656
8,3,2,0,221,229,1656,65.50744424,1,1,1,0,0,2/16/2022 8:22,26622
11,5,7,2,238,238,1985,76.24051191,0,0,0,1,0,7/3/2020 11:44,6319
7,2,6,2,219,222,1804,18.12466038,0,0,0,1,0,6/6/2023 7:06,42887
14,4,2,1,216,220,1711,90.79980424,0,1,1,1,1,2/6/2020 14:07,1254
8,3,7,2,234,237,1780,36.35081226,0,1,0,1,1,7/28/2021 8:18,19670
7,4,4,2,224,225,1948,92.03809079,0,1,0,1,1,4/23/2020 7:09,3881
12,3,1,1,228,233,1703,24.07970286,0,1,1,1,1,1/18/2023 12:50,38135
16,6,1,1,225,234,1790,64.63248984,0,0,1,0,1,1/25/2020 16:11,846
13,7,11,1,234,239,1530,37.66373334,0,0,1,1,0,11/6/2022 13:30,35636
15,3,8,2,232,235,1849,49.10073858,1,1,0,0,1,8/17/2022 15:33,32865
21,2,4,2,222,224,1955,38.69015801,1,1,0,0,0,4/26/2022 21:42,29004
16,6,10,2,218,222,1873,58.72114688,1,1,0,1,1,10/14/2023 16:14,47352
23,5,8,2,234,234,1979,56.21939754,1,1,0,0,0,8/25/2023 23:27,45650
9,6,7,2,225,233,1818,16.41200662,0,1,0,1,1,7/22/2023 9:41,44466
12,6,2,0,233,238,1917,22.77817807,0,1,1,1,0,2/1/2020 12:10,1080
22,1,2,0,219,221,1930,60.94834025,0,1,1,1,0,2/14/2022 22:43,26574
20,6,2,2,226,226,1959,34.70034909,0,1,0,1,1,2/4/2023 20:25,38728
15,3,8,2,220,220,1667,15.02771746,1,1,0,1,1,8/18/2021 15:12,20399
7,6,4,2,217,223,1749,54.35571634,0,1,0,0,0,4/24/2021 7:51,16416
11,2,9,2,224,226,1712,94.38149996,1,0,0,1,0,9/13/2022 11:35,33784
2,6,9,2,215,221,1763,94.80898902,0,1,0,0,1,9/5/2020 2:49,8498
18,4,6,1,222,230,1949,45.78389984,0,0,0,1,1,6/2/2022 18:50,30267
20,5,8,1,224,227,1917,20.66698319,1,0,1,1,1,8/11/2023 20:15,45166
17,3,6,2,217,222,1635,71.57916506,0,0,0,0,0,6/17/2020 17:18,5779
13,4,10,2,231,237,1571,66.49720775,1,1,0,0,1,10/8/2020 13:56,9644
1,4,4,2,228,232,1680,93.02984337,1,0,0,0,0,4/20/2023 1:53,41270
12,7,1,0,214,223,1538,45.56660667,1,1,1,0,1,1/10/2021 12:28,12861
5,1,5,1,235,238,1732,78.55218836,1,0,1,0,1,5/1/2023 5:36,41652
8,7,8,1,215,222,1700,33.8213394,1,0,0,0,1,8/22/2021 8:12,20526
9,6,7,1,236,238,1906,60.75263313,1,0,1,1,1,7/24/2021 9:00,19534
16,6,2,2,235,239,1875,30.15135122,0,0,0,0,0,2/4/2023 16:55,38723
5,3,3,1,213,222,1598,72.04877464,0,0,0,1,1,3/2/2022 5:15,27097
2,1,12,2,225,231,1581,71.72879963,1,1,0,0,1,12/28/2020 2:47,12402
14,2,7,1,228,236,1675,46.65904712,1,0,1,0,1,7/14/2020 14:45,6700
4,6,4,2,217,226,1795,18.47762364,0,0,0,0,0,4/11/2020 4:19,3466
20,7,12,0,221,222,1529,62.24191493,1,1,1,0,1,12/6/2020 20:36,11674
14,6,5,0,228,237,1827,60.09841955,1,0,1,0,0,5/27/2023 14:26,42555
20,5,1,0,225,233,1971,30.7886755,1,0,1,1,0,1/10/2020 20:52,339
16,4,6,2,228,233,1713,37.14128521,0,0,0,0,0,6/4/2020 16:44,5333
8,6,2,2,220,221,1526,32.75534526,1,1,0,0,1,2/20/2021 8:54,14260
11,2,8,1,221,227,1529,37.51625013,0,0,1,1,1,8/23/2022 11:42,33065
20,5,3,2,221,223,1911,95.96694269,1,1,0,1,1,3/27/2020 20:55,2976
20,7,6,1,239,239,1748,63.23389233,1,0,0,0,1,6/21/2020 20:49,5921
6,4,9,1,211,220,1953,80.44990799,0,0,1,1,0,9/21/2023 6:11,46550
8,4,7,2,228,237,1520,62.97957883,0,0,0,1,0,7/16/2020 8:06,6759
21,3,4,1,224,225,1805,75.21876875,1,0,1,1,1,4/5/2023 21:17,40784
1,7,3,2,234,239,1976,62.9647516,0,1,0,0,1,3/28/2021 1:18,15482
19,1,8,1,218,222,1540,70.60344878,0,0,1,0,0,8/31/2020 19:47,8351
23,2,11,0,225,225,1682,34.80381341,1,1,1,0,0,11/16/2021 23:31,23493
17,2,10,1,223,231,1728,79.20917441,0,0,1,1,1,10/31/2023 17:31,47936
9,6,5,1,218,220,1984,52.04650471,0,1,1,0,1,5/30/2020 9:11,5151
17,1,7,1,227,228,1549,69.97838521,1,0,0,0,1,7/5/2021 17:10,18895
1,1,9,0,211,220,1730,37.62716866,0,1,1,1,0,9/21/2020 1:27,9044
18,1,5,1,223,224,1623,32.78394301,0,0,0,1,1,5/31/2021 18:18,17698
21,1,9,2,226,235,1901,77.74672859,1,1,0,1,0,9/21/2020 21:47,9073
17,6,1,0,238,238,1546,86.57339411,1,1,1,0,1,1/16/2021 17:44,13074
5,3,8,0,220,220,1713,71.41195693,1,1,1,1,1,8/16/2023 5:23,45316
7,5,7,0,215,223,1641,24.24141956,1,1,1,1,1,7/30/2021 7:57,19738
9,7,4,1,213,221,1514,40.2672695,1,0,1,0,1,4/2/2023 9:54,40665
9,6,8,1,224,230,1935,80.98446785,0,0,1,1,0,8/28/2021 9:16,20733
11,6,4,2,215,220,1804,88.34186377,0,0,0,0,0,4/4/2020 11:08,3236
11,7,10,0,230,232,1736,74.87655987,1,1,1,0,0,10/15/2023 11:52,47380
14,7,3,2,224,231,1838,98.12266547,1,1,0,0,0,3/22/2020 14:46,2796
15,1,12,2,226,228,1712,50.35552399,1,1,0,0,1,12/21/2020 15:12,12180
4,1,7,2,220,227,1650,27.67684339,1,1,0,1,1,7/27/2020 4:48,7131
9,6,12,2,231,236,1857,38.9188439,1,0,0,1,0,12/3/2022 9:33,36555
18,3,2,0,232,233,1916,20.90480509,1,1,1,0,1,2/9/2022 18:41,26397
21,2,3,2,226,234,1747,23.86495465,1,0,0,0,0,3/28/2023 21:58,40511
16,3,7,1,230,230,1687,35.73805868,1,0,1,0,1,7/21/2021 16:31,19442
11,6,10,0,231,234,1587,23.93225672,1,1,1,0,1,10/22/2022 11:53,35120
0,5,1,0,222,227,1780,59.41942106,1,1,1,1,1,1/17/2020 0:02,549
22,3,2,1,230,234,1970,53.72807154,0,0,1,0,1,2/19/2020 22:23,1711
4,1,5,2,225,230,1674,27.86136352,1,0,0,1,0,5/3/2021 4:54,16720
8,3,11,2,230,232,1988,47.85393945,0,1,0,0,0,11/9/2022 8:47,35732
23,1,7,1,226,233,1567,66.74135143,1,0,0,1,1,7/6/2020 23:50,6439
13,3,3,2,234,235,1594,18.31914245,1,1,0,0,1,3/15/2023 13:00,40053
16,5,9,2,220,225,1587,53.8883825,0,0,0,0,0,9/23/2022 16:11,34133
17,1,6,2,231,232,1667,84.34309276,0,1,0,1,1,6/12/2023 17:59,43108
13,1,10,1,234,238,1875,74.71455242,0,1,1,0,1,10/9/2023 13:36,47177
17,2,12,2,229,234,1973,34.19429059,0,1,0,0,1,12/29/2020 17:20,12457
18,4,12,2,226,227,1679,11.85562632,0,1,0,0,1,12/22/2022 18:11,37218
18,1,11,2,229,234,1800,58.39770807,0,0,0,1,0,11/28/2022 18:07,36396
4,5,4,1,225,230,1906,99.11747627,1,0,1,0,1,4/22/2022 4:10,28842
22,2,10,0,235,235,1733,32.02573107,0,1,1,0,0,10/6/2020 22:42,9588
4,5,6,1,227,233,1963,99.27241314,0,0,1,1,0,6/3/2022 4:38,30281
16,5,7,1,220,224,1589,61.21451111,0,0,0,0,1,7/15/2022 16:19,31736
0,2,9,2,231,234,1673,15.36816417,1,1,0,0,1,9/28/2021 0:25,21782
15,1,3,2,233,235,1691,92.85651848,1,0,0,1,0,3/14/2022 15:06,27522
4,3,3,1,223,226,1783,82.17284291,1,0,1,0,1,3/1/2023 4:12,39561
7,1,7,0,220,229,1941,58.06072753,1,1,1,1,0,7/12/2021 7:33,19121
19,2,9,2,228,233,1912,46.20856224,0,1,0,1,1,9/1/2020 19:37,8385
9,4,5,1,229,232,1664,34.49666004,0,0,1,0,1,5/7/2020 9:39,4364
17,6,6,1,227,227,1664,96.95011872,0,1,1,1,1,6/19/2021 17:08,18347
5,6,1,2,224,229,1602,25.30891859,1,1,0,0,0,1/28/2023 5:30,38467
6,5,8,0,225,226,1714,52.06226175,1,1,1,0,0,8/25/2023 6:38,45626
10,2,2,0,230,235,1581,71.83098736,1,1,1,1,1,2/9/2021 10:06,13885
6,6,10,1,223,227,1525,62.75594696,1,0,1,1,1,10/30/2021 6:49,22887
21,4,9,2,220,225,1507,10.10214492,1,0,0,1,0,9/22/2022 21:15,34106
0,4,5,1,215,223,1838,81.00246873,1,0,1,1,1,5/14/2020 0:02,4590
22,5,8,2,215,221,1679,54.31404173,1,1,0,1,1,8/12/2022 22:43,32704
23,6,6,0,227,234,1870,78.26793393,0,1,1,1,0,6/19/2021 23:26,18356
14,5,10,1,216,221,1506,64.88819773,0,0,1,1,0,10/8/2021 14:07,22144
9,1,8,0,216,224,1594,17.41179652,1,1,1,0,0,8/22/2022 9:47,33028
8,2,9,1,229,231,1719,63.52685954,1,0,0,1,1,9/8/2020 8:36,8609
15,1,8,2,226,232,1622,65.91930953,0,1,0,1,1,8/23/2021 15:02,20570
10,4,6,0,231,232,1824,35.66039973,1,1,1,0,0,6/24/2021 10:39,18509
22,3,8,2,231,237,1580,98.1285366,1,0,0,0,0,8/5/2020 22:10,7464
8,4,4,1,238,238,1878,52.13343141,0,0,1,1,1,4/13/2023 8:42,41040
16,1,3,1,232,237,1619,69.40358027,1,0,0,0,1,3/16/2020 16:30,2593
5,7,4,2,224,224,1853,95.09536855,1,0,0,1,0,4/17/2022 5:02,28672
20,4,3,0,228,236,1923,51.08643248,0,1,1,1,0,3/30/2023 20:55,40578
22,6,11,0,217,221,1602,13.67077113,1,1,1,1,1,11/18/2023 22:49,48560
11,5,10,0,228,237,1992,31.87184515,0,1,1,1,0,10/15/2021 11:31,22380
14,5,9,0,218,226,1535,37.37330449,1,1,1,0,0,9/24/2021 14:26,21665
5,7,8,0,216,222,1852,74.94586459,0,1,1,0,0,8/21/2022 5:03,32987
6,7,10,0,221,228,1571,71.92308413,1,0,1,1,0,10/10/2021 6:46,22202
9,1,10,2,230,233,1665,41.57963125,1,0,0,0,0,10/19/2020 9:15,10014
3,2,5,1,227,227,1694,96.10163543,0,0,1,0,0,5/17/2022 3:22,29697
9,5,12,1,224,224,1624,59.96567565,0,0,1,1,0,12/17/2021 9:04,24534
9,5,10,2,237,239,1628,11.35897129,1,0,0,0,0,10/30/2020 9:27,10391
14,4,11,1,229,235,1577,30.02972532,0,1,1,1,1,11/16/2023 14:03,48479
12,2,3,0,234,237,1714,77.08156885,1,1,1,0,0,3/1/2022 12:26,27073
11,5,7,1,226,234,1505,61.73523869,0,0,1,1,0,7/3/2020 11:02,6318
5,3,4,2,232,239,1524,96.09212974,1,1,0,0,0,4/28/2021 5:46,16550
15,7,1,1,235,235,1694,99.36139278,0,0,1,1,1,1/29/2023 15:09,38515
14,6,4,1,224,227,1633,89.42215699,0,0,1,1,0,4/10/2021 14:28,15946
6,7,8,0,222,226,1772,24.07691189,0,1,1,1,0,8/30/2020 6:39,8298
3,2,7,1,222,223,1695,95.78337738,0,0,0,0,1,7/28/2020 3:55,7164
16,7,1,2,218,222,1942,53.03003746,1,1,0,0,1,1/26/2020 16:00,880
9,7,11,1,224,229,1938,16.72829681,0,1,1,0,1,11/1/2020 9:48,10460
1,6,5,1,228,231,1876,50.9487139,1,0,1,1,1,5/6/2023 1:14,41817
10,4,8,0,223,230,1806,75.02166152,1,1,1,1,0,8/17/2023 10:49,45358
22,4,9,2,226,227,1633,22.53229966,1,1,0,0,0,9/17/2020 22:28,8937
13,7,9,1,232,239,1996,64.51596,0,1,1,0,1,9/19/2021 13:53,21493
7,2,11,2,236,239,1894,81.17902263,1,0,0,1,0,11/14/2023 7:23,48401
15,2,2,2,232,237,1670,17.36000653,1,1,0,1,0,2/18/2020 15:33,1667
8,1,8,0,229,229,1978,42.40867308,1,1,1,1,0,8/2/2021 8:09,19841
22,2,1,1,234,237,1757,38.39946008,1,0,0,0,1,1/26/2021 22:19,13423
18,5,6,2,230,231,1587,64.47825874,1,0,0,0,0,6/16/2023 18:00,43245
11,6,7,1,220,225,1881,13.7785429,0,0,1,1,0,7/29/2023 11:59,44709
17,2,3,2,226,234,1702,12.56585124,0,0,0,1,0,3/1/2022 17:20,27080
21,5,2,1,216,223,1911,74.52134025,1,0,0,0,1,2/17/2023 21:41,39175
12,6,7,2,238,239,1517,48.09600248,1,0,0,0,0,7/4/2020 12:58,6355
18,3,10,0,233,238,1938,25.41861688,1,1,1,1,1,10/28/2020 18:12,10335
13,7,12,1,230,233,1828,27.53740008,0,0,0,0,1,12/19/2021 13:37,24609
18,2,2,2,217,221,1724,78.13721346,0,1,0,0,0,2/18/2020 18:21,1671
20,3,10,0,225,229,1695,14.18314143,1,1,1,0,1,10/19/2022 20:06,35029
7,4,8,1,228,234,1807,53.25869418,1,0,1,0,1,8/27/2020 7:52,8197
12,2,9,2,217,223,1556,36.17325181,0,0,0,1,0,9/19/2023 12:08,46490
9,5,10,2,230,233,1857,38.88686018,0,1,0,1,0,10/8/2021 9:55,22138
1,1,12,1,216,224,1621,33.56738449,0,1,1,0,1,12/14/2020 1:42,11921
16,3,9,2,222,231,1609,77.03473065,0,1,0,0,0,9/7/2022 16:08,33585
8,1,4,0,220,224,1914,49.69217016,1,0,1,0,0,4/24/2023 8:12,41416
1,1,12,2,217,222,1870,62.75811578,1,1,0,1,1,12/13/2021 1:20,24386
12,4,7,2,221,228,1863,30.09328725,1,1,0,0,1,7/30/2020 12:41,7245
5,4,3,0,219,228,1787,82.81737233,1,0,1,1,0,3/16/2023 5:49,40077
3,5,11,0,237,237,1583,71.17732467,1,0,1,0,0,11/11/2022 3:32,35793
0,3,2,2,231,233,1684,81.51721884,0,1,0,0,0,2/26/2020 0:09,1919
11,2,5,0,221,225,1626,21.95611033,1,1,1,1,1,5/3/2022 11:23,29229
4,7,2,0,228,228,1967,16.91307688,1,1,1,1,0,2/19/2023 4:31,39219
3,1,5,0,236,238,1940,24.47962245,1,0,1,0,0,5/1/2023 3:30,41649
6,4,12,2,220,222,1516,91.46092542,0,1,0,1,0,12/22/2022 6:16,37201
12,7,5,2,225,234,1578,47.26417784,1,1,0,1,1,5/2/2021 12:47,16697
19,6,1,2,220,228,1783,84.18156963,0,1,0,1,0,1/14/2023 19:50,38008
6,5,9,2,222,225,1880,73.26444008,1,0,0,1,0,9/18/2020 6:10,8948
15,6,4,1,226,233,1848,32.21570888,1,0,0,1,1,4/10/2021 15:52,15948
13,5,8,0,222,229,1705,43.76228241,1,0,1,1,0,8/28/2020 13:18,8239
5,4,6,1,239,239,1648,15.04458396,0,0,1,1,0,6/4/2020 5:31,5317
10,5,12,0,217,221,1852,67.93670768,1,1,1,1,1,12/16/2022 10:07,37001
12,1,10,0,217,226,1992,53.58063549,1,1,1,1,1,10/24/2022 12:14,35189
10,1,8,1,237,237,1918,70.83836241,1,0,0,0,1,8/14/2023 10:38,45255
1,4,2,1,228,229,1937,54.13504239,1,0,1,1,1,2/2/2023 1:50,38633
5,3,6,2,216,221,1972,70.93037158,0,1,0,1,0,6/7/2023 5:32,42919
4,5,10,2,215,221,1643,85.73285872,1,1,0,1,1,10/2/2020 4:28,9425
3,6,3,2,231,232,1740,81.80957656,0,0,0,1,0,3/12/2022 3:32,27437
10,7,8,0,221,224,1854,50.88570331,1,1,1,1,1,8/27/2023 10:29,45700
14,5,9,2,236,239,1727,64.55607977,0,1,0,1,1,9/29/2023 14:37,46836
10,5,6,2,224,232,1518,38.23377085,0,0,0,1,0,6/24/2022 10:08,31008
8,1,3,0,229,229,1966,21.54477108,0,1,1,1,0,3/29/2021 8:50,15527
2,6,10,1,219,226,1915,82.79405187,1,0,1,1,1,10/1/2022 2:53,34388
15,7,4,1,221,230,1605,20.60263708,0,1,1,0,1,4/9/2023 15:00,40912
1,5,5,1,222,229,1791,79.81557989,1,0,1,0,1,5/13/2022 1:15,29557
9,5,10,2,223,227,1525,65.80193526,1,1,0,1,0,10/16/2020 9:46,9912
9,5,3,2,211,220,1717,78.1998849,1,1,0,1,0,3/12/2021 9:39,14946
9,1,4,0,233,238,1653,17.07978862,0,1,1,1,0,4/20/2020 9:46,3782
18,4,4,1,216,221,1844,68.30152328,0,0,0,1,1,4/27/2023 18:54,41534
21,2,1,1,231,232,1936,48.25898779,0,1,1,1,1,1/11/2022 21:34,25408
3,1,5,2,221,229,1710,82.14930082,0,1,0,1,0,5/11/2020 3:21,4492
19,3,9,2,227,230,1652,13.20975156,1,1,0,0,1,9/14/2022 19:50,33830
23,4,11,1,227,227,1811,38.24632431,0,0,1,0,1,11/9/2023 23:40,48253
23,5,5,1,214,221,1649,63.40949982,1,0,1,0,1,5/20/2022 23:10,29828
9,5,9,0,223,228,1690,73.20913806,0,1,1,1,0,9/18/2020 9:41,8953
16,6,9,1,235,238,1670,92.20855934,0,0,0,0,1,9/19/2020 16:31,8997
15,6,6,2,232,233,1873,57.05935475,1,1,0,1,1,6/13/2020 15:53,5640
7,1,2,1,224,226,1790,40.27027241,1,0,0,0,1,2/13/2023 7:39,39018
13,5,9,1,233,237,1584,46.92059994,1,0,0,0,1,9/18/2020 13:11,8958
6,6,3,2,219,225,1906,41.38877951,0,0,0,0,0,3/19/2022 6:31,27681
16,2,11,0,239,239,1970,41.32744201,1,1,1,0,1,11/1/2022 16:28,35469
13,1,4,0,235,235,1734,31.24456765,1,0,1,1,0,4/26/2021 13:49,16493
3,5,5,2,214,223,1944,55.25966154,0,0,0,1,0,5/19/2023 3:54,42266
17,5,4,0,216,222,1874,79.88633827,1,1,1,1,0,4/2/2021 17:15,15676
23,6,6,2,222,231,1736,86.03357838,1,1,0,1,0,6/17/2023 23:26,43287
4,4,7,2,230,233,1634,76.4753277,1,1,0,0,0,7/7/2022 4:23,31445
6,7,12,0,215,223,1730,35.2628826,0,1,1,1,0,12/6/2020 6:35,11654
16,6,10,2,219,220,1769,77.70754105,1,0,0,0,0,10/9/2021 16:03,22181
6,3,4,1,212,220,1525,11.72832168,0,1,1,1,1,4/27/2022 6:49,29017
1,6,8,2,233,233,1954,36.6714278,0,1,0,1,0,8/15/2020 1:31,7777
18,5,9,0,227,236,1636,67.05115781,1,1,1,1,0,9/8/2023 18:56,46123
14,3,6,0,219,223,1739,36.15061995,0,1,1,0,0,6/22/2022 14:41,30946
1,7,12,2,232,236,1959,66.91252113,0,1,0,1,0,12/26/2021 1:54,24832
7,5,7,0,230,238,1546,56.99408781,1,0,1,1,0,7/23/2021 7:04,19497
16,4,7,2,219,223,1506,94.4767223,0,0,0,0,0,7/8/2021 16:39,18997
22,1,11,0,217,226,1942,15.02495632,1,0,1,0,0,11/30/2020 22:20,11471
17,6,1,0,225,228,1734,45.27730833,1,0,1,0,0,1/21/2023 17:13,38244
0,2,10,2,218,223,1532,98.56867822,0,0,0,1,0,10/10/2023 0:48,47193
11,4,5,2,228,237,1680,91.95993467,1,1,0,0,0,5/5/2022 11:44,29298
6,2,4,1,213,222,1751,67.44302168,1,0,0,1,1,4/19/2022 6:05,28742
10,5,8,1,233,235,1536,84.63450519,0,1,1,0,1,8/19/2022 10:18,32926
23,5,3,0,231,236,1655,28.23179811,1,0,1,0,0,3/27/2020 23:01,2979
1,4,9,0,230,236,1838,87.29607932,1,1,1,0,0,9/9/2021 1:36,21133
22,1,10,1,228,233,1618,41.55164595,0,1,1,1,1,10/4/2021 22:31,22019
17,1,4,2,225,229,1660,45.03329353,0,0,0,0,0,4/12/2021 17:38,16019
13,4,1,1,223,229,1673,95.81498994,0,1,1,1,1,1/13/2022 13:31,25465
12,6,4,0,221,230,1537,11.59808228,1,0,1,0,0,4/22/2023 12:45,41354
14,5,5,2,223,225,1990,23.8571037,1,1,0,0,0,5/14/2021 14:55,17111
5,6,12,2,222,229,1949,51.53259971,1,1,0,1,1,12/12/2020 5:33,11858
20,3,8,0,232,232,1800,46.04083385,1,0,1,1,0,8/31/2022 20:08,33351
11,3,12,0,230,235,1860,67.66135823,1,1,1,1,1,12/22/2021 11:42,24709
5,1,11,2,224,233,1981,67.17075946,1,1,0,1,0,11/27/2023 5:51,48844
10,1,6,1,232,232,1961,93.50021239,0,0,1,0,1,6/20/2022 10:07,30871
2,1,2,1,231,233,1928,17.94096128,0,0,1,1,0,2/8/2021 2:33,13840
10,3,10,1,224,231,1837,13.26477111,0,0,1,0,1,10/14/2020 10:48,9845
0,2,11,2,230,238,1909,46.18097571,0,0,0,1,0,11/8/2022 0:32,35686
13,7,2,1,235,238,1699,37.64603336,0,0,0,0,1,2/16/2020 13:05,1595
13,2,12,1,224,230,1664,25.70566682,1,0,1,0,1,12/13/2022 13:26,36903
4,7,6,0,222,223,1533,65.31127677,1,1,1,1,0,6/13/2021 4:51,18124
7,4,7,1,215,222,1638,99.60046055,0,0,1,0,0,7/29/2021 7:26,19703
0,7,4,2,224,229,1931,87.6216262,1,1,0,0,0,4/17/2022 0:07,28665
14,7,9,1,224,227,1759,92.90963534,0,1,1,1,1,9/11/2022 14:44,33720
1,6,7,2,222,222,1707,89.77521579,0,1,0,1,1,7/11/2020 1:15,6578
15,4,6,1,234,238,1813,57.70272507,1,0,0,1,1,6/24/2021 15:34,18516
5,7,2,1,216,223,1972,45.53747629,0,0,1,1,1,2/7/2021 5:32,13810
21,3,8,1,222,226,1701,14.23418101,0,0,1,0,0,8/23/2023 21:42,45579
20,6,4,1,221,224,1817,87.80925271,0,0,1,0,1,4/17/2021 20:16,16194
14,2,3,1,231,231,1996,74.07443078,1,0,0,0,1,3/10/2020 14:44,2385
6,1,5,1,215,220,1660,53.14070148,0,0,0,0,1,5/16/2022 6:20,29667
21,4,7,1,228,234,1926,85.57540347,0,0,1,1,0,7/16/2020 21:24,6778
1,6,1,2,219,220,1881,29.21215514,1,1,0,0,0,1/1/2022 1:34,25037
15,7,4,2,220,222,1664,70.23408473,0,0,0,1,0,4/3/2022 15:51,28208
20,7,5,2,225,229,1928,16.06570867,0,0,0,0,0,5/22/2022 20:01,29892
5,5,1,1,226,232,1509,39.48384333,0,1,1,0,1,1/7/2022 5:27,25248
5,4,1,2,230,237,1574,92.39393262,1,1,0,0,0,1/28/2021 5:51,13468
21,2,8,2,229,230,1588,73.86754205,0,1,0,0,1,8/8/2023 21:28,45065
21,4,9,1,220,224,1899,77.37805851,1,0,1,0,1,9/10/2020 21:34,8696
15,6,2,2,222,228,1981,64.22631372,1,1,0,0,1,2/5/2022 15:52,26256
21,1,7,1,215,221,1555,95.34076095,0,0,0,1,1,7/4/2022 21:01,31366
8,4,3,1,221,224,1572,54.20326875,1,0,1,0,1,3/12/2020 8:47,2445
18,3,10,2,220,220,1977,66.42892489,1,1,0,1,0,10/28/2020 18:54,10336
0,7,10,0,231,233,1800,70.54024777,1,1,1,1,1,10/23/2022 0:30,35138
16,2,10,2,233,234,1730,16.13287371,0,0,0,1,0,10/20/2020 16:47,10059
6,5,12,1,236,237,1680,89.24362861,0,0,1,0,1,12/10/2021 6:04,24290
21,6,9,1,221,228,1979,67.08971105,0,1,1,0,1,9/12/2020 21:56,8765
19,1,8,1,219,225,1566,87.73714644,0,1,1,1,1,8/10/2020 19:54,7632
23,7,11,2,231,234,1795,68.11783314,1,1,0,1,0,11/29/2020 23:54,11439
0,6,8,2,221,229,1746,35.5559368,1,0,0,0,0,8/15/2020 0:07,7775
21,3,12,2,223,223,1668,65.56022711,0,1,0,0,0,12/1/2021 21:38,24004
21,7,8,2,221,221,1983,81.52888842,1,1,0,0,0,8/20/2023 21:31,45476
18,7,3,2,225,230,1806,77.74237503,0,1,0,0,1,3/5/2023 18:13,39718
17,7,2,2,226,231,1718,83.90106798,1,1,0,1,0,2/2/2020 17:36,1122
4,4,8,1,231,236,1998,43.87651497,1,0,1,0,1,8/10/2023 4:19,45109
21,6,1,2,218,222,1711,68.6737333,1,1,0,1,1,1/16/2021 21:56,13080
18,2,3,1,227,228,1613,96.00784656,0,1,1,1,1,3/14/2023 18:46,40027
15,1,4,0,219,223,1850,16.11627298,1,0,1,0,0,4/4/2022 15:41,28242
13,6,11,1,233,239,1720,33.92582789,0,0,0,1,1,11/18/2023 13:43,48547
3,4,9,1,230,234,1876,19.11259503,1,0,1,1,1,9/9/2021 3:42,21136
3,2,12,1,237,237,1911,36.42640286,0,0,1,0,0,12/1/2020 3:14,11478
20,4,3,0,233,238,1824,96.1736618,1,0,1,1,0,3/12/2020 20:00,2461
8,6,8,2,233,236,1553,21.12767701,1,1,0,0,1,8/29/2020 8:13,8266
6,4,3,0,224,226,1993,65.66135611,1,1,1,1,1,3/25/2021 6:01,15386
21,3,9,2,222,224,1657,33.39509749,0,1,0,0,1,9/15/2021 21:35,21367
18,4,3,0,219,221,1943,59.40400357,1,0,1,0,0,3/2/2023 18:02,39615
18,5,11,1,223,227,1907,60.04454709,1,0,0,0,1,11/4/2022 18:03,35574
5,7,6,2,238,239,1984,93.10576243,0,1,0,0,1,6/4/2023 5:21,42816
10,2,4,2,223,227,1944,77.15498229,1,0,0,0,0,4/4/2023 10:15,40734
9,5,7,2,226,233,1609,98.6675596,1,1,0,1,1,7/31/2020 9:01,7274
12,6,9,1,233,234,1725,42.7346588,0,0,1,1,0,9/10/2022 12:07,33682
5,5,3,1,231,231,1770,51.21625489,0,0,1,0,0,3/24/2023 5:50,40351
9,5,1,0,228,236,1621,38.12968091,1,1,1,0,0,1/1/2021 9:06,12548
13,4,6,2,217,222,1856,64.83886845,0,0,0,0,0,6/10/2021 13:46,18034
19,7,10,2,231,236,1955,18.17273048,0,0,0,1,0,10/9/2022 19:02,34685
3,6,11,1,233,234,1599,84.56504682,0,0,1,1,0,11/25/2023 3:24,48772
9,1,10,0,222,229,1691,60.93283094,1,1,1,1,1,10/30/2023 9:16,47890
19,5,10,1,219,220,1689,54.28814753,0,0,1,1,0,10/2/2020 19:53,9447
17,6,10,1,224,227,1813,92.29849947,1,0,0,0,1,10/22/2022 17:29,35128
5,4,1,1,235,235,1783,82.14023402,1,0,1,0,1,1/27/2022 5:30,25933
1,4,3,2,230,238,1907,60.77283264,0,0,0,1,0,3/11/2021 1:25,14900
19,6,7,1,222,226,1931,91.07132663,0,0,1,1,1,7/17/2021 19:19,19309
13,2,5,2,227,236,1812,85.55217534,0,1,0,0,0,5/11/2021 13:20,17006
9,5,10,0,230,230,1829,89.254478,0,1,1,1,0,10/21/2022 9:57,35083
16,6,6,2,224,225,1571,32.52521063,0,0,0,0,0,6/17/2023 16:25,43277
6,3,5,2,229,238,1653,89.63881109,1,1,0,0,1,5/17/2023 6:21,42201
18,1,4,0,222,227,1910,59.50385662,1,1,1,1,1,4/13/2020 18:41,3555
5,1,8,1,230,236,1576,66.5187969,0,0,0,0,1,8/24/2020 5:35,8091
3,3,12,0,237,239,1929,71.11295553,0,1,1,0,0,12/8/2021 3:36,24218
10,4,7,1,216,221,1580,56.27460396,0,0,1,1,1,7/1/2021 10:09,18748
21,2,11,2,231,236,1778,32.77491321,0,0,0,0,0,11/28/2023 21:06,48900
16,5,1,2,220,224,1565,18.77914429,0,1,0,1,0,1/3/2020 16:28,93
14,2,2,2,232,232,1590,33.78643565,0,1,0,1,0,2/2/2021 14:48,13652
22,5,4,1,228,237,1879,71.53053067,0,0,0,1,1,4/16/2021 22:33,16163
20,1,10,0,211,220,1956,62.91013615,1,0,1,0,0,10/10/2022 20:57,34722
2,5,6,1,222,226,1663,87.696691,0,0,1,1,0,6/5/2020 2:33,5347
9,1,5,1,232,237,1978,32.79633695,0,0,1,0,0,5/31/2021 9:53,17686
18,6,6,1,230,236,1628,50.01574376,1,0,0,1,1,6/5/2021 18:50,17870
19,1,1,1,218,224,1648,66.14533061,0,0,0,0,1,1/30/2023 19:53,38556
11,7,9,0,227,233,1545,41.01592152,0,1,1,0,0,9/24/2023 11:58,46661
3,4,10,2,221,229,1695,47.6788996,0,1,0,0,0,10/20/2022 3:49,35040
0,4,10,1,231,237,1619,44.70297765,0,0,0,0,1,10/15/2020 0:07,9864
8,7,4,0,222,228,1929,68.03241996,1,1,1,0,0,4/18/2021 8:11,16211
14,5,6,0,222,224,1892,37.04439914,1,1,1,0,0,6/19/2020 14:51,5844
3,3,6,2,237,238,1558,60.43209274,0,1,0,0,0,6/16/2021 3:38,18225
2,3,9,2,219,227,1517,59.36056179,1,1,0,1,0,9/21/2022 2:30,34045
8,3,10,1,219,226,1869,44.08402982,1,0,0,1,1,10/21/2020 8:12,10081
2,3,9,1,223,231,1671,92.69458041,1,0,0,0,1,9/16/2020 2:19,8874
13,5,2,1,221,224,1958,91.25537317,1,0,1,1,1,2/14/2020 13:26,1527
18,5,10,1,224,232,1686,39.44981394,0,0,1,1,1,10/13/2023 18:31,47321
14,5,2,1,226,229,1915,19.21513781,0,0,0,0,1,2/25/2022 14:31,26939
9,7,9,2,220,221,1963,13.45071855,0,1,0,0,1,9/12/2021 9:29,21247
13,3,5,2,227,227,1766,55.44476703,0,0,0,1,0,5/4/2022 13:19,29266
15,1,4,0,222,231,1554,76.99556868,1,1,1,1,1,4/26/2021 15:55,16496
13,4,4,2,233,234,1908,27.60958867,0,1,0,0,1,4/7/2022 13:04,28341
22,1,7,2,230,233,1615,89.70888452,0,1,0,1,0,7/13/2020 22:38,6677
6,7,3,1,233,237,1888,81.4472204,0,0,1,1,0,3/26/2023 6:54,40421
8,5,8,0,225,226,1897,59.18326954,1,0,1,1,0,8/25/2023 8:44,45629
22,2,6,0,213,222,1953,80.895772,0,1,1,0,0,6/9/2020 22:11,5512
16,2,5,1,225,225,1863,38.22280256,0,1,1,1,1,5/12/2020 16:29,4545
11,1,6,2,221,228,1684,28.9861018,1,1,0,1,1,6/7/2021 11:29,17928
13,1,8,0,230,237,1893,64.50868222,1,1,1,0,0,8/30/2021 13:08,20807
0,7,9,2,217,222,1582,92.78799668,0,1,0,0,1,9/6/2020 0:32,8529
16,4,8,0,231,232,1847,62.02169525,1,0,1,0,0,8/18/2022 16:46,32901
8,2,9,2,221,230,1655,55.72271518,1,0,0,0,0,9/21/2021 8:38,21554
23,3,3,0,227,236,1633,87.7861214,1,1,1,0,1,3/24/2021 23:00,15376
17,6,4,2,230,237,1876,36.20808849,1,0,0,1,0,4/1/2023 17:46,40642
20,6,5,1,229,229,1647,66.82908178,0,0,1,1,0,5/9/2020 20:31,4448
5,4,5,2,220,225,1796,39.29037986,1,1,0,1,1,5/5/2022 5:26,29289
21,3,3,0,223,223,1768,38.27156687,1,0,1,0,0,3/18/2020 21:04,2668
19,3,6,0,232,234,1959,65.44138577,1,1,1,1,0,6/21/2023 19:56,43419
12,5,10,0,221,224,1665,94.91923659,1,1,1,0,0,10/20/2023 12:24,47552
4,7,4,0,227,236,1938,40.26105078,1,1,1,0,1,4/5/2020 4:39,3261
3,3,1,1,217,222,1763,87.01530758,0,1,1,0,1,1/12/2022 3:53,25417
23,3,6,1,227,227,1735,46.13295073,0,0,1,1,0,6/1/2022 23:54,30240
2,7,10,1,224,229,1948,79.93896172,0,0,1,0,1,10/24/2021 2:15,22675
3,1,12,0,227,231,1896,61.37854956,1,1,1,1,1,12/5/2022 3:36,36615
18,2,8,1,227,232,1592,96.57246383,0,0,1,1,1,8/2/2022 18:08,32355
19,3,10,0,213,221,1556,77.76042647,1,1,1,0,1,10/27/2021 19:57,22803
8,4,2,1,227,236,1826,19.31693335,0,1,1,1,1,2/4/2021 8:09,13711
23,2,10,0,229,232,1615,20.1301287,1,1,1,1,1,10/24/2023 23:37,47705
4,6,3,1,217,225,1878,53.21235299,0,0,1,0,1,3/18/2023 4:04,40143
0,6,3,1,230,237,1558,13.36957833,0,0,1,1,1,3/18/2023 0:34,40138
6,6,9,1,234,236,1601,80.34223723,1,0,1,1,1,9/19/2020 6:42,8983
7,2,11,2,228,228,1835,29.41819965,0,0,0,1,0,11/7/2023 7:12,48161
13,4,1,0,219,223,1738,84.5730199,0,1,1,1,0,1/14/2021 13:10,12999
15,3,8,0,230,231,1805,59.30991642,1,1,1,0,1,8/19/2020 15:33,7934
9,6,10,0,218,227,1976,92.42942055,1,0,1,1,0,10/2/2021 9:33,21932
3,4,11,0,235,238,1626,94.9035762,1,1,1,0,1,11/12/2020 3:00,10827
10,7,3,2,219,220,1786,68.84384748,0,1,0,1,1,3/20/2022 10:33,27721
19,7,5,0,219,224,1659,58.28484872,1,1,1,0,0,5/22/2022 19:19,29891
3,5,7,0,228,234,1803,55.73272601,1,1,1,0,0,7/9/2021 3:10,19012
7,1,12,2,232,235,1985,40.99856665,1,1,0,0,1,12/5/2022 7:48,36621
19,1,10,0,226,234,1502,63.96680332,1,1,1,0,0,10/12/2020 19:34,9789
15,1,4,1,230,235,1716,47.55345665,1,0,1,1,1,4/19/2021 15:43,16256
18,5,5,1,220,221,1973,84.93313653,1,0,1,1,1,5/20/2022 18:58,29822
8,5,6,2,222,225,1601,91.24341539,1,1,0,0,0,6/24/2022 8:02,31005
19,2,1,1,223,231,1994,11.15362346,0,0,1,1,0,1/12/2021 19:07,12939
22,5,12,2,219,220,1510,37.54394962,0,0,0,0,0,12/10/2021 22:11,24313
5,5,8,1,227,228,1589,27.63714405,0,0,1,0,0,8/26/2022 5:35,33159
12,5,4,2,228,235,1579,46.40153611,1,0,0,0,0,4/23/2021 12:56,16389
1,3,5,1,220,227,1865,94.78471384,0,0,1,1,0,5/10/2023 1:15,41954
21,2,4,1,224,230,1686,61.50574991,0,1,1,0,1,4/18/2023 21:09,41229
5,2,7,2,229,236,1722,76.29115768,0,1,0,1,1,7/4/2023 5:05,43843
22,3,5,0,230,239,1804,69.62043522,1,1,1,1,1,5/13/2020 22:38,4588
1,4,7,1,222,225,1917,16.46164378,0,1,1,0,1,7/29/2021 1:07,19694
11,7,3,2,221,225,1944,97.43899139,1,1,0,0,1,3/26/2023 11:06,40427
8,1,10,1,227,236,1774,30.74407815,0,0,0,1,1,10/19/2020 8:32,10013
11,6,7,2,230,235,1750,66.10030904,1,1,0,0,0,7/15/2023 11:36,44229
18,5,8,2,215,221,1506,71.627034,1,1,0,0,1,8/21/2020 18:00,8006
0,2,6,1,233,237,1940,73.30733354,0,1,1,0,1,6/2/2020 0:57,5242
5,6,3,1,230,230,1925,87.56914203,0,0,0,1,1,3/28/2020 5:19,2988
9,1,10,1,223,232,1534,86.54270403,0,0,0,0,1,10/10/2022 9:45,34706
11,1,12,0,221,221,1537,74.74127833,0,1,1,0,0,12/19/2022 11:42,37106
7,3,6,1,233,236,1622,65.18583364,0,1,1,0,1,6/14/2023 7:50,43162
10,2,11,2,223,228,1903,81.0867287,0,1,0,0,0,11/24/2020 10:45,11249
14,3,3,0,218,222,1929,79.89121953,1,1,1,1,1,3/3/2021 14:01,14644
16,7,8,1,234,237,1521,23.38794674,1,0,1,0,1,8/29/2021 16:48,20778
8,6,9,2,229,232,1862,59.33067742,0,1,0,0,1,9/9/2023 8:57,46143
5,6,10,2,224,233,1802,71.15426931,1,1,0,1,0,10/3/2020 5:42,9461
4,6,2,1,218,226,1834,98.78441875,0,0,1,1,1,2/22/2020 4:21,1788
15,5,1,0,216,222,1979,83.64018336,0,1,1,0,0,1/15/2021 15:06,13036
19,4,2,0,230,234,1556,56.0473331,1,1,1,0,0,2/10/2022 19:12,26432
12,2,7,1,222,229,1537,99.88412251,0,0,1,0,0,7/21/2020 12:08,6936
23,2,8,1,224,225,1729,23.0766566,0,0,1,1,1,8/17/2021 23:05,20376
20,7,2,0,216,223,1931,57.25015451,0,1,1,0,0,2/26/2023 20:08,39481
23,7,6,2,226,234,1821,60.68886603,0,0,0,1,0,6/7/2020 23:55,5446
15,3,10,2,225,230,1574,47.38325696,0,1,0,0,0,10/7/2020 15:31,9612
20,2,11,0,235,236,1543,82.08111558,1,0,1,1,0,11/7/2023 20:31,48180
5,6,2,2,239,239,1572,13.68390445,0,1,0,1,1,2/13/2021 5:54,14016
1,6,4,0,222,229,1514,46.87848426,1,1,1,0,1,4/18/2020 1:00,3701
21,5,5,1,230,234,1856,15.39170228,1,0,0,0,1,5/29/2020 21:16,5134
16,1,5,2,236,238,1829,11.84045853,1,0,0,0,0,5/30/2022 16:33,30161
2,3,7,0,234,235,1990,60.02873662,0,1,1,0,0,7/12/2023 2:18,44113
17,1,1,1,238,239,1878,10.46240194,0,0,0,1,1,1/4/2021 17:00,12662
13,5,11,1,214,221,1837,75.08000726,0,1,1,1,1,11/19/2021 13:53,23582
6,6,9,1,227,231,1739,66.74947902,1,0,1,0,1,9/26/2020 6:12,9222
23,2,9,1,221,227,1524,44.91093546,1,0,1,1,1,9/21/2021 23:21,21575
9,1,1,1,219,227,1784,25.97563264,0,0,1,1,0,1/23/2023 9:10,38301
0,7,11,1,214,220,1856,45.60238117,0,0,1,0,1,11/27/2022 0:04,36336
8,6,11,1,222,222,1642,61.75691359,1,0,0,0,1,11/6/2021 8:25,23129
5,2,2,2,228,237,1987,46.07627604,1,1,0,1,0,2/22/2022 5:56,26824
0,6,12,2,232,238,1641,50.96970206,1,0,0,1,0,12/31/2022 0:31,37501
17,3,6,1,231,235,1755,32.06081047,0,0,1,0,1,6/1/2022 17:36,30231
17,4,4,2,225,228,1804,54.26727431,0,1,0,1,0,4/27/2023 17:30,41532
3,3,5,1,224,227,1525,21.34767273,0,0,1,0,0,5/24/2023 3:44,42437
2,3,11,0,216,222,1912,16.41505172,1,1,1,1,0,11/23/2022 2:52,36203
9,4,9,0,228,234,1867,38.41997214,0,1,1,1,0,9/23/2021 9:00,21623
11,3,10,0,221,230,1885,33.40080753,1,1,1,0,0,10/4/2023 11:39,47003
5,4,6,2,221,221,1874,61.74187157,0,1,0,1,1,6/23/2022 5:24,30967
3,3,1,2,226,229,1670,75.64592469,1,1,0,0,1,1/22/2020 3:23,725
9,4,3,0,223,228,1894,67.59653271,0,1,1,0,0,3/30/2023 9:43,40562
2,4,9,0,216,221,1874,44.95705394,1,1,1,1,1,9/8/2022 2:39,33600
6,4,5,1,225,234,1595,49.6345368,0,0,1,1,0,5/12/2022 6:20,29530
20,5,10,0,233,233,1644,61.38827883,1,0,1,1,0,10/23/2020 20:28,10167
3,4,6,0,225,225,1578,23.71778432,0,1,1,0,0,6/24/2021 3:39,18499
18,6,4,1,229,235,1540,72.61774342,0,0,1,1,1,4/17/2021 18:52,16192
2,4,4,0,216,224,1685,38.43193751,1,0,1,0,0,4/1/2021 2:42,15621
10,3,9,0,224,231,1940,47.37661403,1,0,1,1,0,9/27/2023 10:03,46761
23,1,11,2,225,234,1554,28.01998274,0,0,0,1,0,11/29/2021 23:23,23938
23,7,5,1,231,232,1553,26.75743526,0,0,1,0,0,5/15/2022 23:20,29657
22,7,4,0,225,233,1633,29.23001553,1,1,1,0,0,4/12/2020 22:22,3526
8,3,8,2,228,231,1531,78.61605112,1,0,0,1,0,8/26/2020 8:44,8164
2,4,10,1,229,230,1528,46.7267363,0,0,1,1,1,10/21/2021 2:04,22572
20,4,12,1,219,221,1536,88.48628691,1,0,0,0,1,12/2/2021 20:45,24037
14,6,4,2,219,228,1976,47.81958245,0,0,0,0,0,4/1/2023 14:58,40638
3,2,5,2,218,222,1557,11.90649189,1,0,0,0,0,5/9/2023 3:31,41923
4,2,6,1,226,232,1649,36.43125697,1,0,1,1,1,6/28/2022 4:32,31137
13,2,4,1,228,230,1788,67.0536768,0,1,1,0,1,4/28/2020 13:18,4061
1,7,8,1,227,233,1739,52.35420336,0,1,1,1,1,8/13/2023 1:41,45208
0,7,4,2,235,239,1781,26.62340632,1,0,0,1,0,4/12/2020 0:38,3495
22,4,4,1,224,232,1688,93.87793165,1,0,0,1,1,4/9/2020 22:53,3424
1,3,9,2,221,222,1779,83.28950065,0,1,0,0,0,9/6/2023 1:04,46029
13,7,3,1,229,237,1660,73.26832795,1,0,1,1,1,3/19/2023 13:00,40190
2,7,3,1,225,226,1821,93.04031037,1,0,1,0,1,3/28/2021 2:42,15484
18,3,11,1,220,223,1594,21.91997366,0,0,1,1,0,11/17/2021 18:26,23520
0,6,9,1,212,221,1567,87.54577302,0,0,1,1,1,9/18/2021 0:45,21440
21,7,11,2,235,237,1842,83.52509094,0,1,0,0,0,11/12/2023 21:03,48352
6,5,7,0,232,239,1944,79.77450917,1,0,1,1,0,7/16/2021 6:52,19257
6,5,7,2,225,230,1648,15.10301265,1,1,0,0,0,7/1/2022 6:07,31242
15,5,11,2,217,220,1642,81.31066743,1,1,0,0,1,11/19/2021 15:59,23585
6,1,2,2,219,221,1764,40.57281797,0,1,0,1,1,2/27/2023 6:38,39496
15,1,10,0,217,225,1660,15.7616036,0,1,1,1,0,10/26/2020 15:03,10262
10,5,2,2,213,222,1757,65.49766649,1,1,0,1,1,2/5/2021 10:05,13748
21,1,5,2,212,221,1765,59.24601131,0,0,0,1,0,5/30/2022 21:27,30168
5,4,2,2,228,234,1757,64.53690527,1,1,0,0,1,2/13/2020 5:54,1482
8,4,7,1,225,225,1525,38.25145919,0,0,1,1,0,7/21/2022 8:17,31930
1,3,4,0,229,233,1881,89.5088308,1,1,1,0,1,4/21/2021 1:22,16304
17,4,3,1,231,238,1742,27.89379908,0,0,0,1,1,3/18/2021 17:44,15163
11,3,9,2,216,224,1507,20.00022302,0,1,0,1,1,9/15/2021 11:46,21353
17,6,2,0,222,227,1928,61.65141897,1,1,1,0,0,2/19/2022 17:39,26738
5,7,7,2,213,222,1611,43.71329439,1,1,0,0,0,7/26/2020 5:40,7098
1,5,4,2,225,227,1691,76.56493815,0,0,0,0,0,4/2/2021 1:50,15654
7,6,3,0,222,225,1547,16.88899052,1,1,1,1,1,3/21/2020 7:14,2751
12,3,5,2,217,225,1647,30.93241411,0,1,0,1,1,5/17/2023 12:39,42210
20,5,7,0,232,239,1762,31.80125033,1,1,1,1,0,7/28/2023 20:34,44687
17,1,2,0,223,228,1796,57.48450207,1,0,1,1,0,2/15/2021 17:28,14101
12,2,6,2,224,224,1543,37.74007429,1,1,0,0,1,6/15/2021 12:55,18204
14,1,7,1,224,227,1656,90.56084725,1,0,0,0,1,7/11/2022 14:13,31596
8,5,12,2,224,229,1981,69.48894517,0,1,0,0,1,12/24/2021 8:33,24773
4,4,7,2,223,229,1810,29.05456218,1,0,0,0,0,7/20/2023 4:26,44390
19,1,7,2,217,226,1841,92.33209054,1,0,0,1,0,7/5/2021 19:58,18899
6,2,1,0,216,223,1629,33.85196628,1,1,1,0,0,1/3/2023 6:18,37612
4,4,8,0,221,228,1774,94.98769458,1,1,1,1,1,8/18/2022 4:52,32884
12,4,12,1,220,227,1654,45.94348401,1,0,1,1,1,12/23/2021 12:56,24745
22,2,8,1,215,220,1954,63.07953214,1,0,0,0,1,8/29/2023 22:04,45785
0,6,1,2,239,239,1753,14.50238468,0,1,0,0,0,1/30/2021 0:36,13529
17,7,3,2,220,226,1920,27.55741431,0,1,0,1,0,3/19/2023 17:13,40196
9,2,12,0,219,221,1935,63.68635021,1,0,1,1,0,12/28/2021 9:16,24911
9,2,8,2,236,237,1972,84.00772552,1,1,0,1,1,8/4/2020 9:01,7411
3,3,10,2,235,239,1996,43.07357054,1,1,0,1,0,10/12/2022 3:47,34766
20,7,1,1,215,221,1652,46.71912024,0,0,1,0,1,1/31/2021 20:03,13591
16,5,8,1,236,236,1995,74.10524976,0,0,0,0,1,8/13/2021 16:46,20230
7,5,7,1,228,228,1781,75.41188411,1,0,0,1,1,7/8/2022 7:43,31484
3,6,12,2,212,221,1955,28.72975006,0,0,0,0,0,12/3/2022 3:56,36547
20,3,7,1,223,232,1900,86.83583006,0,1,1,0,1,7/22/2020 20:22,6982
1,2,11,1,234,235,1789,36.98804962,1,0,1,0,1,11/29/2022 1:50,36407
5,2,8,1,229,238,1791,73.66396013,0,0,1,1,1,8/31/2021 5:15,20830
7,5,12,1,223,230,1854,17.06462863,0,0,1,0,1,12/3/2021 7:16,24052
4,6,11,0,232,233,1611,51.98868756,1,1,1,0,1,11/14/2020 4:46,10898
18,1,7,1,219,223,1907,72.09943698,0,0,1,0,1,7/19/2021 18:16,19376
22,3,8,1,222,230,1839,84.58741108,1,0,0,1,1,8/25/2021 22:24,20649
7,4,8,2,230,235,1569,28.80994964,1,1,0,1,1,8/31/2023 7:00,45832
21,1,1,1,227,233,1764,32.54054369,0,1,1,0,1,1/24/2022 21:26,25853
18,1,7,1,237,237,1984,26.12320962,0,0,1,0,1,7/6/2020 18:14,6431
1,5,12,1,222,222,1868,99.87989511,0,0,0,0,1,12/4/2020 1:19,11578
19,3,3,2,221,224,1791,43.85076191,0,1,0,0,0,3/9/2022 19:28,27357
19,2,11,0,231,231,1859,25.02941225,1,1,1,0,1,11/16/2021 19:19,23487
10,1,7,2,238,238,1955,47.58902301,1,1,0,1,1,7/25/2022 10:24,32070
20,7,3,2,235,235,1838,97.5289628,0,0,0,0,0,3/14/2021 20:32,15030
3,1,5,2,227,227,1721,19.36805908,0,1,0,0,0,5/4/2020 3:09,4252
15,6,9,0,228,235,1786,52.37128159,0,1,1,1,0,9/11/2021 15:58,21222
14,4,7,1,231,231,1967,91.24300024,1,0,1,0,1,7/28/2022 14:05,32178
16,2,12,2,225,231,1686,21.91374854,0,0,0,0,0,12/21/2021 16:47,24682
23,3,10,2,211,220,1508,71.80999193,1,1,0,1,1,10/25/2023 23:27,47739
20,6,12,0,228,233,1942,44.4024918,0,1,1,1,0,12/31/2022 20:50,37530
6,1,5,2,220,224,1614,49.95120376,0,0,0,0,0,5/30/2022 6:44,30147
4,4,3,2,219,228,1565,19.61501232,1,1,0,1,1,3/2/2023 4:43,39596
16,3,8,1,226,231,1505,55.24885704,0,0,0,1,1,8/26/2020 16:27,8175
20,3,4,0,222,224,1776,69.37422137,1,1,1,1,0,4/27/2022 20:08,29036
23,4,8,0,217,220,1604,62.47034149,0,1,1,0,0,8/18/2022 23:05,32910
3,3,5,0,221,229,1674,99.27384853,0,1,1,0,0,5/13/2020 3:00,4560
12,4,1,2,231,231,1802,22.56735641,1,0,0,0,0,1/16/2020 12:07,532
4,5,4,2,227,233,1910,28.50560579,0,1,0,0,1,4/16/2021 4:20,16137
12,7,7,1,229,229,1512,51.57500023,0,0,1,0,0,7/19/2020 12:29,6868
15,7,5,1,229,234,1661,53.31336865,0,0,1,0,1,5/8/2022 15:26,29406
2,2,5,1,238,239,1563,26.27398788,1,0,0,0,1,5/12/2020 2:28,4525
10,4,12,2,223,227,1689,33.49330897,1,0,0,1,0,12/30/2021 10:20,24981
14,7,2,1,221,222,1666,18.3235529,0,1,1,1,1,2/13/2022 14:29,26528
19,1,3,1,212,221,1773,63.5814941,0,0,1,0,0,3/20/2023 19:51,40234
18,6,1,2,223,229,1856,40.33590123,0,0,0,0,0,1/30/2021 18:49,13555
6,4,7,2,219,220,1863,77.59421042,0,1,0,1,1,7/8/2021 6:09,18982
4,7,4,1,226,226,1589,86.86118295,1,0,0,0,1,4/25/2021 4:11,16445
14,5,11,2,235,237,1705,67.07854925,0,0,0,1,0,11/5/2021 14:12,23103
0,6,10,2,223,228,1542,11.0832093,0,1,0,1,0,10/21/2023 0:19,47569
18,7,1,2,231,237,1954,59.785299,0,0,0,0,0,1/23/2022 18:06,25814
19,5,4,2,239,239,1747,36.18262476,1,0,0,1,0,4/9/2021 19:33,15919
13,1,6,1,220,229,1614,41.30684826,0,0,1,0,1,6/27/2022 13:49,31116
21,2,4,2,232,233,1921,59.69701299,0,1,0,1,0,4/4/2023 21:28,40750
0,7,4,2,230,236,1749,16.93768432,0,1,0,1,0,4/17/2022 0:50,28666
0,5,10,2,236,238,1852,42.98504018,1,0,0,1,0,10/7/2022 0:27,34590
17,2,9,2,222,222,1796,28.5947366,1,0,0,1,0,9/12/2023 17:33,46258
10,2,4,1,225,230,1646,24.21368984,0,0,0,1,1,4/26/2022 10:29,28988
3,2,10,2,220,229,1731,76.8653379,0,0,0,0,0,10/19/2021 3:07,22505
9,2,1,1,223,228,1557,76.99750274,0,0,1,0,0,1/3/2023 9:49,37617
19,4,6,1,218,225,1735,33.83872906,0,0,1,1,0,6/29/2023 19:57,43693
20,3,1,2,216,221,1651,75.99003186,1,1,0,1,1,1/29/2020 20:24,989
9,6,10,2,227,232,1780,34.73987058,1,1,0,0,0,10/1/2022 9:11,34397
1,4,1,2,217,220,1713,86.93734021,0,1,0,1,0,1/23/2020 1:48,757
12,4,2,1,230,231,1996,49.13634059,0,0,1,0,1,2/20/2020 12:24,1731
4,7,8,1,234,239,1577,20.37645509,0,1,1,1,1,8/16/2020 4:09,7815
23,2,11,1,236,238,1977,90.79714576,1,0,0,0,1,11/2/2021 23:49,23014
16,2,9,2,231,234,1876,48.81170098,0,1,0,0,1,9/1/2020 16:07,8380
6,2,1,1,213,220,1631,74.09776277,1,0,0,0,1,1/19/2021 6:00,13160
16,3,9,0,228,229,1913,38.45505885,0,1,1,1,0,9/1/2021 16:59,20881
6,2,7,1,230,234,1942,55.86716222,1,0,0,1,1,7/25/2023 6:22,44564
16,6,5,1,218,223,1611,81.05546575,0,0,1,0,1,5/30/2020 16:54,5162
0,3,5,0,221,227,1528,68.50659756,0,1,1,1,0,5/31/2023 0:26,42672
4,5,10,1,222,225,1960,91.67925096,0,0,1,1,1,10/8/2021 4:18,22130
15,3,11,0,221,229,1996,85.22600426,0,1,1,0,0,11/24/2021 15:50,23756
11,4,7,0,224,233,1726,74.1269154,1,1,1,0,0,7/13/2023 11:14,44160
4,6,4,1,232,234,1655,31.45634255,0,0,1,0,0,4/25/2020 4:00,3945
10,2,6,1,234,238,1928,66.16161917,1,0,0,0,1,6/1/2021 10:25,17721
8,4,8,2,218,225,1873,79.20294562,0,1,0,0,0,8/31/2023 8:24,45834
0,1,12,1,223,231,1619,42.1583561,0,0,1,1,0,12/12/2022 0:17,36850
11,2,8,2,236,237,1808,15.01944704,0,0,0,0,0,8/30/2022 11:54,33305
12,1,4,2,224,226,1629,93.20317419,0,0,0,1,0,4/25/2022 12:46,28957
23,1,8,1,231,239,1816,38.6034366,0,1,1,1,1,8/7/2023 23:03,45033
5,1,3,0,216,222,1925,98.920287,1,0,1,0,0,3/13/2023 5:38,39974
18,2,7,2,226,226,1793,35.06896256,0,1,0,0,0,7/11/2023 18:35,44102
16,7,10,0,223,231,1937,97.45000456,0,1,1,1,0,10/16/2022 16:25,34921
13,7,8,0,229,230,1944,62.7411777,1,1,1,1,0,8/30/2020 13:39,8308
1,2,5,0,225,233,1817,52.04701383,1,1,1,1,0,5/11/2021 1:25,16989
11,3,8,2,222,227,1968,61.93552644,1,1,0,1,0,8/2/2023 11:18,44845
12,1,3,2,224,233,1878,11.67579519,0,0,0,1,0,3/30/2020 12:41,3067
8,5,2,1,226,232,1845,20.13745534,1,0,1,1,1,2/14/2020 8:32,1520
0,7,12,1,220,227,1732,51.26671768,0,0,1,0,0,12/4/2022 0:16,36576
11,1,11,2,226,230,1568,87.58338499,1,1,0,1,1,11/20/2023 11:16,48612
5,5,8,1,229,238,1686,73.4913359,0,0,0,1,1,8/25/2023 5:56,45625
20,1,8,1,226,228,1681,63.28125753,1,0,0,1,1,8/22/2022 20:59,33044
8,7,1,2,223,228,1680,69.86690676,1,0,0,1,0,1/2/2022 8:24,25081
1,1,5,1,229,238,1857,96.25142665,0,0,0,0,1,5/2/2022 1:45,29181
2,3,7,1,211,220,1722,26.34742251,1,0,0,1,1,7/29/2020 2:21,7196
20,5,4,0,226,226,1799,59.96209588,1,1,1,1,1,4/29/2022 20:29,29105
15,5,12,1,223,231,1888,15.79335157,0,0,1,0,1,12/18/2020 15:01,12077
11,3,7,1,215,221,1561,38.55740668,1,0,0,1,1,7/21/2021 11:37,19435
5,2,6,1,238,238,1849,95.54352675,0,1,1,1,1,6/28/2022 5:56,31139
8,5,4,1,234,238,1984,39.32571231,1,0,1,0,1,4/2/2021 8:08,15663
22,6,6,2,217,226,1946,86.78426124,0,0,0,0,0,6/25/2022 22:34,31060
20,7,6,2,230,233,1565,78.87085018,1,0,0,0,0,6/19/2022 20:06,30851
20,6,2,0,231,239,1833,77.55754207,1,1,1,0,1,2/15/2020 20:16,1571
22,1,7,2,230,236,1547,79.64429558,0,0,0,0,0,7/26/2021 22:40,19622
22,7,1,1,222,222,1951,68.06879286,0,1,1,0,1,1/8/2023 22:58,37807
18,6,7,0,228,233,1505,45.61798655,0,1,1,1,0,7/9/2022 18:04,31533
23,6,12,2,224,226,1841,83.30273272,1,0,0,0,0,12/19/2020 23:16,12123
15,3,6,1,235,236,1537,66.56088002,0,0,1,0,1,6/28/2023 15:13,43652
11,2,1,1,230,236,1633,54.49530814,0,0,0,1,1,1/21/2020 11:16,702
3,2,12,2,215,224,1761,75.67114023,1,1,0,0,1,12/22/2020 3:49,12198
17,6,7,1,227,228,1681,93.04925703,1,0,0,1,1,7/4/2020 17:52,6362
14,3,9,1,233,234,1915,68.02485438,1,0,0,1,1,9/2/2020 14:32,8412
12,4,3,1,229,238,1977,41.51200923,0,0,1,0,0,3/24/2022 12:40,27861
6,2,1,0,236,237,1663,78.52179876,1,0,1,0,0,1/19/2021 6:42,13161
7,2,1,2,220,225,1761,38.25886149,0,0,0,1,0,1/11/2022 7:33,25388
15,1,3,0,220,225,1810,19.76371579,1,1,1,1,0,3/7/2022 15:36,27283
2,4,10,1,235,237,1799,66.76035307,0,0,0,1,1,10/27/2022 2:36,35278
10,4,6,2,227,232,1571,71.77393972,0,0,0,0,0,6/3/2021 10:46,17790
13,6,5,0,235,238,1706,91.71549982,1,1,1,0,1,5/27/2023 13:44,42554
8,3,5,0,229,233,1694,99.36941279,1,0,1,1,0,5/4/2022 8:24,29259
13,7,5,0,219,221,1516,38.54061604,1,1,1,0,1,5/22/2022 13:01,29882
15,5,5,1,227,229,1626,14.03718624,0,0,1,1,1,5/13/2022 15:16,29577
4,4,2,2,223,225,1778,79.14950766,1,1,0,0,0,2/11/2021 4:09,13945
18,2,3,1,229,238,1583,73.25283377,1,0,1,1,1,3/3/2020 18:45,2151
0,6,7,2,238,238,1746,47.47935118,0,0,0,0,0,7/18/2020 0:02,6816
17,7,3,2,230,232,1517,42.42089891,1,1,0,1,0,3/19/2023 17:55,40197
1,6,6,0,223,232,1957,79.25763159,1,0,1,1,0,6/11/2022 1:10,30550
23,7,12,2,223,230,1828,82.98954082,1,1,0,1,0,12/20/2020 23:05,12157
16,3,5,1,228,232,1516,12.76831331,0,0,1,1,0,5/11/2022 16:19,29510
5,3,8,0,220,228,1502,27.42909537,1,0,1,1,0,8/3/2022 5:20,32371
13,4,3,0,221,222,1641,18.23174058,1,1,1,0,1,3/25/2021 13:01,15396
2,2,10,2,215,221,1923,80.92515366,0,0,0,0,0,10/31/2023 2:06,47914
9,3,8,2,219,226,1748,75.75154896,0,1,0,0,1,8/4/2021 9:12,19911
11,4,4,1,213,220,1998,25.78970335,0,0,1,1,0,4/20/2023 11:00,41283
5,2,10,2,233,233,1824,89.15859777,0,1,0,0,0,10/27/2020 5:46,10283
22,3,11,2,218,223,1957,74.45410381,1,0,0,1,0,11/24/2021 22:50,23766
17,6,2,2,217,225,1952,54.45939038,0,1,0,1,0,2/29/2020 17:51,2047
20,4,7,1,222,223,1658,84.00359891,0,0,1,1,0,7/9/2020 20:31,6537
16,2,6,1,232,234,1839,43.15698977,0,1,1,0,1,6/27/2023 16:48,43620
8,6,1,1,228,233,1904,27.97177257,1,0,1,0,1,1/22/2022 8:28,25766
6,6,8,2,223,225,1649,83.87209155,0,0,0,1,0,8/13/2022 6:25,32715
14,6,4,0,232,233,1860,30.27164343,1,1,1,1,1,4/11/2020 14:49,3481
17,6,5,0,223,229,1943,44.51878574,1,0,1,0,0,5/27/2023 17:56,42560
7,2,10,2,231,238,1912,12.99639074,0,1,0,0,1,10/26/2021 7:31,22751
7,7,7,0,224,224,1622,73.60653922,0,1,1,1,0,7/12/2020 7:23,6621
11,7,6,1,235,238,1640,26.59081013,0,0,1,0,1,6/21/2020 11:42,5908
18,3,10,0,229,235,1611,95.30127153,1,1,1,0,1,10/11/2023 18:51,47253
8,7,7,1,228,230,1755,70.98284019,0,0,1,1,0,7/17/2022 8:58,31794
13,3,8,1,220,228,1959,11.07899193,1,0,0,1,1,8/25/2021 13:59,20637
11,2,7,1,226,233,1995,78.74402936,0,1,1,0,1,7/5/2022 11:44,31387
3,7,9,0,222,222,1888,40.91394048,1,1,1,1,1,9/20/2020 3:02,9012
0,2,11,1,221,225,1942,83.5146909,1,0,0,1,1,11/30/2021 0:05,23939
14,3,5,2,219,221,1921,81.54946614,1,0,0,0,0,5/31/2023 14:27,42692
23,6,12,1,231,232,1784,28.40191172,0,0,1,1,1,12/25/2021 23:06,24828
0,7,5,2,235,239,1939,14.50810729,0,1,0,0,0,5/3/2020 0:31,4214
22,7,11,0,213,221,1831,37.30387829,1,0,1,1,0,11/28/2021 22:51,23903
17,2,4,1,221,225,1888,79.11402136,1,0,1,0,1,4/18/2023 17:39,41224
8,7,9,0,224,227,1829,42.57383939,0,1,1,1,0,9/17/2023 8:59,46417
0,1,9,2,233,238,1933,56.53764737,0,0,0,1,0,9/7/2020 0:22,8563
12,3,3,1,229,236,1706,52.7139573,0,0,1,1,0,3/8/2023 12:06,39812
7,5,12,1,221,222,1885,20.51885978,0,0,1,0,1,12/18/2020 7:19,12066
22,6,11,1,219,222,1816,61.88359749,0,0,1,1,1,11/18/2023 22:07,48559
2,4,6,1,225,226,1665,74.03025053,0,0,0,0,1,6/30/2022 2:47,31203
1,4,8,0,233,235,1641,40.60996439,1,1,1,0,1,8/3/2023 1:19,44865
16,7,5,2,222,223,1727,20.24083837,1,1,0,0,1,5/31/2020 16:43,5196
13,5,8,2,222,228,1898,59.36792642,1,1,0,1,1,8/11/2023 13:57,45157
5,1,4,2,228,229,1969,93.56130909,1,1,0,1,0,4/4/2022 5:52,28228
14,1,1,2,230,230,1748,73.91460782,0,0,0,0,0,1/6/2020 14:33,193
6,2,5,2,216,221,1745,41.39228275,0,1,0,1,0,5/16/2023 6:31,42167
5,3,1,2,227,230,1719,60.43171212,0,1,0,0,0,1/8/2020 5:06,248
22,3,10,1,229,232,1623,57.589229,0,0,1,0,1,10/13/2021 22:22,22327
1,5,4,2,237,239,1934,49.43552159,1,1,0,1,1,4/21/2023 1:01,41303
19,4,9,2,229,236,1513,23.52108456,1,0,0,1,0,9/3/2020 19:58,8454
1,4,3,0,224,227,1713,49.76678327,1,1,1,1,1,3/17/2022 1:16,27605
23,6,6,0,228,230,1758,38.72465443,1,1,1,1,0,6/10/2023 23:56,43048
14,2,3,2,229,234,1882,16.228754,1,0,0,1,0,3/1/2022 14:32,27076
8,7,6,1,226,226,1734,36.57530025,1,0,0,1,1,6/19/2022 8:53,30835
22,4,12,0,231,231,1932,70.53754267,0,1,1,1,0,12/15/2022 22:12,36984
17,3,3,1,225,225,1961,43.61494508,0,0,1,0,0,3/17/2021 17:54,15129
19,3,2,2,232,239,1554,63.82896338,1,0,0,1,0,2/23/2022 19:04,26877
11,3,12,2,220,226,1915,52.11464826,0,0,0,0,0,12/9/2020 11:40,11764
1,7,3,1,231,235,1726,75.73877906,1,0,1,1,1,3/13/2022 1:57,27469
9,7,4,1,232,238,1803,11.13314146,0,0,1,1,1,4/26/2020 9:26,3987
8,1,8,2,224,226,1787,52.68094098,0,0,0,0,0,8/21/2023 8:43,45492
17,5,1,2,216,222,1852,80.24666441,1,0,0,1,0,1/13/2023 17:54,37971
5,3,9,1,232,237,1936,24.65079306,0,1,1,1,1,9/8/2021 5:58,21105
15,2,9,2,217,224,1575,27.59773964,0,0,0,1,0,9/26/2023 15:50,46735
9,7,8,0,228,229,1778,79.63753942,1,1,1,0,0,8/30/2020 9:27,8302
1,5,2,2,232,239,1782,29.35476524,1,1,0,1,0,2/7/2020 1:19,1270
13,4,4,2,221,222,1704,39.70865421,1,1,0,1,0,4/27/2023 13:18,41526
2,1,10,0,226,232,1933,67.3653789,1,1,1,0,0,10/24/2022 2:25,35175
7,3,6,1,211,220,1678,40.08457909,0,0,1,0,0,6/23/2021 7:20,18470
0,2,1,2,219,223,1822,35.34416673,1,1,0,1,1,1/11/2022 0:33,25378
4,6,6,2,229,229,1814,71.52074783,0,0,0,0,0,6/24/2023 4:00,43499
8,1,6,1,235,237,1980,45.25780591,0,0,1,1,1,6/13/2022 8:31,30629
13,3,10,1,224,227,1931,21.89633436,0,0,1,1,0,10/25/2023 13:38,47725
14,4,12,1,222,222,1965,60.6656458,0,0,1,1,0,12/16/2021 14:08,24507
23,4,3,2,232,235,1698,76.22902667,0,1,0,0,1,3/9/2023 23:08,39862
22,7,2,0,218,227,1989,49.37636274,0,1,1,0,0,2/6/2022 22:42,26300
23,3,7,1,224,228,1579,19.19764817,0,0,1,1,1,7/28/2021 23:43,19692
17,5,6,2,227,231,1748,32.53695055,0,1,0,1,1,6/3/2022 17:15,30299
14,3,9,2,233,239,1660,78.62787717,0,1,0,1,1,9/21/2022 14:25,34062
16,4,2,1,216,223,1735,88.02569354,0,0,0,0,1,2/24/2022 16:06,26907
8,4,4,2,233,233,1934,86.35977992,1,1,0,1,0,4/30/2020 8:45,4123
23,1,11,0,218,221,1790,35.77928747,0,1,1,0,0,11/6/2023 23:29,48150
8,7,10,1,223,230,1991,13.16845107,1,0,0,0,1,10/8/2023 8:52,47136
18,5,1,2,218,220,1926,98.72154047,1,1,0,1,0,1/1/2021 18:55,12562
0,2,6,1,216,220,1938,52.76851825,1,0,0,1,1,6/8/2021 0:48,17947
19,3,3,2,218,220,1617,22.01018196,1,1,0,0,0,3/24/2021 19:30,15371
9,1,11,2,237,237,1987,35.13157725,0,1,0,0,1,11/23/2020 9:31,11213
18,3,6,2,236,238,1960,90.19653811,1,0,0,0,0,6/9/2021 18:51,18007
21,7,10,1,221,226,1625,70.04239383,1,0,1,1,1,10/17/2021 21:41,22463
16,4,6,2,226,231,1885,36.24854129,0,1,0,0,0,6/10/2021 16:34,18038
7,2,5,1,218,220,1589,19.35558866,0,0,1,1,0,5/26/2020 7:46,5012
8,6,9,0,231,237,1673,27.91129523,1,0,1,0,0,9/30/2023 8:50,46862
1,4,9,0,214,221,1706,63.04899858,1,1,1,0,1,9/14/2023 1:05,46303
20,1,3,1,218,227,1774,94.59308792,0,0,1,1,0,3/30/2020 20:24,3078
2,3,3,0,224,232,1713,65.55187301,1,1,1,0,1,3/31/2021 2:11,15586
21,3,12,1,219,220,1502,45.92831425,0,1,1,0,1,12/23/2020 21:52,12258
21,4,8,1,222,230,1693,78.43964229,0,0,1,0,1,8/27/2020 21:53,8217
2,4,6,2,223,231,1995,26.45225888,0,1,0,0,1,6/11/2020 2:13,5552
15,4,8,2,222,227,1605,39.80548572,1,1,0,0,0,8/11/2022 15:53,32660
12,1,10,0,231,236,1924,74.342566,0,1,1,0,0,10/9/2023 12:54,47176
3,5,9,0,217,222,1535,87.5880889,1,1,1,0,1,9/3/2021 3:20,20930
13,2,11,0,216,221,1585,33.52996014,1,0,1,1,0,11/21/2023 13:12,48649
23,7,4,2,235,236,1648,20.47909352,1,1,0,0,1,4/5/2020 23:34,3288
5,1,10,1,221,226,1555,55.07789376,0,0,1,0,1,10/4/2021 5:00,21994
3,3,8,2,225,227,1570,30.96265837,0,1,0,1,1,8/3/2022 3:56,32369
13,6,8,2,217,221,1626,75.48152824,1,1,0,1,1,8/20/2022 13:37,32965
20,2,12,1,230,232,1521,11.21364247,1,0,1,0,1,12/6/2022 20:57,36674
8,4,5,2,225,227,1665,61.41767625,0,0,0,1,0,5/28/2020 8:50,5082
6,4,3,0,216,223,1764,30.04225462,1,0,1,1,0,3/30/2023 6:54,40558
2,6,3,0,220,220,1504,17.23433478,1,1,1,0,1,3/26/2022 2:31,27915
19,3,7,2,222,228,1916,79.45830678,0,1,0,0,1,7/15/2020 19:29,6741
15,7,9,1,233,239,1735,33.85008619,0,0,0,1,1,9/6/2020 15:57,8551
1,5,7,1,235,239,1550,88.88416557,0,0,1,1,1,7/15/2022 1:36,31715
4,5,5,1,218,221,1636,99.97491156,0,0,1,1,1,5/7/2021 4:13,16856
23,7,7,1,226,234,1791,87.87884114,0,0,0,1,1,7/26/2020 23:11,7123
14,3,2,0,216,221,1635,84.7177258,1,1,1,1,0,2/19/2020 14:40,1700
7,7,4,0,218,227,1757,78.68794551,1,1,1,0,1,4/11/2021 7:59,15971
2,2,4,1,214,221,1670,78.23321295,0,1,1,1,1,4/18/2023 2:56,41203
21,5,8,1,222,226,1748,33.4828829,0,0,1,1,0,8/18/2023 21:09,45407
0,7,12,2,232,237,1661,55.15545117,1,1,0,0,1,12/18/2022 0:39,37056
19,2,1,2,232,239,1603,78.951497,1,0,0,0,0,1/4/2022 19:59,25166
1,5,2,0,227,229,1798,37.88640421,1,0,1,0,0,2/25/2022 1:54,26921
10,1,3,1,225,225,1592,63.7873478,1,0,0,0,1,3/22/2021 10:44,15290
7,6,3,2,218,225,1809,39.21733068,0,1,0,1,1,3/28/2020 7:26,2991
17,5,2,1,234,234,1793,83.17253542,0,0,1,1,0,2/10/2023 17:59,38930
0,7,7,0,233,239,1655,27.11356279,0,1,1,1,0,7/11/2021 0:43,19077
23,5,11,1,224,225,1807,15.96913288,1,0,0,0,1,11/12/2021 23:30,23356
17,2,10,2,223,232,1728,39.31837663,0,1,0,1,1,10/26/2021 17:19,22765
17,7,9,2,220,221,1642,47.60081246,1,1,0,0,0,9/25/2022 17:14,34203
10,6,1,0,220,220,1725,25.613219,1,1,1,1,1,1/28/2023 10:25,38474
14,3,3,1,230,230,1942,97.5739945,0,1,1,1,1,3/17/2021 14:24,15124
14,5,11,0,224,225,1818,42.84981245,0,1,1,0,0,11/18/2022 14:56,36049
22,5,5,1,223,223,1887,80.21828825,0,0,1,1,0,5/15/2020 22:59,4657
11,3,1,1,237,238,1771,22.66714763,0,0,1,0,1,1/29/2020 11:59,977
21,1,7,2,235,237,1754,87.13265055,1,0,0,0,0,7/19/2021 21:04,19380
4,4,10,1,221,226,1805,28.10101258,0,1,1,1,1,10/14/2021 4:40,22336
10,3,4,1,219,224,1560,62.5647081,0,0,0,1,1,4/12/2023 10:58,41009
9,4,5,2,225,227,1671,40.3587055,0,1,0,1,1,5/14/2020 9:50,4604
1,4,4,0,232,238,1694,85.54354223,1,1,1,0,0,4/22/2021 1:11,16338
20,1,11,0,222,229,1643,27.61381718,1,1,1,0,1,11/30/2020 20:14,11468
10,1,10,2,222,225,1649,52.97307802,1,1,0,0,1,10/30/2023 10:41,47892
21,4,4,2,216,223,1728,65.56952824,0,0,0,1,0,4/29/2021 21:43,16607
16,4,1,1,221,223,1538,33.85830646,1,0,0,1,1,1/21/2021 16:52,13244
19,2,8,1,216,224,1996,10.78699784,0,0,0,1,1,8/15/2023 19:34,45302
12,5,8,2,221,223,1952,30.63435314,0,0,0,1,0,8/14/2020 12:54,7759
18,5,9,0,232,235,1870,12.32412458,1,1,1,1,0,9/1/2023 18:02,45882
9,6,3,2,228,237,1823,74.39342183,1,1,0,1,0,3/13/2021 9:29,14980
14,2,7,0,219,227,1923,16.71708694,0,1,1,1,0,7/21/2020 14:56,6940
17,5,1,1,226,229,1732,10.53428603,1,0,1,1,1,1/17/2020 17:33,574
3,3,1,1,227,229,1526,44.59667276,0,0,1,1,1,1/6/2021 3:20,12711
14,2,10,0,233,233,1671,64.36317819,1,1,1,1,1,10/4/2022 14:59,34508
23,7,7,1,229,229,1525,32.7182157,0,0,1,0,0,7/24/2022 23:53,32055
3,1,11,1,230,238,1739,39.98179341,0,0,1,1,0,11/6/2023 3:52,48122
11,7,10,2,218,220,1602,10.84353189,0,1,0,1,0,10/22/2023 11:21,47619
2,7,8,0,232,236,1886,13.96407303,1,1,1,0,0,8/27/2023 2:47,45689
6,5,11,2,239,239,1753,22.73255222,1,1,0,0,1,11/4/2022 6:50,35558
21,5,6,2,227,230,1532,13.04986671,1,1,0,0,1,6/11/2021 21:18,18079
20,2,11,0,214,222,1733,20.50594826,1,0,1,1,0,11/3/2020 20:40,10544
4,5,4,2,215,224,1715,65.03802876,0,1,0,0,0,4/10/2020 4:29,3432
2,4,12,1,213,220,1814,80.11389925,0,0,0,0,1,12/16/2021 2:56,24491
8,2,10,2,235,238,1581,22.41238911,0,1,0,0,0,10/13/2020 8:52,9808
15,7,3,2,239,239,1759,62.83691199,0,1,0,0,0,3/19/2023 15:07,40193
10,4,10,2,214,223,1732,43.91323588,1,1,0,0,0,10/28/2021 10:40,22824
6,1,8,2,227,231,1775,99.89585705,1,1,0,0,0,8/30/2021 6:07,20797
4,5,9,2,219,221,1758,91.91780904,0,0,0,1,0,9/25/2020 4:16,9185
5,7,1,2,234,236,1858,66.89361256,1,0,0,1,0,1/30/2022 5:41,26036
7,7,5,2,232,233,1738,47.69738198,1,0,0,0,0,5/30/2021 7:15,17648
9,7,8,1,230,231,1825,38.35027892,1,0,0,1,1,8/15/2021 9:24,20288
14,6,11,1,226,227,1898,18.12964211,0,0,1,1,0,11/7/2020 14:23,10672
2,7,3,2,229,233,1505,96.51493739,0,0,0,0,0,3/22/2020 2:09,2778
22,6,7,0,225,226,1933,49.66406731,1,1,1,0,1,7/29/2023 22:30,44724
4,1,12,1,212,221,1686,98.63736109,1,0,1,1,1,12/28/2020 4:53,12405
18,3,1,2,239,239,1823,10.02706521,1,1,0,1,0,1/22/2020 18:48,747
18,7,11,2,231,237,1896,48.66868281,0,1,0,1,1,11/12/2023 18:57,48349
21,2,1,2,234,236,1585,90.51597745,1,0,0,0,0,1/17/2023 21:25,38113
18,3,5,1,214,223,1620,48.85832802,0,1,1,0,1,5/3/2023 18:34,41739
11,3,8,2,226,233,1648,58.85167449,1,0,0,1,0,8/3/2022 11:39,32380
8,4,12,1,233,237,1977,57.07252242,0,0,1,0,0,12/30/2021 8:55,24979
3,7,2,2,230,235,1575,53.99251346,1,1,0,0,1,2/6/2022 3:05,26272
17,4,12,1,220,229,1898,36.71246149,0,0,0,1,1,12/22/2022 17:29,37217
3,6,6,1,230,239,1951,86.73843781,0,1,1,0,1,6/11/2022 3:58,30554
0,5,4,1,226,228,1512,29.2206888,0,0,1,0,0,4/15/2022 0:28,28597
9,4,4,1,217,223,1879,91.1719659,0,0,0,1,1,4/15/2021 9:24,16110
8,2,8,2,221,222,1832,33.84961724,0,1,0,0,1,8/10/2021 8:52,20116
1,2,10,1,216,224,1855,98.2342633,1,0,0,0,1,10/5/2021 1:19,22023
0,7,9,1,219,224,1803,18.04380216,0,1,1,1,1,9/24/2023 0:04,46644
17,3,12,1,235,235,1736,34.84185278,0,0,1,0,1,12/21/2022 17:40,37183
8,4,10,0,220,223,1956,37.67317095,1,1,1,1,0,10/12/2023 8:52,47273
10,2,8,2,230,237,1651,29.35637742,1,0,0,0,0,8/17/2021 10:28,20358
0,4,8,1,219,228,1799,88.94905947,1,0,0,1,1,8/3/2023 0:37,44864
17,3,12,0,220,226,1646,88.00382645,1,1,1,1,0,12/2/2020 17:47,11533
10,3,7,2,216,220,1572,59.17159576,1,1,0,1,1,7/29/2020 10:03,7207
0,7,12,1,225,231,1876,98.28088158,0,0,0,1,1,12/5/2021 0:37,24111
7,3,3,2,227,227,1587,77.96611624,1,0,0,1,0,3/22/2023 7:35,40285
6,5,8,0,212,221,1695,77.764754,1,0,1,0,0,8/19/2022 6:05,32920
21,5,4,2,221,229,1950,90.92410053,0,0,0,1,0,4/17/2020 21:30,3696
9,3,8,0,223,232,1517,37.86223041,0,1,1,1,0,8/2/2023 9:12,44842
9,6,4,0,222,226,1567,49.69711451,1,1,1,0,1,4/17/2021 9:04,16178
22,2,10,2,234,237,1883,41.85027858,1,1,0,1,1,10/5/2021 22:21,22053
7,4,4,2,221,224,1825,40.72091128,1,1,0,0,1,4/13/2023 7:18,41038
13,6,1,2,225,230,1506,72.61748758,0,1,0,0,1,1/29/2022 13:34,26013
11,5,2,2,226,235,1597,21.41751967,0,0,0,0,0,2/28/2020 11:43,2004
12,5,3,1,219,222,1827,94.42353194,0,0,1,1,1,3/4/2022 12:37,27176
3,7,3,2,223,230,1589,60.47389519,0,1,0,0,1,3/27/2022 3:45,27951
7,7,9,2,219,228,1641,87.00129842,1,1,0,1,1,9/24/2023 7:46,46655
10,2,8,0,228,232,1742,34.90285746,1,0,1,1,0,8/3/2021 10:04,19878
9,1,10,0,226,228,1987,42.95958329,0,1,1,1,0,10/23/2023 9:47,47651
0,6,9,0,231,233,1861,51.3662826,1,1,1,1,0,9/12/2020 0:12,8734
6,7,11,0,224,229,1581,18.03122105,1,1,1,1,1,11/22/2020 6:11,11174
13,6,5,1,215,221,1659,82.6895228,0,1,1,1,1,5/1/2021 13:39,16664
16,3,1,1,232,234,1773,30.1997725,0,1,1,1,1,1/29/2020 16:54,984
16,3,2,2,226,232,1514,23.38699593,1,0,0,1,0,2/1/2023 16:02,38619
8,7,10,1,225,229,1689,99.30477,0,1,1,0,1,10/16/2022 8:42,34910
20,6,4,1,219,226,1954,17.63457801,0,1,1,1,1,4/16/2022 20:37,28660
2,1,3,2,216,224,1691,16.72411781,0,0,0,0,0,3/16/2020 2:29,2573
1,2,11,1,222,222,1571,34.41212471,1,0,1,1,1,11/7/2023 1:35,48153
1,2,5,1,223,227,1892,86.55709038,0,0,1,1,1,5/5/2020 1:35,4284
15,6,1,2,229,234,1889,24.41361108,1,1,0,0,0,1/18/2020 15:17,605
8,4,10,1,229,230,1591,70.7431334,1,0,1,0,1,10/6/2022 8:20,34567
22,3,10,0,230,235,1575,25.58443455,0,1,1,0,0,10/12/2022 22:43,34793
18,4,6,2,218,223,1621,85.50306838,0,0,0,0,0,6/15/2023 18:52,43212
14,2,10,2,216,224,1975,31.40448884,1,1,0,0,1,10/10/2023 14:07,47212
5,5,6,2,227,228,1567,81.92361007,1,0,0,0,0,6/24/2022 5:14,31001
21,1,12,0,226,231,1781,45.97802343,1,1,1,0,1,12/20/2021 21:10,24654
6,1,8,1,215,221,1914,72.29662351,0,0,1,1,0,8/7/2023 6:56,45010
2,5,8,2,215,221,1599,48.35345453,1,1,0,0,1,8/12/2022 2:23,32675
23,6,7,1,225,225,1855,81.97351022,1,0,1,1,1,7/18/2020 23:10,6849
12,3,1,2,217,226,1522,79.12325486,1,1,0,0,0,1/8/2020 12:48,259
22,5,6,1,219,221,1778,90.92449,1,0,1,0,1,6/3/2022 22:10,30306
17,3,10,1,224,229,1571,15.44956813,1,0,0,1,1,10/18/2023 17:39,47491
5,7,8,2,226,227,1905,80.07612668,1,1,0,1,0,8/6/2023 5:42,44974
5,4,10,2,230,230,1882,69.91645836,1,1,0,1,0,10/20/2022 5:13,35042
13,6,10,2,218,223,1793,26.7294942,1,1,0,0,0,10/15/2022 13:05,34882
7,6,7,1,228,228,1767,33.9615951,1,0,1,0,1,7/29/2023 7:05,44702
8,5,11,2,233,233,1804,64.77111606,0,1,0,1,1,11/20/2020 8:38,11109
18,6,9,1,232,239,1756,75.82228138,0,0,0,1,1,9/3/2022 18:13,33451
22,5,1,2,223,226,1641,67.11271478,0,1,0,0,0,1/29/2021 22:30,13526
6,1,12,2,231,235,1735,86.08295904,1,1,0,0,1,12/19/2022 6:47,37099
1,4,10,0,219,222,1759,14.10741973,1,1,1,1,0,10/21/2021 1:22,22571
8,4,4,1,215,222,1887,39.09760015,1,0,1,0,1,4/8/2021 8:31,15869
2,7,4,1,230,230,1813,44.50692162,1,0,0,0,1,4/19/2020 2:56,3738
4,2,1,0,236,238,1997,84.04906743,1,1,1,1,0,1/14/2020 4:46,453
1,5,9,2,225,232,1817,34.88798784,1,1,0,1,0,9/8/2023 1:25,46098
5,2,8,2,237,239,1766,88.28833574,1,0,0,1,0,8/10/2021 5:22,20111
17,4,11,1,218,220,1522,66.61428359,0,0,1,1,0,11/19/2020 17:13,11087
6,7,6,1,219,224,1570,44.56748905,1,0,1,0,1,6/26/2022 6:59,31072
19,3,5,0,237,239,1674,86.28615636,1,0,1,0,0,5/10/2023 19:28,41980
10,4,6,2,230,233,1890,36.27756717,0,1,0,1,0,6/17/2021 10:28,18269
15,2,11,1,227,230,1582,77.98229812,0,0,1,1,1,11/28/2023 15:29,48892
13,7,12,2,228,234,1686,29.36761078,1,1,0,0,0,12/18/2022 13:58,37075
1,3,8,0,225,233,1661,81.37868625,1,0,1,0,0,8/16/2023 1:10,45310
4,5,11,2,230,234,1849,52.626747,1,1,0,0,1,11/17/2023 4:46,48500
14,4,2,2,218,226,1532,76.54867067,0,1,0,1,0,2/2/2023 14:27,38651
3,2,6,2,228,231,1629,64.05898791,1,1,0,1,1,6/8/2021 3:36,17951
15,4,10,0,237,239,1791,57.46362067,1,1,1,0,0,10/27/2022 15:55,35297
17,5,11,1,219,226,1640,81.27800901,0,0,1,0,1,11/26/2021 17:35,23827
3,2,4,2,231,239,1633,79.83517327,1,1,0,1,0,4/7/2020 3:36,3328
7,2,9,2,237,238,1812,60.37360206,1,1,0,1,0,9/27/2022 7:47,34258
13,2,2,0,227,230,1899,36.89257,1,1,1,1,1,2/2/2021 13:24,13650
16,1,6,2,217,221,1828,17.70278482,1,1,0,1,1,6/29/2020 16:38,6189
22,4,2,2,226,232,1517,76.47484344,1,1,0,1,0,2/20/2020 22:13,1745
22,2,4,0,211,220,1636,11.20596177,1,1,1,0,1,4/27/2021 22:45,16540
18,3,8,0,234,236,1949,26.52392702,0,1,1,0,0,8/30/2023 18:23,45814
0,2,10,1,229,232,1770,68.80560068,0,0,0,1,1,10/5/2021 0:37,22022
5,4,10,1,218,223,1615,81.12105656,0,0,0,0,1,10/5/2023 5:10,47028
14,5,8,1,230,233,1563,57.76925155,0,0,1,1,0,8/21/2020 14:30,8001
6,1,5,2,231,235,1860,10.87785442,0,0,0,0,0,5/17/2021 6:00,17201
23,6,8,2,239,239,1842,14.72691442,1,1,0,0,0,8/19/2023 23:47,45445
8,6,8,2,230,239,1971,18.36023736,1,0,0,1,0,8/26/2023 8:34,45663
8,1,6,1,230,235,1893,82.98114976,0,0,0,1,1,6/29/2020 8:55,6178
6,4,4,1,230,235,1677,92.78167469,0,0,0,1,1,4/27/2023 6:17,41516
16,7,10,2,231,232,1694,43.18482928,0,1,0,1,0,10/10/2021 16:35,22216
3,3,5,1,227,228,1700,56.97656518,0,1,1,1,1,5/11/2022 3:42,29492
20,1,12,1,226,235,1529,86.05946429,0,0,1,1,1,12/5/2022 20:25,36639
21,4,5,1,229,233,1866,46.48756203,1,0,1,0,1,5/21/2020 21:57,4861
22,4,12,1,228,230,1867,96.21135577,0,0,0,0,1,12/2/2021 22:52,24040
15,5,4,0,236,239,1681,40.38058772,1,1,1,0,0,4/15/2022 15:11,28618
13,4,11,1,224,229,1732,97.92001575,0,0,1,0,1,11/12/2020 13:31,10842
11,1,8,0,214,220,1573,74.24466131,1,0,1,0,0,8/17/2020 11:41,7860
16,5,8,2,214,223,1735,22.74046034,0,0,0,1,0,8/20/2021 16:15,20469
10,1,4,2,229,236,1640,21.61979106,0,1,0,1,0,4/17/2023 10:07,41179
11,3,2,0,227,232,1924,39.02460559,1,0,1,1,0,2/3/2021 11:50,13682
17,5,10,1,230,236,1920,69.18617113,1,0,0,0,1,10/30/2020 17:09,10402
19,6,8,0,227,235,1999,83.9636444,1,0,1,0,0,8/13/2022 19:44,32734
23,4,6,1,231,236,1577,61.45152142,1,0,1,1,1,6/10/2021 23:35,18048
6,5,4,1,228,234,1973,52.02366993,0,0,1,1,0,4/22/2022 6:16,28845
17,6,3,0,219,226,1784,80.71087409,0,1,1,1,0,3/4/2023 17:00,39682
21,2,12,2,216,223,1905,56.78788636,0,1,0,0,1,12/7/2021 21:18,24209
18,5,9,1,234,234,1572,67.16115835,0,0,0,1,1,9/22/2023 18:38,46602
0,4,3,1,230,239,1969,58.37490585,0,0,0,1,1,3/26/2020 0:04,2912
10,1,5,1,216,223,1685,91.54635788,0,0,1,0,0,5/23/2022 10:44,29913
15,4,11,2,232,236,1872,31.67728928,0,1,0,0,0,11/25/2021 15:39,23790
4,6,6,2,219,223,1951,39.89974298,1,1,0,0,0,6/19/2021 4:31,18329
22,4,1,0,235,238,1820,21.46828544,0,1,1,1,0,1/26/2023 22:40,38423
14,2,5,2,236,238,1671,84.8452609,0,1,0,0,1,5/2/2023 14:32,41699
9,3,10,1,219,220,1635,64.92386453,1,0,1,0,1,10/28/2020 9:48,10323
22,3,9,1,232,237,1894,56.70571774,0,0,0,0,1,9/16/2020 22:38,8903
5,4,8,0,229,234,1784,64.79602021,0,1,1,0,0,8/10/2023 5:01,45110
10,3,5,2,231,238,1570,17.95170809,0,0,0,0,0,5/3/2023 10:51,41728
0,6,9,1,229,234,1635,29.8854246,0,0,1,0,0,9/10/2022 0:54,33666
15,4,6,0,224,226,1689,19.75606013,1,1,1,0,1,6/23/2022 15:13,30981
12,4,7,2,220,224,1951,31.87782049,0,1,0,1,1,7/28/2022 12:41,32176
1,3,3,0,226,232,1778,92.79921494,1,0,1,1,0,3/9/2022 1:56,27332
20,3,4,1,221,224,1917,11.01674999,1,0,1,1,1,4/15/2020 20:27,3626
21,1,3,2,223,229,1817,90.03420083,0,0,0,0,0,3/28/2022 21:48,28011
15,1,9,1,218,223,1850,83.0932211,0,0,0,0,1,9/11/2023 15:37,46221
0,7,7,2,229,233,1807,95.60914002,0,0,0,1,0,7/2/2023 0:31,43768
17,6,11,1,223,230,1815,92.75291334,1,0,1,0,1,11/11/2023 17:43,48313
8,7,3,1,229,230,1799,25.94647922,0,0,1,0,0,3/15/2020 8:16,2547
12,3,9,1,226,229,1671,86.2471105,0,1,1,0,1,9/16/2020 12:08,8888
5,2,3,1,234,237,1656,14.8006392,1,0,1,0,1,3/2/2021 5:04,14597
8,7,2,0,219,225,1502,95.20995517,1,1,1,1,0,2/12/2023 8:32,38985
16,2,11,0,231,233,1879,55.62689576,1,0,1,0,0,11/24/2020 16:21,11257
5,2,2,1,217,221,1514,46.38479216,0,0,1,0,0,2/18/2020 5:44,1653
3,4,8,0,218,227,1651,61.52580217,1,1,1,0,0,8/4/2022 3:04,32402
14,4,12,2,221,222,1641,66.00331861,1,1,0,1,0,12/2/2021 14:27,24028
5,7,3,0,223,226,1850,32.15784701,1,1,1,1,0,3/27/2022 5:09,27953
6,3,5,1,218,224,1847,59.91003962,1,0,0,1,1,5/20/2020 6:42,4805
18,3,1,2,226,233,1916,58.8653567,0,1,0,0,0,1/20/2021 18:27,13212
20,4,5,1,229,230,1908,78.15144782,0,1,1,1,1,5/14/2020 20:21,4619
0,1,8,1,220,222,1691,41.15938113,0,0,1,1,1,8/10/2020 0:17,7604
17,7,6,0,219,228,1902,59.9483879,1,1,1,1,0,6/14/2020 17:49,5677
6,1,6,0,226,228,1984,28.06333032,1,1,1,0,1,6/8/2020 6:14,5455
10,6,4,1,239,239,1685,21.53804181,1,0,0,0,1,4/25/2020 10:19,3954
15,1,12,2,227,228,1852,44.62153383,0,1,0,0,1,12/26/2022 15:24,37351
7,5,7,1,237,239,1791,97.09580335,0,1,1,1,1,7/30/2021 7:15,19737
6,1,5,0,223,228,1942,72.02123084,1,1,1,0,0,5/9/2022 6:09,29427
17,7,8,1,221,229,1693,64.72891584,0,0,1,0,0,8/2/2020 17:05,7354
9,1,5,2,222,223,1816,71.3851344,1,1,0,0,0,5/23/2022 9:20,29911
22,6,4,2,235,236,1712,50.11972324,0,1,0,1,1,4/9/2022 22:32,28423
19,2,5,1,223,226,1547,61.13619978,0,0,0,0,1,5/18/2021 19:08,17254
3,1,3,0,224,226,1919,63.29414342,1,1,1,0,1,3/29/2021 3:13,15519
3,3,6,1,225,228,1688,58.6894444,1,0,0,1,1,6/2/2021 3:14,17745
6,2,7,0,218,227,1665,52.10780009,0,1,1,0,0,7/20/2021 6:53,19394
1,5,6,0,221,229,1772,77.39164741,0,1,1,1,0,6/30/2023 1:34,43701
9,6,9,1,235,237,1605,75.3861703,0,0,0,1,1,9/19/2020 9:30,8987
2,1,6,1,217,222,1572,76.20774091,0,1,1,0,1,6/14/2021 2:34,18155
21,4,8,2,218,224,1984,57.20311452,0,0,0,1,0,8/18/2022 21:41,32908
16,3,10,2,233,233,1936,84.38249747,0,0,0,0,0,10/13/2021 16:46,22319
12,2,5,1,217,223,1762,24.43586124,0,0,0,1,1,5/26/2020 12:41,5019
7,7,1,0,212,221,1631,56.60326257,1,0,1,0,0,1/8/2023 7:33,37785
3,4,1,1,220,227,1939,26.69389349,0,1,1,1,1,1/2/2020 3:19,40
1,4,6,1,236,238,1725,49.09848877,0,0,1,0,0,6/4/2020 1:19,5311
12,6,4,0,232,237,1780,43.47687818,1,1,1,0,1,4/10/2021 12:22,15943
3,4,1,1,232,235,1519,66.57835301,0,1,1,1,1,1/5/2023 3:52,37677
0,6,4,0,236,238,1799,77.68508087,1,0,1,0,0,4/24/2021 0:51,16406
4,7,4,2,235,239,1681,81.41511,1,0,0,1,0,4/18/2021 4:41,16206
16,2,4,2,231,238,1977,17.20508396,1,1,0,1,1,4/28/2020 16:06,4065
23,5,1,1,235,235,1860,42.00408348,0,0,1,0,1,1/1/2021 23:07,12568
2,7,6,0,215,223,1612,78.5451171,1,1,1,0,1,6/5/2022 2:54,30347
1,1,6,0,228,237,1938,97.64852617,0,1,1,0,0,6/13/2022 1:31,30619
9,1,10,1,221,229,1780,56.08957409,0,0,1,0,1,10/24/2022 9:26,35185
14,6,4,0,233,236,1598,74.95407688,1,0,1,1,0,4/22/2023 14:51,41357
8,3,9,1,218,226,1825,78.7706922,0,0,0,0,1,9/21/2022 8:49,34054
22,2,6,1,223,228,1555,20.13611943,0,0,1,1,0,6/20/2023 22:55,43389
7,2,8,2,221,230,1558,66.98371225,1,1,0,1,0,8/9/2022 7:07,32579
14,1,4,2,234,239,1554,50.86499108,0,1,0,0,1,4/3/2023 14:38,40706
12,4,7,0,223,230,1958,49.66085532,0,1,1,0,0,7/14/2022 12:18,31696
0,1,4,2,222,222,1684,13.95395199,0,1,0,1,0,4/25/2022 0:09,28939
18,2,11,0,222,230,1686,76.6087438,1,0,1,1,0,11/10/2020 18:46,10781
9,4,5,2,217,222,1854,82.05083922,0,0,0,0,0,5/18/2023 9:40,42240
23,2,2,0,230,231,1855,28.33930076,0,1,1,1,0,2/21/2023 23:48,39315
9,4,9,2,224,224,1861,84.91139749,0,1,0,1,1,9/17/2020 9:51,8919
10,1,11,2,231,234,1923,96.11250002,1,1,0,0,1,11/29/2021 10:46,23920
4,7,10,1,228,231,1769,14.56891412,0,0,1,0,1,10/30/2022 4:54,35384
19,6,7,2,219,221,1514,49.10041435,0,0,0,1,0,7/31/2021 19:42,19789
1,3,5,2,232,239,1508,92.9277801,1,1,0,0,0,5/12/2021 1:57,17024
1,1,5,0,227,229,1990,84.66835246,1,0,1,0,0,5/17/2021 1:05,17194
20,5,12,2,237,238,1897,72.54737999,0,1,0,1,1,12/17/2021 20:16,24550
7,6,4,0,226,231,1799,34.61315151,1,0,1,0,0,4/4/2020 7:37,3231
3,4,4,1,229,236,1983,11.76734661,1,0,0,1,1,4/28/2022 3:50,29047
10,6,7,2,216,225,1838,87.03020366,1,0,0,1,0,7/30/2022 10:56,32242
19,7,3,2,229,231,1764,72.40807563,0,1,0,1,0,3/14/2021 19:07,15028
14,4,1,1,224,228,1613,73.91875546,1,0,0,1,1,1/20/2022 14:25,25706
8,7,5,1,221,223,1839,44.0617964,0,0,1,1,0,5/1/2022 8:13,29156
3,2,5,1,233,233,1573,60.46643181,1,0,1,0,1,5/10/2022 3:10,29457
18,1,9,0,223,230,1979,46.06460075,0,1,1,1,0,9/4/2023 18:13,45985
15,5,10,1,232,233,1910,24.39416027,0,0,1,0,1,10/13/2023 15:00,47316
17,2,11,1,228,231,1905,73.43530553,1,0,1,1,1,11/8/2022 17:22,35710
20,5,6,2,232,232,1962,35.72464586,1,0,0,0,0,6/10/2022 20:57,30544
1,5,4,2,230,239,1941,75.32353016,0,1,0,1,1,4/15/2022 1:52,28599
22,2,10,2,225,233,1905,40.13479907,0,1,0,0,1,10/6/2020 22:00,9587
2,4,2,1,231,235,1525,76.61830284,1,0,1,1,1,2/11/2021 2:02,13942
13,7,6,2,218,221,1901,31.79724456,0,1,0,0,1,6/5/2022 13:24,30362
6,6,7,2,234,239,1734,48.68806141,0,0,0,0,0,7/24/2021 6:11,19530
23,2,11,1,216,223,1935,38.59764822,0,0,0,0,1,11/15/2022 23:10,35958
0,2,6,0,226,232,1704,77.49031437,1,1,1,1,0,6/14/2022 0:39,30652
22,2,11,2,224,231,1732,97.19887564,1,1,0,0,1,11/14/2023 22:48,48423
22,2,8,0,225,226,1695,66.38650282,1,0,1,1,0,8/24/2021 22:34,20615
1,1,12,0,219,228,1875,53.78455842,1,0,1,1,0,12/26/2022 1:23,37331
20,5,11,2,219,221,1700,23.49856608,1,1,0,0,1,11/4/2022 20:51,35578
6,1,5,1,218,227,1797,67.50693042,0,1,1,1,1,5/17/2021 6:42,17202
21,1,2,2,223,230,1983,45.01334098,1,0,0,0,0,2/22/2021 21:52,14347
23,7,8,1,230,233,1872,63.28076271,0,1,1,0,1,8/21/2022 23:16,33013
6,4,7,2,223,232,1697,14.31836066,0,1,0,1,0,7/13/2023 6:20,44153
19,3,3,2,232,232,1671,36.99087037,0,1,0,1,0,3/4/2020 19:16,2186
13,6,10,0,231,234,1514,94.85817967,1,1,1,0,1,10/10/2020 13:36,9712
16,2,7,0,220,227,1720,60.70367704,1,1,1,0,1,7/25/2023 16:53,44579
19,5,5,0,215,221,1934,76.17158959,1,1,1,0,0,5/8/2020 19:17,4412
6,5,10,0,221,221,1988,48.42881372,1,0,1,0,0,10/1/2021 6:55,21894
3,4,10,2,224,224,1844,84.08312039,1,1,0,1,0,10/1/2020 3:14,9389
14,7,3,1,223,226,1761,82.8527707,1,0,0,1,1,3/26/2023 14:36,40432
0,6,1,0,227,231,1707,26.12993339,1,0,1,1,0,1/25/2020 0:46,824
13,2,11,2,220,229,1991,52.04360452,1,1,0,0,0,11/14/2023 13:42,48410
15,4,7,1,218,227,1947,77.12197538,1,0,0,0,1,7/9/2020 15:36,6530
5,5,8,1,232,235,1896,40.95228916,0,0,1,1,0,8/11/2023 5:32,45145
17,1,9,1,230,231,1986,57.55905653,0,1,1,1,1,9/27/2021 17:25,21772
8,3,5,1,212,221,1861,12.4946365,0,1,1,0,1,5/10/2023 8:57,41965
11,7,8,0,230,237,1701,95.5928858,0,1,1,0,0,8/14/2022 11:51,32757
11,2,8,2,219,226,1788,12.30031576,0,1,0,0,1,8/9/2022 11:19,32585
15,5,5,0,227,228,1834,97.56117463,1,0,1,0,0,5/8/2020 15:47,4407
6,3,6,1,232,232,1585,12.42873438,0,0,1,0,1,6/7/2023 6:56,42921
5,2,10,1,231,236,1684,87.33169775,0,1,1,0,1,10/4/2022 5:10,34494
23,7,12,2,228,230,1875,74.55023933,0,1,0,0,0,12/25/2022 23:59,37329
4,6,7,1,224,228,1737,34.75022924,0,0,1,1,1,7/25/2020 4:26,7062
7,6,7,2,232,235,1752,47.80371489,0,1,0,1,1,7/24/2021 7:35,19532
2,7,4,0,219,224,1675,94.43626784,1,1,1,0,0,4/11/2021 2:23,15963
23,7,9,1,215,223,1712,90.14275614,1,0,1,0,1,9/3/2023 23:18,45958
18,7,3,1,220,226,1880,20.64193402,0,0,0,1,1,3/7/2021 18:14,14787
5,7,4,1,232,239,1741,92.13652382,0,1,1,0,1,4/10/2022 5:32,28433
20,2,8,2,226,228,1989,58.09788356,1,0,0,1,0,8/10/2021 20:47,20133
16,5,7,2,218,220,1925,61.86229646,0,1,0,1,1,7/23/2021 16:52,19511
14,6,6,2,222,230,1582,61.6466234,0,1,0,0,1,6/4/2022 14:59,30330
15,4,5,2,223,232,1566,10.38683755,1,1,0,1,1,5/14/2020 15:27,4612
16,5,7,2,219,221,1583,65.39126237,0,1,0,0,1,7/8/2022 16:08,31496
22,6,11,2,226,228,1782,10.08443835,1,0,0,0,0,11/21/2020 22:29,11163
3,5,5,1,230,239,1807,96.83509613,1,0,1,0,1,5/22/2020 3:33,4869
12,5,5,2,229,236,1901,98.90555844,1,1,0,1,0,5/19/2023 12:18,42278
1,7,12,1,226,232,1818,34.48042833,0,0,1,1,0,12/18/2022 1:21,37057
1,5,9,1,233,239,1536,55.80254957,1,0,0,1,1,9/18/2020 1:58,8942
11,6,2,1,223,228,1614,19.24564411,1,0,1,1,1,2/22/2020 11:21,1798
9,1,7,0,221,221,1952,73.83544198,1,1,1,0,1,7/27/2020 9:00,7137
21,5,3,0,225,230,1926,43.74278691,1,0,1,1,0,3/4/2022 21:01,27188
7,7,12,0,224,228,1779,94.28115603,1,1,1,1,1,12/11/2022 7:28,36826
0,4,2,0,231,238,1718,27.1692036,0,1,1,1,0,2/6/2020 0:06,1234
1,2,3,1,224,231,1627,46.28387317,1,0,0,0,1,3/14/2023 1:57,40003
15,6,7,2,224,226,1546,93.00194471,0,0,0,1,0,7/17/2021 15:48,19304
21,1,12,1,224,227,1631,25.96182552,0,0,1,0,1,12/12/2022 21:19,36880
21,4,5,0,230,236,1785,39.52633528,1,1,1,1,1,5/19/2022 21:57,29792
20,3,6,1,213,222,1661,21.76466676,0,0,0,0,1,6/2/2021 20:03,17769
4,2,12,2,214,222,1630,52.98572939,0,1,0,0,0,12/21/2021 4:52,24665
22,5,2,2,219,221,1704,58.79336429,1,1,0,0,0,2/21/2020 22:44,1780
18,7,12,1,232,236,1764,13.74644696,0,1,1,1,1,12/11/2022 18:41,36842
9,5,4,2,227,228,1763,38.43835321,1,1,0,1,1,4/2/2021 9:33,15665
17,2,12,1,223,224,1540,52.90600621,0,0,1,1,1,12/1/2020 17:57,11499
19,2,8,2,212,221,1690,39.95629516,0,1,0,0,1,8/31/2021 19:58,20851
12,1,1,2,227,227,1614,47.07620793,1,1,0,1,1,1/4/2021 12:48,12656
1,7,10,0,222,228,1826,21.33840476,1,1,1,0,1,10/4/2020 1:19,9489
7,4,9,0,217,226,1857,60.10546829,1,1,1,0,1,9/8/2022 7:33,33607
3,3,7,1,228,229,1507,66.58986559,0,0,1,0,0,7/8/2020 3:52,6479
10,3,5,1,216,222,1815,52.80438315,0,0,0,0,1,5/27/2020 10:24,5050
5,7,5,1,218,221,1785,19.0013428,0,0,1,1,0,5/9/2021 5:58,16927
14,7,10,0,225,232,1736,98.69275892,1,1,1,1,1,10/10/2021 14:28,22213
1,4,7,2,230,237,1753,91.23791698,1,1,0,1,0,7/14/2022 1:47,31681
22,4,5,0,227,230,1623,28.75371905,1,1,1,1,0,5/28/2020 22:09,5101
11,2,6,2,225,230,1725,97.36385783,0,0,0,0,0,6/14/2022 11:51,30668
15,4,8,1,221,227,1516,15.42205862,0,1,1,1,1,8/26/2021 15:55,20674
5,3,5,1,236,238,1988,82.39108574,0,0,1,0,0,5/25/2022 5:29,29974
15,5,3,2,219,220,1924,44.19218848,1,1,0,1,1,3/18/2022 15:06,27659
14,4,6,2,229,232,1878,56.98226927,0,0,0,0,0,6/23/2022 14:31,30980
7,2,3,2,229,236,1798,57.4184047,1,1,0,1,0,3/15/2022 7:13,27545
18,7,1,1,226,229,1591,73.15114871,0,1,1,1,1,1/8/2023 18:04,37800
13,7,11,0,229,229,1897,43.4103859,1,0,1,1,0,11/26/2023 13:02,48820
18,4,5,2,238,239,1872,80.33602776,1,1,0,0,1,5/18/2023 18:05,42252
0,4,6,2,226,235,1753,32.27715488,1,0,0,0,0,6/10/2021 0:27,18015
14,3,5,1,228,231,1570,44.78420195,1,0,1,0,1,5/24/2023 14:57,42453
12,7,7,1,232,238,1861,89.00111949,1,0,0,1,1,7/10/2022 12:17,31559
13,2,2,0,234,234,1511,18.37357084,1,0,1,1,0,2/9/2021 13:36,13890
20,6,11,0,227,230,1931,11.25832986,0,1,1,0,0,11/18/2023 20:01,48556
14,6,12,2,225,231,1851,22.14271003,0,1,0,0,0,12/17/2022 14:09,37041
21,1,2,2,234,236,1916,44.22565517,1,1,0,0,0,2/3/2020 21:38,1162
10,3,12,1,233,233,1555,51.10229118,0,0,1,0,1,12/9/2020 10:16,11762
5,6,11,2,217,224,1908,42.64799607,0,0,0,1,0,11/27/2021 5:30,23844
5,5,3,0,233,239,1876,93.28808474,0,1,1,0,0,3/5/2021 5:57,14701
8,7,11,2,227,229,1741,46.34662465,0,0,0,0,0,11/28/2021 8:08,23882
22,4,3,2,221,229,1782,12.11496638,1,1,0,1,1,3/30/2023 22:19,40580
17,5,7,0,218,221,1723,69.86483818,1,0,1,1,0,7/23/2021 17:34,19512
0,4,12,1,232,233,1523,50.68473566,0,0,1,1,0,12/31/2020 0:52,12502
1,1,2,0,231,234,1665,72.81698386,1,1,1,0,0,2/24/2020 1:54,1853
11,2,5,2,234,239,1609,21.77001044,1,0,0,0,0,5/17/2022 11:04,29708
7,2,12,2,221,223,1975,73.02995706,1,1,0,0,0,12/28/2021 7:52,24909
5,5,1,2,230,236,1563,21.42793259,0,1,0,0,1,1/31/2020 5:20,1036
5,4,1,1,234,238,1571,97.35792511,0,1,1,1,1,1/12/2023 5:27,37919
20,7,11,1,216,225,1959,25.9241196,0,1,1,0,1,11/20/2022 20:54,36126
19,1,6,0,216,224,1646,29.6647861,1,0,1,0,0,6/21/2021 19:35,18419
2,2,8,2,220,228,1861,28.76506738,0,0,0,1,0,8/3/2021 2:22,19867
3,6,5,0,235,235,1793,45.36705823,1,0,1,0,0,5/1/2021 3:09,16649
11,2,12,2,225,234,1915,73.35475141,1,1,0,0,0,12/1/2020 11:39,11490
19,5,12,0,226,230,1610,91.07258164,0,1,1,1,0,12/10/2021 19:23,24309
0,6,11,2,216,221,1790,15.65718741,1,0,0,1,0,11/5/2022 0:21,35583
13,4,3,1,234,234,1940,90.93661171,1,0,1,1,1,3/30/2023 13:13,40567
11,7,6,1,221,229,1895,12.80484976,0,0,0,0,1,6/6/2021 11:39,17894
14,1,4,1,223,232,1873,53.15370856,0,0,1,1,0,4/4/2022 14:59,28241
1,2,6,0,223,229,1963,12.26169771,1,0,1,0,0,6/9/2020 1:51,5483
15,7,5,2,238,239,1728,30.00023008,0,1,0,1,1,5/28/2023 15:40,42591
12,5,6,1,236,236,1857,82.7652878,0,1,1,0,1,6/4/2021 12:00,17826
16,6,2,0,224,232,1999,82.81066592,1,1,1,0,0,2/12/2022 16:46,26497
19,2,11,0,236,236,1539,86.28677831,0,1,1,1,0,11/29/2022 19:21,36432
2,3,5,1,219,222,1587,58.94157215,0,1,1,1,1,5/13/2020 2:18,4559
22,1,1,0,221,223,1677,90.251392,1,1,1,1,0,1/10/2022 22:27,25375
0,4,3,1,215,223,1928,73.44649391,1,0,1,0,1,3/2/2023 0:31,39590
5,6,4,2,224,226,1611,98.35462457,0,1,0,1,1,4/29/2023 5:56,41584
0,3,6,1,236,238,1529,92.26796279,0,0,1,0,1,6/15/2022 0:28,30686
10,7,2,0,230,236,1873,62.43043274,0,1,1,1,0,2/23/2020 10:29,1831
22,1,6,1,221,230,1686,37.11258876,0,0,1,1,0,6/19/2023 22:23,43354
5,4,6,2,233,239,1953,52.78462006,0,1,0,1,1,6/8/2023 5:21,42953
13,5,1,0,219,225,1680,74.52507058,1,1,1,1,0,1/31/2020 13:45,1048
22,5,10,0,223,229,1909,89.85322314,1,1,1,0,0,10/21/2022 22:34,35101
8,7,9,0,217,223,1574,58.28147766,0,1,1,0,0,9/6/2020 8:57,8541
20,3,5,1,225,226,1515,89.52212243,1,0,0,1,1,5/6/2020 20:20,4345
18,6,6,1,222,224,1511,73.68390929,0,0,1,1,1,6/11/2022 18:41,30575
2,7,7,1,214,220,1844,36.206381,1,0,0,0,1,7/26/2020 2:10,7093
22,7,1,1,217,224,1991,60.05753134,1,0,0,0,1,1/10/2021 22:16,12875
5,4,1,2,223,223,1970,25.00311601,1,1,0,1,0,1/16/2020 5:07,522
11,7,1,0,232,239,1793,55.74248934,1,0,1,1,0,1/10/2021 11:03,12859
19,3,2,1,213,220,1839,93.80932053,0,0,1,0,0,2/8/2023 19:44,38864
23,4,7,0,214,223,1541,40.56156598,0,1,1,0,0,7/29/2021 23:33,19726
1,5,10,1,216,222,1640,57.55540823,0,0,1,1,0,10/14/2022 1:21,34831
3,6,12,0,232,238,1695,56.36250362,1,0,1,1,0,12/4/2021 3:36,24081
10,6,4,1,238,238,1745,41.67733569,0,0,1,0,1,4/8/2023 10:16,40871
15,7,5,2,219,225,1737,68.59417738,1,1,0,0,1,5/21/2023 15:28,42351
16,6,4,2,229,238,1774,53.4315432,1,1,0,0,1,4/2/2022 16:44,28175
19,6,1,2,238,238,1684,39.18631139,1,1,0,0,1,1/7/2023 19:38,37768
19,7,10,2,224,233,1657,78.07618673,1,0,0,0,0,10/2/2022 19:32,34446
6,7,10,2,222,225,1505,72.74480859,1,1,0,0,1,10/3/2021 6:34,21962
5,7,4,0,237,239,1882,59.34838633,0,1,1,1,0,4/30/2023 5:04,41617
6,1,3,1,219,221,1961,95.00900751,0,0,0,1,1,3/16/2020 6:41,2579
13,7,5,1,213,222,1842,23.82936754,0,0,0,1,1,5/16/2021 13:10,17177
7,5,6,2,230,230,1635,54.51948846,1,1,0,1,1,6/26/2020 7:20,6073
20,4,1,2,230,232,1901,88.3532833,0,1,0,0,1,1/16/2020 20:32,544
3,3,10,1,227,229,1947,63.73465277,0,0,1,0,0,10/13/2021 3:27,22300
10,5,12,1,219,220,1902,15.26215382,0,0,0,1,1,12/9/2022 10:37,36762
3,2,7,2,231,238,1811,99.82912722,0,0,0,0,0,7/11/2023 3:52,44081
20,4,3,2,231,238,1775,77.78329742,0,1,0,1,1,3/5/2020 20:30,2222
15,3,7,0,226,233,1658,54.10442181,0,1,1,1,0,7/6/2022 15:46,31427
12,1,7,1,219,228,1801,77.59575798,0,0,0,1,1,7/5/2021 12:16,18888
12,7,12,2,232,232,1689,38.24478572,0,0,0,0,0,12/27/2020 12:46,12382
23,1,1,1,227,227,1973,87.71375605,0,0,1,1,0,1/11/2021 23:30,12911
5,1,9,1,235,238,1664,94.16276691,0,1,1,0,1,9/18/2023 5:18,46446
20,7,10,1,223,223,1516,39.98766597,1,0,0,1,1,10/29/2023 20:40,47872
3,7,12,1,225,226,1673,13.47504155,0,0,0,1,1,12/19/2021 3:07,24594
12,1,8,2,218,221,1882,52.73609303,1,0,0,1,0,8/21/2023 12:56,45498
9,2,12,0,216,223,1593,93.2865828,1,1,1,0,0,12/29/2020 9:37,12446
16,4,8,2,234,238,1607,68.93498214,0,0,0,0,0,8/13/2020 16:35,7730
11,7,7,1,226,228,1586,70.30042322,1,0,1,1,1,7/11/2021 11:56,19093
18,7,3,0,221,223,1751,60.50047755,1,1,1,0,1,3/21/2021 18:37,15267
18,7,5,1,226,226,1815,19.91843077,0,1,1,1,1,5/31/2020 18:07,5198
0,6,8,2,220,222,1594,43.21436124,1,1,0,0,0,8/14/2021 0:28,20241
18,1,3,1,227,234,1543,31.08642441,0,1,1,1,1,3/21/2022 18:06,27766
23,6,7,0,215,220,1737,28.66343904,1,1,1,0,1,7/10/2021 23:19,19075
7,7,11,0,223,231,1521,97.14836469,1,1,1,0,1,11/7/2021 7:33,23162
21,7,9,1,234,237,1873,56.89250507,1,0,1,1,1,9/11/2022 21:03,33729
8,7,5,1,225,231,1766,94.17326859,1,0,0,1,1,5/7/2023 8:04,41861
14,1,2,0,217,225,1797,52.54555775,1,1,1,0,1,2/7/2022 14:49,26323
9,3,5,0,235,235,1661,79.00325364,1,0,1,1,0,5/5/2021 9:28,16795
21,3,1,0,218,225,1567,24.49864097,0,1,1,1,0,1/5/2022 21:12,25202
21,6,3,2,221,224,1526,39.0010309,1,0,0,1,0,3/6/2021 21:54,14758
18,6,6,0,218,226,1735,93.58042595,1,1,1,1,0,6/4/2022 18:29,30335
23,2,10,0,235,236,1882,83.20650776,1,1,1,1,0,10/3/2023 23:44,46986
3,1,9,1,222,222,1602,71.60986244,0,0,1,1,1,9/6/2021 3:31,21033
1,2,8,1,227,236,1769,30.51857991,1,0,0,1,1,8/25/2020 1:54,8120
5,5,10,0,216,225,1908,87.81849721,0,1,1,0,0,10/20/2023 5:23,47542
13,4,9,0,230,239,1749,89.4470154,1,1,1,0,1,9/10/2020 13:52,8685
12,2,11,0,230,232,1882,80.21254474,1,1,1,0,0,11/9/2021 12:06,23237
8,7,1,0,219,228,1657,33.12854018,0,1,1,0,0,1/10/2021 8:15,12855
8,7,5,2,220,223,1756,90.74768203,0,0,0,1,0,5/9/2021 8:04,16930
22,4,10,1,231,239,1518,40.55444325,0,0,1,1,1,10/7/2021 22:00,22121
20,6,10,1,232,234,1608,18.69080343,0,0,1,0,1,10/23/2021 20:39,22667
23,5,5,1,225,233,1979,57.18913843,0,1,1,0,1,5/5/2023 23:50,41815
8,4,10,2,230,237,1926,58.50279458,0,1,0,1,0,10/12/2023 8:10,47272
0,3,7,1,230,233,1573,61.30292123,0,0,0,0,1,7/14/2021 0:12,19179
3,5,8,1,220,224,1669,13.10112687,0,1,1,0,1,8/12/2022 3:05,32676
9,6,6,2,214,220,1999,97.86672575,0,1,0,1,1,6/11/2022 9:34,30562
1,5,4,1,237,238,1719,25.05412826,0,0,1,0,0,4/22/2022 1:22,28838
8,2,1,2,226,230,1850,49.28097009,0,1,0,0,1,1/14/2020 8:58,459
18,6,6,2,228,230,1920,23.22529113,0,0,0,1,0,6/5/2021 18:08,17869
3,6,8,1,219,221,1596,74.51376662,1,0,0,1,1,8/15/2020 3:37,7780
13,1,11,0,221,228,1701,26.99294853,0,1,1,0,0,11/28/2022 13:13,36389
19,5,11,1,230,238,1505,73.82891442,0,0,1,0,1,11/4/2022 19:27,35576
16,4,5,2,220,225,1557,33.50006724,1,0,0,0,0,5/6/2021 16:18,16839
17,3,5,1,234,237,1785,37.587953,0,0,0,0,1,5/11/2022 17:43,29512
9,2,3,1,219,223,1627,18.9424028,0,1,1,1,1,3/31/2020 9:01,3096
13,6,6,1,229,235,1576,76.27020215,0,1,1,0,1,6/27/2020 13:28,6116
14,2,9,0,224,224,1572,66.12986487,1,1,1,0,0,9/29/2020 14:47,9337
10,6,3,1,236,237,1746,93.20707693,1,0,0,0,1,3/18/2023 10:23,40152
15,1,9,2,221,227,1554,38.07439315,0,1,0,0,0,9/5/2022 15:46,33516
15,3,5,2,227,235,1978,52.37256664,1,1,0,1,0,5/31/2023 15:09,42693
18,7,5,1,217,220,1994,58.75897716,0,0,1,1,0,5/29/2022 18:49,30130
15,7,7,1,220,221,1930,37.78441836,0,0,1,0,0,7/12/2020 15:47,6633
13,2,5,1,221,225,1700,98.23687521,0,0,1,1,1,5/18/2021 13:32,17246
1,7,4,1,230,238,1729,81.26738838,0,0,0,1,1,4/17/2022 1:32,28667
14,7,5,1,225,228,1755,26.37943057,0,0,0,0,1,5/21/2023 14:04,42349
18,5,1,1,228,231,1993,19.80059677,1,0,1,1,1,1/20/2023 18:48,38212
16,4,4,0,217,225,1768,89.700963,0,1,1,1,0,4/21/2022 16:15,28825
11,7,8,0,229,229,1645,95.08300618,0,1,1,0,0,8/29/2021 11:54,20771
16,3,9,1,225,233,1670,15.03096209,1,0,1,1,1,9/2/2020 16:38,8415
9,7,2,2,230,234,1679,41.42033102,0,1,0,0,0,2/27/2022 9:16,27000
17,6,12,2,229,237,1738,16.41403752,1,1,0,1,1,12/5/2020 17:16,11635
17,1,9,2,227,235,1559,23.71831158,0,1,0,0,0,9/26/2022 17:46,34238
8,3,6,1,215,222,1535,43.2180212,1,0,0,0,1,6/21/2023 8:43,43403
2,1,5,2,222,228,1698,52.29914013,0,1,0,0,1,5/23/2022 2:20,29901
18,1,12,2,220,221,1976,43.65030644,1,1,0,0,0,12/5/2022 18:19,36636
2,2,8,1,220,225,1842,94.62428419,1,0,0,0,1,8/9/2022 2:12,32572
7,6,10,1,217,222,1530,74.11342952,0,0,0,1,1,10/30/2021 7:31,22888
1,6,2,2,223,231,1932,15.63742065,1,1,0,0,1,2/13/2021 1:00,14009
14,7,7,2,218,225,1784,45.70500052,0,1,0,1,0,7/26/2020 14:05,7110
11,5,12,2,232,233,1597,83.19831254,1,1,0,0,1,12/18/2020 11:31,12072
6,1,1,0,220,222,1631,38.60348485,1,1,1,1,0,1/27/2020 6:01,900
10,1,11,2,229,236,1558,88.67032764,1,1,0,1,0,11/27/2023 10:03,48850
13,4,2,2,225,227,1645,78.69215404,1,0,0,0,0,2/2/2023 13:03,38649
9,1,4,1,229,234,1797,45.12273886,1,0,1,1,1,4/18/2022 9:46,28713
18,7,9,2,232,233,1873,33.48899973,0,0,0,0,0,9/26/2021 18:17,21739
14,1,5,1,230,232,1547,31.89533523,1,0,1,0,1,5/24/2021 14:36,17453
22,3,4,1,219,226,1993,54.43334337,0,1,1,0,1,4/1/2020 22:09,3149
17,4,6,1,224,231,1844,16.18397611,0,0,0,1,1,6/18/2020 17:07,5813
9,5,5,1,236,239,1836,21.06290387,0,1,1,1,1,5/19/2023 9:30,42274
20,2,3,0,231,232,1845,68.92144535,1,1,1,0,0,3/17/2020 20:32,2633
9,6,1,0,235,235,1632,12.607886,1,1,1,0,1,1/15/2022 9:40,25528
0,5,6,0,220,226,1546,97.12435703,1,0,1,1,0,6/24/2022 0:19,30994
0,7,5,1,228,231,1719,64.07895835,1,0,1,1,1,5/2/2021 0:52,16680
6,2,8,2,233,233,1999,26.59797481,1,0,0,0,0,8/29/2023 6:39,45763
3,2,3,1,231,237,1831,20.96710667,1,0,1,1,1,3/28/2023 3:45,40485
10,5,4,2,232,239,1871,36.88376189,1,0,0,0,0,4/1/2022 10:35,28132
6,1,1,1,219,226,1890,71.03552698,0,0,1,0,1,1/31/2022 6:13,26071
7,2,11,1,220,220,1608,66.57350524,0,0,1,0,0,11/24/2020 7:57,11245
21,4,1,2,225,232,1961,21.0780573,0,0,0,0,0,1/13/2022 21:56,25477
10,7,9,1,231,235,1864,88.46292914,0,0,0,0,1,9/13/2020 10:32,8783
16,3,10,0,232,234,1744,40.6141333,1,0,1,0,0,10/28/2020 16:06,10332
10,4,6,2,226,227,1912,39.7426416,1,1,0,0,0,6/1/2023 10:04,42720
15,7,10,0,217,223,1849,81.67521906,1,0,1,1,0,10/30/2022 15:24,35399
16,6,9,0,222,227,1597,95.82893923,1,0,1,1,0,9/18/2021 16:52,21463
16,6,9,2,220,222,1749,52.07596713,1,0,0,0,0,9/16/2023 16:09,46393
3,4,9,1,223,225,1904,84.34709354,1,0,1,0,1,9/30/2021 3:35,21855
20,7,7,1,224,230,1582,10.25268843,0,1,1,0,1,7/10/2022 20:41,31571
10,3,2,1,230,236,1904,74.41234487,1,0,0,1,1,2/1/2023 10:25,38611
19,5,8,1,234,234,1885,23.86115157,1,0,0,0,1,8/27/2021 19:57,20714
20,5,10,0,220,228,1616,51.49392725,1,1,1,0,0,10/9/2020 20:05,9687
4,2,5,0,214,220,1950,50.42726604,1,1,1,1,1,5/9/2023 4:55,41925
5,4,1,1,226,226,1685,50.80179981,0,1,1,0,1,1/28/2021 5:09,13467
1,3,8,0,232,237,1975,36.53979818,1,1,1,0,1,8/26/2020 1:02,8153
22,2,3,0,232,237,1990,85.49728646,1,1,1,1,1,3/15/2022 22:38,27567
21,3,6,0,236,236,1703,23.62005712,1,1,1,1,1,6/28/2023 21:32,43661
20,4,8,2,223,232,1937,10.93898413,1,1,0,1,1,8/11/2022 20:05,32666
3,5,3,1,228,233,1936,35.62114082,0,0,1,0,0,3/3/2023 3:51,39629
18,3,1,1,222,231,1950,79.55194771,1,0,0,1,1,1/15/2020 18:36,507
21,6,7,2,214,220,1500,49.80766792,1,1,0,1,0,7/16/2022 21:03,31777
21,7,8,2,222,229,1850,34.33181854,1,0,0,1,0,8/15/2021 21:19,20305
18,7,1,1,222,223,1794,18.60347301,0,1,1,1,1,1/19/2020 18:37,644
4,5,9,2,233,237,1534,15.58454352,0,1,0,1,1,9/10/2021 4:56,21172
4,3,9,2,237,238,1847,47.01503593,1,0,0,0,0,9/13/2023 4:46,46274
14,7,1,1,225,225,1796,67.01008353,1,0,0,0,1,1/9/2022 14:55,25330
1,4,8,1,232,234,1894,23.80154394,0,0,1,1,1,8/11/2022 1:10,32639
8,2,7,0,223,227,1878,39.96846256,0,1,1,0,0,7/27/2021 8:28,19636
2,6,8,1,220,223,1750,51.68714092,1,0,0,1,1,8/26/2023 2:57,45655
1,1,7,1,217,220,1744,43.43442686,0,1,1,0,1,7/31/2023 1:08,44762
15,2,4,2,232,236,1929,37.25002024,0,1,0,0,0,4/27/2021 15:03,16529
15,3,11,2,216,222,1824,55.92248009,1,1,0,1,1,11/25/2020 15:29,11290
20,2,10,1,216,223,1862,48.35296043,1,0,0,0,1,10/12/2021 20:26,22290
7,4,6,1,223,223,1574,92.60610415,0,0,0,0,1,6/1/2023 7:16,42716
8,3,4,1,215,220,1583,53.88822466,0,0,0,1,1,4/28/2021 8:34,16554
4,6,6,2,233,237,1580,75.05982465,1,1,0,1,1,6/3/2023 4:49,42781
23,4,10,1,227,232,1554,52.91155441,0,0,0,0,1,10/6/2022 23:45,34589
15,6,7,1,223,230,1965,69.01985521,1,0,1,0,1,7/29/2023 15:29,44714
23,4,7,1,217,223,1776,51.75307866,1,0,0,1,1,7/21/2022 23:42,31952
23,6,5,2,235,238,1506,49.42817866,1,0,0,1,0,5/23/2020 23:42,4932
23,7,9,0,218,222,1921,84.10077295,0,1,1,1,0,9/19/2021 23:42,21507
3,6,7,1,225,227,1691,30.74863552,0,0,1,0,1,7/23/2022 3:02,31991
11,6,9,0,215,221,1500,33.78144065,1,1,1,0,0,9/23/2023 11:27,46626
7,5,9,1,238,239,1700,20.70403645,1,0,0,1,1,9/17/2021 7:55,21416
16,2,7,2,229,238,1720,68.55945262,0,0,0,1,0,7/27/2021 16:11,19647
11,4,7,2,233,239,1730,18.05248082,0,1,0,1,1,7/7/2022 11:24,31455
7,3,8,2,231,239,1689,96.65540282,1,0,0,0,0,8/16/2023 7:29,45319
12,4,8,0,223,229,1549,22.31498491,1,1,1,0,1,8/4/2022 12:11,32415
6,6,8,1,222,227,1735,65.33474704,0,0,0,0,1,8/12/2023 6:04,45180
1,1,10,2,213,220,1895,38.7175906,0,1,0,1,0,10/16/2023 1:53,47400
19,5,8,1,220,221,1658,32.27828952,1,0,0,0,1,8/25/2023 19:57,45645
2,4,10,0,235,236,1814,17.50059566,1,1,1,1,0,10/13/2022 2:13,34798
9,7,4,0,225,228,1959,51.51444233,1,0,1,1,0,4/25/2021 9:47,16453
2,3,3,0,235,239,1683,60.82026744,1,1,1,0,1,3/23/2022 2:20,27812
13,5,5,0,230,238,1634,70.09667799,0,1,1,1,0,5/15/2020 13:10,4643
1,4,8,2,226,231,1861,36.58609036,1,1,0,0,0,8/20/2020 1:22,7948
5,6,5,1,227,230,1900,16.91958074,0,1,1,1,1,5/6/2023 5:26,41823
9,2,7,2,215,224,1861,44.99792936,0,1,0,1,0,7/11/2023 9:29,44089
20,4,2,1,227,233,1602,43.56711515,1,0,0,0,1,2/2/2023 20:46,38660
2,2,3,0,230,234,1781,57.30502614,1,1,1,0,1,3/10/2020 2:07,2367
9,3,7,2,231,236,1517,15.1908225,1,1,0,1,1,7/6/2022 9:28,31418
23,4,4,0,225,225,1545,90.92840346,1,0,1,1,0,4/13/2023 23:25,41061
0,4,1,2,231,239,1532,54.1769241,0,1,0,0,1,1/7/2021 0:22,12741
13,3,7,1,235,236,1641,52.66009007,0,0,0,1,1,7/7/2021 13:19,18958
14,6,2,0,228,232,1987,11.18158967,1,1,1,0,1,2/6/2021 14:49,13789
2,2,3,1,234,236,1610,91.21617682,0,0,1,1,1,3/8/2022 2:49,27299
0,5,3,1,237,238,1579,64.82707479,0,0,1,0,0,3/4/2022 0:00,27158
12,5,12,2,225,234,1651,90.00424212,1,1,0,1,1,12/11/2020 12:43,11834
9,1,10,1,231,239,1712,15.09310862,0,0,1,1,0,10/30/2023 9:58,47891
12,1,8,0,227,235,1673,45.70501592,1,1,1,1,0,8/2/2021 12:21,19847
9,3,5,2,219,221,1812,75.45895752,0,1,0,1,0,5/18/2022 9:30,29740
23,4,7,2,230,237,1981,93.28041297,1,1,0,0,1,7/16/2020 23:31,6781
2,6,3,0,225,231,1701,32.59231316,0,1,1,1,0,3/12/2022 2:49,27436
10,1,3,1,226,228,1575,78.66476654,0,0,0,1,1,3/29/2021 10:56,15530
18,3,4,1,229,237,1919,61.96952468,0,0,0,1,1,4/13/2022 18:20,28554
16,4,1,0,223,224,1904,91.80332259,1,0,1,0,0,1/20/2022 16:31,25709
20,7,7,2,230,234,1644,18.55575688,1,1,0,0,0,7/11/2021 20:21,19105
19,4,12,1,228,230,1705,56.59054676,1,0,1,0,1,12/3/2020 19:00,11569
11,1,12,1,218,220,1570,99.59554953,1,0,0,0,1,12/12/2022 11:30,36866
20,3,10,1,232,236,1588,15.37969925,0,1,1,1,1,10/20/2021 20:27,22564
7,1,11,1,221,224,1687,91.42331522,1,0,1,0,1,11/6/2023 7:22,48127
6,1,5,0,238,238,1694,88.05792031,0,1,1,1,0,5/1/2023 6:18,41653
17,4,5,2,223,225,1654,97.24564608,1,0,0,1,0,5/6/2021 17:42,16841
0,6,5,0,233,236,1549,82.38296766,1,1,1,0,1,5/13/2023 0:01,42055
3,2,3,1,217,224,1644,31.61603103,1,0,0,1,1,3/24/2020 3:13,2848
6,2,1,2,225,227,1514,45.2594131,1,0,0,0,0,1/12/2021 6:31,12921
12,6,9,1,230,232,1969,80.72703282,0,0,0,1,1,9/24/2022 12:30,34162
19,6,9,2,234,234,1712,12.54028316,1,1,0,1,1,9/19/2020 19:19,9001
10,7,4,1,229,237,1768,40.59865432,0,1,1,0,1,4/24/2022 10:50,28920
18,4,3,0,229,231,1816,88.64865297,1,0,1,0,0,3/12/2020 18:36,2459
14,6,12,0,214,223,1965,33.75626144,1,1,1,1,0,12/19/2020 14:09,12110
5,1,6,1,217,225,1789,94.00064856,1,0,0,0,1,6/27/2022 5:25,31104
12,7,10,2,222,227,1581,79.93726362,1,0,0,1,0,10/11/2020 12:43,9745
23,7,9,0,239,239,1755,45.05340229,0,1,1,0,0,9/20/2020 23:21,9041
14,7,2,2,227,230,1921,48.26195967,1,1,0,0,0,2/7/2021 14:39,13823
4,5,12,2,225,234,1556,33.88610899,0,0,0,1,0,12/4/2020 4:49,11583
16,3,10,1,225,231,1798,78.81914818,1,0,0,1,1,10/27/2021 16:27,22798
7,4,9,2,214,222,1915,65.47938705,0,0,0,1,0,9/10/2020 7:33,8676
4,5,6,1,237,238,1820,61.80723811,0,0,0,0,1,6/16/2023 4:41,43226
17,1,11,2,226,235,1819,43.95042485,1,0,0,1,0,11/1/2021 17:41,22971
18,7,5,1,231,237,1883,51.0924,1,0,0,0,1,5/8/2022 18:56,29411
18,3,2,1,225,233,1845,87.74654102,0,0,1,1,0,2/23/2022 18:22,26876
16,7,6,2,215,223,1854,43.68436599,0,1,0,1,1,6/21/2020 16:36,5915
20,7,11,2,238,239,1963,61.87766141,1,1,0,1,1,11/13/2022 20:00,35885
16,2,4,0,225,226,1637,45.21262543,1,1,1,0,0,4/21/2020 16:36,3826
20,2,5,2,227,228,1533,44.12931648,0,0,0,0,0,5/11/2021 20:21,17016
9,6,12,2,229,233,1836,97.070795,0,1,0,1,1,12/17/2022 9:56,37035
17,2,2,1,231,235,1957,76.4669686,1,0,1,1,1,2/4/2020 17:16,1190
18,1,3,2,230,233,1948,61.32448396,0,1,0,1,1,3/7/2022 18:24,27287
3,1,7,0,220,220,1890,34.25282549,0,1,1,1,0,7/17/2023 3:32,44286
5,6,12,1,216,220,1935,47.19811858,1,0,1,0,1,12/11/2021 5:11,24323
23,7,6,2,230,232,1968,38.84007013,1,1,0,0,0,6/28/2020 23:49,6165
10,6,1,2,228,230,1842,41.3830018,0,1,0,1,0,1/8/2022 10:11,25289
4,6,10,2,237,239,1688,99.96088025,0,0,0,0,0,10/22/2022 4:10,35109
0,5,7,1,224,229,1597,46.74419267,0,0,1,1,0,7/21/2023 0:03,44418
5,2,11,2,216,225,1570,32.35384393,1,0,0,1,0,11/22/2022 5:50,36173
11,2,2,2,226,232,1753,11.97618485,1,0,0,0,0,2/23/2021 11:11,14366
12,1,3,0,234,237,1642,67.18559693,0,1,1,1,0,3/20/2023 12:08,40223
19,6,10,0,216,224,1556,37.27246768,1,0,1,0,0,10/14/2023 19:02,47356
3,3,1,1,230,236,1725,93.65289847,1,0,1,1,1,1/27/2021 3:55,13431
2,2,3,1,231,237,1605,68.21266122,1,0,0,0,1,3/22/2022 2:30,27778
12,2,9,2,229,234,1994,34.27554163,0,0,0,1,0,9/13/2022 12:18,33785
15,4,5,0,223,227,1613,13.68325261,1,0,1,1,0,5/5/2022 15:57,29304
13,3,3,2,223,229,1563,46.00081235,1,1,0,1,1,3/11/2020 13:52,2418
5,4,7,2,234,237,1697,83.75789992,0,1,0,1,1,7/7/2022 5:47,31447
21,4,3,0,225,231,1946,13.77577214,0,1,1,1,0,3/25/2021 21:26,15408
1,4,9,2,231,231,1847,85.53635095,1,0,0,1,0,9/29/2022 1:08,34317
12,1,3,1,233,239,1855,55.00845648,0,0,1,1,1,3/21/2022 12:29,27758
14,3,4,0,234,236,1519,90.12053978,1,0,1,1,0,4/26/2023 14:10,41493
17,6,10,2,228,232,1828,12.24425045,1,0,0,1,0,10/14/2023 17:38,47354
21,3,5,1,222,225,1959,40.79896867,0,0,0,0,1,5/25/2022 21:37,29997
14,2,1,2,225,231,1868,52.73683249,1,0,0,0,0,1/10/2023 14:13,37863
14,7,6,1,227,227,1685,72.07008309,0,0,1,1,1,6/20/2021 14:09,18377
6,1,11,0,223,231,1809,61.92815193,1,0,1,1,0,11/2/2020 6:08,10489
9,7,9,1,232,238,1553,80.46488032,1,0,0,0,1,9/5/2021 9:17,21007
8,3,10,0,226,230,1585,40.70031124,1,0,1,0,0,10/19/2022 8:54,35013
15,3,3,1,215,222,1892,65.31716464,0,0,1,0,1,3/24/2021 15:18,15365
4,3,7,1,221,226,1914,80.39867255,0,0,1,1,1,7/12/2023 4:24,44116
2,1,5,0,229,231,1965,71.1771666,1,0,1,0,0,5/15/2023 2:29,42127
22,7,6,1,227,235,1818,22.37374742,0,0,1,1,0,6/19/2022 22:12,30854
3,1,3,2,232,239,1620,85.47277323,1,0,0,1,0,3/2/2020 3:30,2095
18,4,5,0,230,232,1984,97.6621883,1,1,1,1,1,5/7/2020 18:45,4377
11,7,6,1,219,222,1676,48.53512655,0,0,1,1,1,6/25/2023 11:32,43544
11,6,9,2,226,226,1632,69.651532,1,1,0,1,1,9/25/2021 11:27,21695
6,4,5,1,233,236,1522,89.75697727,1,0,0,1,1,5/27/2021 6:22,17544
1,4,7,1,232,232,1997,29.97185138,0,0,0,0,1,7/16/2020 1:47,6750
20,1,9,2,221,229,1658,89.59805175,1,1,0,1,0,9/11/2023 20:31,46228
7,1,5,2,230,239,1952,69.28266227,1,1,0,0,1,5/10/2021 7:54,16964
5,6,11,1,216,222,1945,99.47379975,0,0,1,0,0,11/28/2020 5:09,11378
11,3,2,1,215,223,1589,90.86812797,0,0,1,0,0,2/19/2020 11:10,1695
14,2,3,0,224,232,1850,50.44578414,1,1,1,0,0,3/30/2021 14:16,15569
19,3,11,0,231,234,1929,15.62649708,0,1,1,1,0,11/30/2022 19:10,36466
14,6,8,1,229,234,1775,33.0575384,0,1,1,1,1,8/28/2021 14:10,20740
12,7,3,1,216,225,1785,29.39676766,0,1,1,0,1,3/8/2020 12:16,2313
16,3,10,1,221,230,1744,17.67888258,0,0,1,0,1,10/6/2021 16:34,22079
22,5,7,1,219,226,1882,69.81332293,0,0,0,0,1,7/29/2022 22:19,32224
3,3,9,0,214,220,1887,91.44436164,0,1,1,1,0,9/22/2021 3:33,21581
13,1,3,0,230,231,1697,50.36251615,1,0,1,0,0,3/9/2020 13:30,2349
5,2,1,1,229,237,1991,72.14224885,0,0,1,1,0,1/4/2022 5:58,25146
6,7,7,0,219,226,1708,87.50518749,1,0,1,1,0,7/31/2022 6:34,32270
12,5,3,2,217,220,1995,96.20338862,1,1,0,0,1,3/5/2021 12:58,14711
5,1,1,2,225,231,1612,85.03089487,1,1,0,0,0,1/11/2021 5:59,12886
22,1,12,1,221,225,1861,71.69226428,0,1,1,1,1,12/7/2020 22:31,11711
9,4,3,0,219,226,1870,68.98238432,1,0,1,1,0,3/19/2020 9:41,2686
8,1,5,2,228,237,1523,45.24834383,0,1,0,1,0,5/1/2023 8:24,41656
19,3,10,2,222,227,1525,53.2594498,1,0,0,1,0,10/18/2023 19:45,47494
11,3,3,0,231,236,1853,15.13171401,1,1,1,0,0,3/3/2021 11:55,14641
13,2,6,0,235,235,1980,53.77143857,1,1,1,0,1,6/8/2021 13:25,17965
19,6,10,2,219,226,1519,74.12828366,0,1,0,1,0,10/7/2023 19:33,47117
4,5,6,1,232,234,1972,61.08202493,0,0,1,0,1,6/11/2021 4:29,18055
3,7,12,1,226,228,1874,22.57583005,0,0,1,0,0,12/4/2022 3:46,36581
9,6,4,0,231,235,1716,21.05312883,1,1,1,1,0,4/30/2022 9:06,29123
10,7,12,1,217,223,1594,93.61600502,1,0,0,0,1,12/13/2020 10:17,11899
6,5,7,2,228,228,1877,45.06854518,0,1,0,0,1,7/3/2020 6:50,6312
6,1,3,1,219,227,1864,66.98588168,1,0,0,1,1,3/28/2022 6:22,27989
17,3,12,0,234,234,1563,25.14034839,1,1,1,0,0,12/30/2020 17:10,12491
12,2,7,0,215,222,1544,57.00211395,1,0,1,1,0,7/4/2023 12:05,43853
8,7,6,2,233,235,1629,86.8173591,1,1,0,1,0,6/4/2023 8:51,42821
7,6,10,1,228,234,1908,96.93172727,1,0,1,1,1,10/3/2020 7:48,9464
1,1,3,2,238,239,1925,18.02742446,1,1,0,0,0,3/14/2022 1:05,27502
16,7,7,2,233,233,1814,67.08139067,1,0,0,1,0,7/10/2022 16:29,31565
23,2,1,0,219,220,1857,57.12833653,1,1,1,0,1,1/17/2023 23:31,38116
19,3,9,0,218,221,1805,12.87980704,1,0,1,0,0,9/29/2021 19:10,21843
17,5,1,0,229,236,1790,41.78489605,1,1,1,1,1,1/7/2022 17:21,25265
18,7,11,0,230,233,1806,11.8657866,0,1,1,1,0,11/13/2022 18:36,35883
21,7,7,0,227,230,1617,41.66417665,0,1,1,0,0,7/11/2021 21:03,19106
11,1,1,0,222,228,1972,92.54694638,1,0,1,0,0,1/17/2022 11:26,25599
7,6,9,1,216,225,1791,52.76029713,1,0,0,1,1,9/5/2020 7:01,8504
1,7,11,1,228,232,1922,22.63719116,1,0,1,1,1,11/5/2023 1:56,48085
19,6,6,1,220,220,1761,37.68730502,0,1,1,1,1,6/18/2022 19:35,30816
17,1,7,2,234,239,1668,54.74263309,0,0,0,1,0,7/19/2021 17:34,19375
9,5,6,2,226,234,1701,15.18549417,0,1,0,0,0,6/19/2020 9:14,5836
19,6,1,2,232,239,1652,68.13458632,0,0,0,1,0,1/28/2023 19:31,38487
12,5,10,2,233,236,1665,27.11153863,1,1,0,0,1,10/22/2021 12:24,22621
3,2,6,0,233,238,1588,71.72438312,1,1,1,0,0,6/22/2021 3:18,18430
12,6,2,2,220,220,1681,62.84308175,0,1,0,1,1,2/13/2021 12:54,14026
0,2,1,1,232,236,1978,79.38667259,0,0,1,0,1,1/14/2020 0:33,447
6,5,11,1,224,231,1662,17.93077232,1,0,1,0,1,11/10/2023 6:41,48263
13,3,12,1,229,234,1989,80.14729618,1,0,0,0,1,12/16/2020 13:16,12006
16,7,1,2,215,221,1700,37.28424832,0,0,0,0,0,1/8/2023 16:40,37798
1,4,8,2,231,232,1742,45.36675424,0,1,0,0,0,8/25/2022 1:33,33119
18,6,8,1,215,223,1633,62.50444483,0,0,0,1,1,8/6/2022 18:50,32493
15,4,6,0,220,221,1820,37.95010631,1,1,1,0,1,6/18/2020 15:01,5810
2,3,7,0,232,239,1962,97.82748011,0,1,1,0,0,7/13/2022 2:39,31648
17,2,10,1,213,222,1788,14.74569771,1,0,0,1,1,10/10/2023 17:38,47217
6,1,8,1,226,233,1985,97.95197279,1,0,1,0,1,8/1/2022 6:23,32304
17,4,7,0,218,220,1825,37.6516909,0,1,1,1,0,7/9/2020 17:00,6532
23,1,2,2,218,224,1704,97.69357868,0,0,0,1,0,2/8/2021 23:35,13870
22,5,2,2,221,226,1633,53.80826426,1,1,0,1,1,2/3/2023 22:41,38697
23,5,12,1,223,224,1903,99.96871679,1,0,0,0,1,12/30/2022 23:49,37500
13,4,11,1,237,238,1944,31.75616651,0,0,1,1,0,11/25/2021 13:33,23787
5,3,4,0,228,236,1986,58.8876692,1,0,1,1,0,4/7/2021 5:53,15831
8,6,1,1,227,231,1999,87.12340232,0,0,1,1,0,1/30/2021 8:19,13540
17,5,7,0,221,230,1649,94.62642888,1,0,1,1,0,7/3/2020 17:20,6327
19,5,8,1,220,223,1576,42.12262267,0,0,0,1,1,8/18/2023 19:03,45404
7,7,10,2,228,233,1527,48.55531974,1,0,0,0,0,10/11/2020 7:49,9738
1,4,8,0,218,224,1986,32.59322281,1,1,1,0,1,8/18/2022 1:21,32879
20,4,8,1,216,223,1770,79.23747212,0,0,1,1,1,8/20/2020 20:59,7976
1,2,9,1,233,234,1869,91.22415266,0,0,1,1,0,9/21/2021 1:38,21544
16,3,10,1,222,230,1996,24.88414668,0,0,0,1,1,10/14/2020 16:25,9853
10,1,4,0,221,223,1747,53.63948737,0,1,1,1,0,4/6/2020 10:47,3304
19,2,4,1,230,238,1957,45.56783622,0,0,1,1,0,4/20/2021 19:45,16296
23,4,12,2,228,232,1613,28.67965162,0,1,0,0,0,12/3/2020 23:13,11575
15,2,9,1,223,226,1816,27.11188981,0,1,1,0,1,9/19/2023 15:38,46495
17,6,6,0,218,226,1576,51.81155401,1,1,1,0,0,6/4/2022 17:47,30334
14,2,1,0,231,238,1956,46.84923195,0,1,1,1,0,1/19/2021 14:25,13172
23,3,2,1,222,230,1560,87.46022002,1,0,0,1,1,2/26/2020 23:59,1953
16,4,8,2,237,237,1997,11.95753287,0,1,0,0,0,8/18/2022 16:04,32900
9,1,11,1,217,226,1539,32.72689166,0,0,0,0,1,11/2/2020 9:38,10494
1,3,2,1,223,225,1820,59.89140373,0,0,1,0,1,2/10/2021 1:31,13907
15,6,2,1,226,233,1924,90.88646631,0,1,1,0,1,2/20/2021 15:12,14269
16,4,9,1,231,239,1692,57.19043339,1,0,1,0,1,9/9/2021 16:19,21154
22,1,1,0,232,234,1674,21.58386513,0,1,1,1,0,1/20/2020 22:39,684
4,3,10,1,219,225,1974,56.50194792,0,0,1,0,0,10/4/2023 4:39,46993
9,3,11,1,224,233,1743,82.56125683,0,0,1,1,0,11/23/2022 9:52,36213
13,5,3,2,225,228,1822,50.68984274,0,1,0,1,1,3/4/2022 13:19,27177
9,3,5,2,226,232,1739,54.6218952,0,0,0,1,0,5/17/2023 9:09,42205
11,1,8,2,219,225,1511,61.44414443,1,0,0,1,0,8/16/2021 11:20,20325
7,3,8,1,220,223,1896,51.8875126,0,0,0,1,1,8/23/2023 7:41,45559
14,6,2,0,221,224,1539,29.85102308,1,1,1,0,0,2/11/2023 14:18,38959
3,7,10,2,223,225,1854,67.93323133,1,0,0,1,0,10/8/2023 3:57,47129
5,3,5,1,223,224,1635,76.66356766,0,0,0,0,1,5/20/2020 5:18,4803
9,5,9,1,225,233,1614,31.58123438,0,0,1,1,1,9/24/2021 9:31,21658
8,6,3,1,239,239,1864,37.25966027,1,0,0,0,1,3/6/2021 8:35,14739
1,6,12,1,223,226,1793,98.09469694,0,0,1,1,1,12/10/2022 1:20,36783
22,5,11,0,227,230,1904,78.55914602,1,1,1,0,1,11/12/2021 22:06,23354
5,5,5,1,223,232,1751,89.60899204,0,0,1,1,0,5/27/2022 5:09,30042
16,4,2,0,230,236,1799,48.26184235,1,1,1,1,1,2/6/2020 16:13,1257
14,4,11,2,220,225,1690,37.45969896,0,1,0,0,0,11/5/2020 14:01,10603
3,5,9,2,226,226,1953,27.59390067,0,1,0,1,0,9/16/2022 3:22,33875
18,3,1,0,230,235,1773,49.07655178,0,1,1,1,0,1/13/2021 18:57,12973
13,3,12,1,222,224,1594,16.73965863,1,0,0,0,1,12/8/2021 13:25,24232
0,3,5,1,234,236,1964,77.67985501,0,1,1,0,1,5/27/2020 0:35,5036
0,1,7,2,235,238,1930,43.10683856,1,0,0,0,0,7/17/2023 0:02,44281
16,3,8,1,231,239,1528,58.1715634,0,0,1,1,0,8/2/2023 16:54,44853
11,7,2,1,233,238,1908,43.84248542,0,0,1,0,1,2/7/2021 11:50,13819
20,2,3,2,225,226,1876,93.36975825,1,0,0,1,0,3/22/2022 20:01,27803
4,6,12,1,233,237,1512,22.98278354,1,0,0,0,1,12/12/2020 4:51,11857
5,3,10,2,236,236,1861,72.94862969,1,1,0,1,0,10/5/2022 5:00,34528
23,4,12,2,230,234,1706,33.72747544,0,0,0,1,0,12/23/2021 23:27,24760
4,2,7,0,229,233,1980,15.3453873,1,0,1,0,0,7/14/2020 4:14,6685
4,4,9,2,224,228,1853,66.75170508,1,0,0,0,0,9/17/2020 4:57,8912
21,7,5,2,231,235,1997,14.49316753,1,0,0,1,0,5/17/2020 21:14,4723
0,2,4,0,219,222,1541,85.6740958,1,1,1,0,0,4/12/2022 0:17,28494
20,6,5,2,218,224,1875,57.86634863,0,0,0,1,0,5/23/2020 20:12,4927
20,2,12,1,235,237,1563,18.9182907,1,0,0,1,1,12/22/2020 20:38,12222
2,6,2,1,218,227,1847,35.03333755,0,0,0,0,1,2/22/2020 2:57,1786
13,7,7,0,230,238,1771,60.74033794,1,1,1,1,1,7/23/2023 13:01,44505
9,3,5,2,220,224,1975,51.97782007,1,1,0,1,0,5/6/2020 9:49,4330
9,2,11,0,216,221,1749,27.09345874,1,1,1,0,1,11/22/2022 9:20,36178
16,4,9,0,228,230,1773,85.71517446,1,0,1,1,0,9/1/2022 16:28,33380
4,6,9,2,219,220,1623,92.73613973,1,1,0,1,1,9/2/2023 4:33,45897
22,5,1,1,222,222,1746,62.73689311,0,1,1,1,1,1/28/2022 22:51,25992
18,6,1,2,230,236,1907,76.53399378,0,0,0,1,0,1/25/2020 18:17,849
21,7,3,2,224,227,1818,86.15446095,0,1,0,1,1,3/7/2021 21:02,14791
7,2,8,1,222,223,1587,94.44673901,0,1,1,1,1,8/18/2020 7:19,7888
9,4,6,1,233,234,1819,80.26385944,0,0,0,0,1,6/1/2023 9:22,42719
19,5,3,2,225,234,1542,18.97841113,0,0,0,0,0,3/19/2021 19:40,15200
2,2,10,0,216,221,1602,97.13575158,0,1,1,0,0,10/3/2023 2:43,46956
5,1,5,2,217,226,1748,89.24236133,1,0,0,1,0,5/11/2020 5:27,4495
21,2,8,0,224,224,1795,54.54150118,0,1,1,0,0,8/15/2023 21:40,45305
9,4,7,2,225,227,1768,61.16395591,1,0,0,1,0,7/14/2022 9:29,31692
1,4,1,2,215,223,1700,33.48401691,0,1,0,0,1,1/20/2022 1:48,25688
0,2,1,1,225,233,1946,58.75701888,0,0,1,0,1,1/12/2021 0:54,12913
1,3,3,0,221,221,1566,78.30659143,0,1,1,1,0,3/30/2022 1:07,28050
12,6,12,1,234,237,1908,36.53275346,1,0,1,0,1,12/17/2022 12:02,37038
4,5,10,1,232,234,1681,39.25596078,1,0,1,1,1,10/22/2021 4:42,22610
16,2,9,2,225,225,1912,23.98541244,1,1,0,0,1,9/6/2022 16:18,33551
13,5,7,1,218,220,1575,50.58306272,0,1,1,0,1,7/8/2022 13:20,31492
1,2,6,0,235,236,1500,89.9691483,1,1,1,1,0,6/22/2021 1:53,18428
8,6,10,1,220,225,1688,75.24661372,0,1,1,0,1,10/3/2020 8:30,9465
14,5,9,2,221,226,1717,13.87183195,0,1,0,0,0,9/1/2023 14:32,45877
19,4,4,2,225,225,1739,59.52553368,1,0,0,1,0,4/13/2023 19:55,41056
11,5,2,2,226,228,1785,73.50228777,1,0,0,0,0,2/19/2021 11:52,14230
8,5,9,0,229,236,1534,40.06111932,1,1,1,1,1,9/18/2020 8:59,8952
13,7,1,1,221,228,1742,29.24109657,0,1,1,1,1,1/2/2022 13:19,25088
19,1,10,0,226,227,1591,23.53180594,0,1,1,1,0,10/18/2021 19:24,22494
8,7,3,1,220,225,1709,56.76476555,0,0,1,1,1,3/6/2022 8:04,27238
21,4,3,0,229,234,1518,63.93574174,1,1,1,1,1,3/18/2021 21:14,15168
9,1,4,1,220,224,1569,19.17968489,0,0,0,0,1,4/25/2022 9:58,28953
1,7,10,2,216,224,1500,23.38532372,1,1,0,1,0,10/24/2021 1:33,22674
8,2,5,2,225,233,1930,48.13387935,0,0,0,1,0,5/11/2021 8:26,16999
13,1,9,1,232,239,1654,69.38394772,0,0,1,0,0,9/5/2022 13:40,33513
5,2,5,2,237,238,1864,19.96602814,0,1,0,0,1,5/4/2021 5:26,16755
5,5,7,2,214,223,1849,40.64570481,0,1,0,0,1,7/2/2021 5:04,18775
6,6,10,2,224,226,1722,42.18170007,1,1,0,0,1,10/9/2021 6:14,22167
15,6,12,2,229,231,1588,90.22004691,1,1,0,0,0,12/10/2022 15:21,36803
12,3,10,2,220,228,1621,95.49870742,1,1,0,1,0,10/4/2023 12:21,47004
21,2,5,2,221,230,1743,14.91057162,0,0,0,1,0,5/18/2021 21:56,17258
13,2,11,0,223,230,1697,18.5405238,1,0,1,0,0,11/10/2020 13:10,10773
9,1,5,2,215,223,1689,15.91491733,1,1,0,1,1,5/18/2020 9:51,4741
20,2,1,0,217,226,1874,68.94815089,1,0,1,1,0,1/26/2021 20:13,13420
3,2,8,1,225,230,1792,20.8631292,1,0,1,0,1,8/24/2021 3:39,20588
5,4,11,0,222,224,1694,24.30178124,1,1,1,1,0,11/19/2020 5:18,11070
0,2,6,0,222,227,1898,56.02031238,1,1,1,1,1,6/30/2020 0:20,6200
3,5,10,1,219,223,1581,38.30880073,0,0,1,1,1,10/20/2023 3:17,47539
8,6,2,1,234,239,1983,23.33908128,0,0,1,0,1,2/29/2020 8:03,2033
14,7,1,2,218,224,1776,34.96322523,0,0,0,0,0,1/22/2023 14:15,38274
20,7,2,0,230,237,1662,27.28822816,1,1,1,1,1,2/5/2023 20:15,38762
13,4,10,1,229,234,1659,11.9273828,1,0,0,0,1,10/6/2022 13:56,34575
11,4,11,2,214,220,1778,57.67671602,0,0,0,0,0,11/11/2021 11:46,23305
3,7,6,1,220,225,1909,37.77502422,0,0,0,0,1,6/25/2023 3:50,43533
18,5,5,0,215,224,1589,85.78864937,1,1,1,1,0,5/19/2023 18:37,42287
11,4,5,1,219,228,1878,14.41553623,0,0,1,0,0,5/14/2020 11:14,4606
12,4,6,2,219,220,1827,86.70759605,1,0,0,1,0,6/29/2023 12:15,43682
6,6,4,2,220,229,1623,96.27083674,0,0,0,1,0,4/24/2021 6:27,16414
16,1,3,0,232,236,1658,49.15493648,1,1,1,0,0,3/7/2022 16:18,27284
0,1,11,0,217,222,1645,49.26394862,1,1,1,1,0,11/16/2020 0:55,10961
14,3,9,1,214,223,1864,55.99910432,1,0,0,0,1,9/20/2023 14:46,46528
10,6,11,2,229,232,1920,25.24292411,0,1,0,1,1,11/13/2021 10:43,23372
10,2,6,1,236,238,1754,39.10401868,1,0,0,1,1,6/8/2021 10:37,17961
20,3,6,1,229,231,1702,38.86314061,1,0,0,1,1,6/21/2023 20:38,43420
1,6,7,2,222,222,1527,19.12602726,0,0,0,0,0,7/22/2023 1:17,44454
14,2,6,1,222,225,1930,59.3985589,1,0,0,1,1,6/6/2023 14:49,42898
2,3,7,1,220,229,1539,72.70414711,0,1,1,0,1,7/22/2020 2:51,6957
22,5,6,1,229,233,1878,95.93175221,0,0,0,0,1,6/16/2023 22:12,43251
7,1,2,1,220,222,1591,50.39289575,0,1,1,0,1,2/21/2022 7:30,26792
6,7,9,1,222,222,1856,86.41116998,1,0,1,0,1,9/6/2020 6:08,8537
1,1,3,1,236,239,1643,87.0322656,0,0,0,1,1,3/23/2020 1:17,2811
15,1,11,1,230,232,1801,22.47490924,1,0,1,0,1,11/6/2023 15:47,48139
15,7,9,0,234,237,1576,91.48931297,1,1,1,1,0,9/12/2021 15:48,21256
3,5,8,2,216,222,1981,59.90920111,1,1,0,0,1,8/6/2021 3:57,19972
21,5,6,2,212,220,1769,76.55582579,0,1,0,0,1,6/10/2022 21:39,30545
3,6,8,0,214,222,1702,32.0522348,1,1,1,0,1,8/14/2021 3:58,20246
5,4,9,1,221,224,1746,82.58483592,0,1,1,0,1,9/14/2023 5:59,46310
8,5,12,1,219,225,1673,40.94645397,0,0,1,0,1,12/4/2020 8:19,11588
22,3,3,2,223,232,1862,51.72633827,1,1,0,0,0,3/30/2022 22:09,28080
13,3,12,1,235,235,1601,38.84098908,0,0,1,0,1,12/1/2021 13:55,23993
18,7,2,1,227,234,1644,70.79135996,0,1,1,1,1,2/20/2022 18:11,26773
4,6,2,2,239,239,1705,41.68066903,0,1,0,1,0,2/26/2022 4:32,26959
13,1,1,0,235,236,1917,94.70208192,1,0,1,0,0,1/3/2022 13:50,25123
3,3,11,0,233,233,1894,52.82473065,1,0,1,1,0,11/29/2023 3:24,48909
4,4,10,1,218,226,1994,76.92320698,0,0,1,0,0,10/26/2023 4:21,47746
0,1,7,1,223,228,1659,63.08339737,1,0,0,0,1,7/12/2021 0:33,19111
1,5,7,1,223,226,1903,51.58180092,1,0,0,0,1,7/3/2020 1:13,6304
7,6,1,2,232,232,1513,62.12614688,0,1,0,0,1,1/4/2020 7:53,115
16,5,2,0,225,231,1526,75.95917181,1,0,1,1,0,2/4/2022 16:02,26222
12,1,4,0,218,226,1881,94.973378,1,1,1,0,0,4/26/2021 12:25,16491
6,6,1,1,224,225,1846,87.01972618,0,0,1,1,0,1/8/2022 6:40,25284
22,1,3,0,226,227,1696,39.99630627,0,1,1,0,0,3/9/2020 22:37,2362
7,2,8,1,234,236,1817,40.79838083,1,0,0,0,1,8/24/2021 7:09,20593
1,3,5,0,218,225,1537,95.74596758,1,1,1,1,0,5/27/2020 1:17,5037
23,5,9,2,230,231,1576,85.85229233,1,0,0,0,0,9/15/2023 23:20,46369
7,6,2,2,219,225,1777,72.82182812,1,1,0,1,1,2/11/2023 7:18,38949
10,3,7,2,226,227,1972,10.70245458,0,1,0,1,0,7/20/2022 10:33,31899
22,6,4,0,214,223,1747,68.29911934,1,0,1,0,0,4/1/2023 22:41,40649
19,7,11,0,222,226,1552,50.23087429,0,1,1,0,0,11/21/2021 19:51,23659
6,7,11,1,222,227,1607,71.67241096,0,0,1,0,0,11/22/2020 6:53,11175
0,1,8,1,218,227,1750,57.56319558,1,0,1,0,1,8/1/2022 0:05,32295
12,1,3,1,222,226,1795,13.40167582,0,1,1,0,1,3/7/2022 12:48,27279
3,7,10,0,228,230,1990,21.65852355,1,1,1,1,1,10/18/2020 3:06,9971
19,6,8,2,229,233,1658,92.66889221,0,1,0,0,0,8/13/2022 19:02,32733
2,4,8,2,214,221,1972,82.73727109,1,0,0,0,0,8/19/2021 2:25,20415
15,5,7,1,235,235,1962,55.46514694,1,0,1,1,1,7/23/2021 15:28,19509
11,5,7,0,231,234,1888,98.78016259,1,1,1,0,1,7/24/2020 11:37,7038
1,2,1,2,235,238,1658,31.57301448,0,1,0,1,0,1/17/2023 1:48,38085
17,3,2,2,221,223,1759,80.80711472,1,1,0,1,0,2/17/2021 17:50,14170
23,2,11,0,223,232,1703,42.49357521,1,0,1,0,0,11/23/2021 23:01,23732
4,2,10,2,229,234,1887,44.70872503,0,1,0,1,1,10/31/2023 4:12,47917
18,1,10,0,218,222,1975,13.49516528,1,1,1,1,0,10/31/2022 18:02,35437
11,5,5,0,228,229,1761,63.91196786,1,0,1,1,0,5/8/2020 11:34,4401
6,5,6,2,220,227,1899,86.78213903,0,1,0,0,0,6/17/2022 6:26,30763
15,3,2,2,232,236,1746,18.10369496,0,0,0,1,0,2/22/2023 15:13,39337
0,7,2,1,230,232,1694,69.89026819,0,0,1,1,1,2/12/2023 0:07,38973
4,1,3,1,216,222,1901,46.00089984,1,0,0,0,1,3/6/2023 4:44,39733
13,6,1,0,227,228,1646,69.40205314,1,1,1,0,1,1/22/2022 13:22,25773
16,2,7,1,223,227,1657,26.87047978,0,0,1,1,1,7/13/2021 16:30,19168
7,4,2,2,223,227,1537,79.22435991,0,1,0,1,0,2/6/2020 7:48,1245
6,2,12,0,215,220,1556,52.21088971,1,1,1,1,0,12/8/2020 6:14,11722
13,2,1,2,234,235,1995,48.56212696,1,1,0,0,0,1/19/2021 13:43,13171
22,5,2,2,221,223,1697,66.17018009,0,1,0,1,1,2/7/2020 22:21,1300
8,2,7,2,220,229,1521,80.83578628,0,1,0,1,0,7/13/2021 8:47,19157
12,7,3,2,233,237,1947,65.708196,1,1,0,0,0,3/14/2021 12:07,15018
17,1,11,2,237,237,1589,89.58968655,0,0,0,0,0,11/16/2020 17:02,10984
18,2,5,2,232,237,1544,81.75189565,1,1,0,1,0,5/3/2022 18:24,29239
4,4,7,2,227,235,1722,22.24289963,0,1,0,1,0,7/1/2021 4:33,18740
1,6,6,1,231,234,1728,92.92054768,1,0,1,1,1,6/25/2022 1:33,31030
7,3,1,2,229,236,1777,26.58137511,0,1,0,0,0,1/25/2023 7:25,38367
6,2,11,1,221,224,1701,79.64131332,1,0,1,1,1,11/8/2022 6:09,35694
15,1,1,0,219,220,1571,36.3548126,1,0,1,0,0,1/6/2020 15:15,194
22,3,10,2,227,227,1529,19.69275922,1,1,0,0,1,10/25/2023 22:03,47737
11,4,9,1,230,236,1969,46.16988745,1,0,0,0,1,9/22/2022 11:27,34092
10,2,10,0,232,237,1881,69.16962828,0,1,1,0,0,10/31/2023 10:30,47926
4,7,12,1,232,234,1979,56.51706389,0,0,1,0,0,12/5/2021 4:49,24117
3,4,9,1,235,238,1773,87.91464982,0,0,0,1,1,9/2/2021 3:30,20896
0,5,2,1,221,227,1840,86.6098928,0,0,0,0,1,2/17/2023 0:39,39145
8,2,2,2,225,231,1723,61.00680665,1,1,0,1,1,2/16/2021 8:53,14123
12,2,7,0,231,238,1963,21.13182668,0,1,1,1,0,7/13/2021 12:59,19163
21,4,11,1,228,237,1956,75.80175336,1,0,0,1,1,11/11/2021 21:34,23319
12,1,11,1,229,232,1593,39.43816962,1,0,0,1,1,11/27/2023 12:09,48853
12,7,10,0,215,220,1525,57.44712702,1,1,1,1,1,10/16/2022 12:13,34915
1,2,6,1,216,220,1936,23.92644615,0,0,1,1,0,6/14/2022 1:21,30653
8,6,9,2,233,238,1614,64.77454129,0,1,0,1,1,9/2/2023 8:03,45902
23,7,10,1,228,237,1624,76.7146371,0,0,1,0,0,10/11/2020 23:14,9760
9,1,7,0,222,224,1787,21.58338437,1,0,1,0,0,7/25/2022 9:42,32069
3,4,1,1,211,220,1657,45.96199417,0,0,1,0,0,1/23/2020 3:13,759
1,7,8,1,218,226,1657,13.24915213,0,1,1,1,1,8/28/2022 1:02,33221
14,6,6,2,220,225,1513,58.41400561,0,0,0,1,0,6/20/2020 14:41,5878
5,5,6,1,229,234,1927,86.38451333,1,0,0,0,1,6/30/2023 5:46,43707
21,1,5,1,226,229,1892,20.80717029,0,0,1,1,0,5/11/2020 21:34,4518
3,5,2,1,215,224,1609,64.68902265,0,0,0,0,1,2/24/2023 3:39,39389
14,2,9,0,228,232,1534,81.67217654,1,0,1,1,0,9/1/2020 14:43,8378
7,7,7,2,217,226,1508,73.77566763,0,0,0,0,0,7/26/2020 7:04,7100
11,5,12,1,228,234,1958,25.17050052,1,0,1,1,1,12/30/2022 11:54,37483
5,2,5,0,228,233,1687,93.18860057,1,1,1,1,0,5/11/2021 5:38,16995
0,5,11,2,236,237,1597,61.0462116,1,1,0,1,0,11/4/2022 0:32,35549
22,3,10,1,227,229,1801,29.26832944,0,0,0,1,1,10/25/2023 22:45,47738
23,3,8,1,229,230,1843,66.68846293,0,1,1,0,1,8/4/2021 23:13,19931
12,4,9,1,223,225,1766,77.28305574,0,0,1,1,1,9/23/2021 12:30,21628
20,3,11,0,233,234,1606,46.97396313,1,1,1,0,0,11/3/2021 20:09,23043
15,2,11,1,225,227,1892,96.67686079,0,0,1,1,1,11/1/2022 15:04,35467
4,3,4,1,219,226,1603,74.76860032,0,0,1,0,0,4/1/2020 4:38,3124
7,5,9,1,224,231,1913,65.71933133,1,0,0,1,1,9/30/2022 7:16,34360
16,6,6,1,223,224,1949,38.78468883,0,0,0,1,1,6/10/2023 16:13,43037
22,2,11,1,225,227,1963,78.35832334,1,0,0,0,1,11/8/2022 22:58,35718
16,7,5,0,225,228,1972,67.68212395,0,1,1,1,0,5/10/2020 16:08,4476
21,6,7,1,228,230,1753,52.4398429,0,1,1,0,1,7/25/2020 21:58,7087
16,1,4,2,232,234,1837,18.05410449,0,1,0,1,0,4/24/2023 16:37,41428
8,6,4,1,228,228,1961,65.81950732,1,0,1,0,1,4/1/2023 8:40,40629
15,4,3,2,230,238,1960,30.67147375,0,0,0,1,0,3/9/2023 15:26,39851
14,6,7,1,220,221,1643,16.8912704,0,1,1,0,1,7/31/2021 14:48,19782
2,4,10,1,218,222,1935,57.42411047,0,0,0,0,1,10/20/2022 2:25,35038
3,1,10,0,234,236,1887,62.50183438,0,1,1,1,0,10/12/2020 3:26,9766
17,2,6,2,238,238,1533,70.32788601,0,1,0,1,0,6/7/2022 17:16,30436
7,7,5,1,224,224,1982,39.33029348,0,0,0,0,1,5/8/2022 7:01,29394
5,2,5,1,228,229,1792,15.88310573,0,0,0,1,1,5/26/2020 5:40,5009
7,6,7,2,216,222,1588,67.78828236,1,1,0,0,0,7/18/2020 7:45,6827
4,2,6,1,230,231,1762,80.96492945,0,0,1,1,1,6/23/2020 4:21,5966
21,3,3,2,228,236,1603,71.64310987,0,0,0,0,0,3/2/2022 21:22,27120
11,5,5,1,229,232,1708,35.61926067,0,0,1,0,1,5/28/2021 11:48,17586
15,1,3,1,234,238,1906,38.70178717,0,0,1,1,1,3/6/2023 15:15,39748
21,1,6,2,232,238,1631,94.61431583,1,1,0,0,0,6/15/2020 21:51,5717
11,5,1,0,231,239,1570,13.34131901,1,1,1,1,1,1/22/2021 11:48,13271
13,2,3,0,218,222,1690,47.59594865,1,0,1,1,0,3/29/2022 13:55,28034
5,2,6,2,216,224,1751,97.84803717,0,0,0,1,0,6/27/2023 5:35,43604
20,4,5,1,232,239,1777,32.12117662,0,0,1,1,0,5/6/2021 20:30,16845
1,6,5,0,220,228,1961,73.84582755,1,1,1,1,0,5/6/2023 1:56,41818
6,7,8,2,224,224,1673,96.47549515,1,1,0,0,1,8/13/2023 6:36,45215
3,1,7,1,231,236,1858,92.56603482,0,0,1,1,1,7/31/2023 3:14,44765
17,4,4,2,230,234,1610,18.20711388,0,1,0,0,0,4/8/2021 17:37,15882
4,5,5,2,220,228,1720,49.77864995,1,1,0,0,0,5/5/2023 4:54,41788
12,5,12,2,235,236,1814,82.84605163,1,1,0,0,0,12/3/2021 12:53,24060
6,5,4,2,221,229,1845,13.04174989,1,1,0,1,0,4/17/2020 6:05,3674
8,6,4,0,223,226,1769,73.21805911,1,1,1,0,0,4/16/2022 8:42,28643
21,7,1,1,227,227,1900,39.22161532,1,0,1,0,1,1/9/2022 21:55,25340
21,3,12,2,225,230,1563,75.5909292,1,1,0,1,0,12/15/2021 21:19,24483
4,4,2,0,222,227,1952,24.95135254,1,0,1,1,0,2/24/2022 4:11,26890
4,6,4,2,232,238,1974,35.63761461,1,0,0,1,0,4/30/2022 4:12,29116
12,3,12,1,225,231,1889,14.57956353,0,1,1,1,1,12/29/2021 12:36,24950
17,6,4,1,229,238,1990,74.45621472,1,0,0,0,1,4/17/2021 17:28,16190
0,6,12,0,222,223,1764,76.95226694,1,0,1,0,0,12/3/2022 0:26,36542
21,3,7,2,234,236,1864,65.41118204,0,1,0,1,1,7/5/2023 21:44,43901
23,4,10,2,224,226,1940,18.88737139,0,1,0,1,0,10/19/2023 23:05,47533
2,5,8,2,226,230,1839,81.55615174,1,1,0,1,0,8/27/2021 2:26,20689
6,1,3,0,227,234,1533,92.02224657,1,1,1,0,1,3/27/2023 6:01,40454
16,4,10,1,228,229,1556,43.26284382,1,0,1,0,1,10/19/2023 16:47,47524
17,4,8,2,227,229,1836,94.31280278,0,1,0,1,1,8/12/2021 17:38,20197
16,6,7,1,220,220,1883,20.01277823,0,0,0,0,1,7/15/2023 16:30,44236
5,4,10,2,233,233,1567,89.27886494,0,0,0,1,0,10/14/2021 5:22,22337
7,6,1,0,228,236,1839,95.54434172,0,1,1,1,0,1/15/2022 7:34,25525
21,7,4,2,229,238,1719,78.9222346,0,1,0,1,0,4/17/2022 21:09,28695
20,3,11,2,223,227,1897,40.25187722,1,0,0,0,0,11/25/2020 20:23,11297
11,7,9,1,228,231,1881,83.91277878,0,0,0,0,1,9/26/2021 11:59,21730
6,1,12,1,221,229,1981,42.9686762,1,0,1,0,1,12/21/2020 6:48,12168
19,7,8,2,218,226,1592,42.03258602,0,1,0,0,0,8/13/2023 19:13,45233
4,7,11,1,218,222,1629,23.34318342,1,0,1,0,1,11/12/2023 4:56,48329
23,2,8,0,227,234,1754,82.66009967,0,1,1,1,0,8/29/2023 23:28,45787
0,4,6,0,232,233,1773,14.05450073,1,1,1,0,0,6/3/2021 0:16,17775
17,4,8,1,229,237,1715,88.92287938,0,0,1,1,1,8/17/2023 17:07,45367
2,3,9,2,221,229,1994,83.31301041,1,1,0,1,0,9/23/2020 2:31,9114
2,1,6,1,233,237,1948,88.86938947,1,0,0,1,1,6/28/2021 2:58,18635
20,4,4,1,227,229,1892,33.67494294,0,0,0,0,1,4/28/2022 20:39,29071
1,1,5,0,217,222,1647,97.38245347,1,1,1,1,1,5/22/2023 1:17,42365
18,6,6,0,221,225,1511,84.96750978,0,1,1,0,0,6/25/2022 18:22,31054
7,7,9,2,228,231,1657,64.49852979,0,1,0,0,0,9/5/2021 7:53,21005
10,7,6,0,222,231,1885,21.20013877,0,1,1,0,0,6/14/2020 10:48,5667
16,3,5,0,228,234,1805,85.3554569,1,1,1,1,0,5/13/2020 16:19,4579
16,3,2,1,235,237,1803,85.13323029,1,0,0,0,1,2/17/2021 16:25,14168
5,5,6,2,214,221,1616,36.94862941,1,1,0,0,0,6/17/2022 5:02,30761
22,5,6,1,225,225,1941,42.19967041,1,0,0,1,1,6/4/2021 22:31,17841
23,1,11,2,234,235,1664,22.45293756,1,0,0,1,0,11/30/2020 23:02,11472
4,5,10,1,221,225,1890,99.30035731,0,0,1,0,0,10/27/2023 4:11,47780
6,3,2,0,234,239,1590,96.84277654,1,1,1,1,0,2/9/2022 6:46,26380
7,2,7,2,224,228,1769,57.63887018,1,0,0,0,0,7/5/2022 7:32,31381
21,4,7,1,230,236,1983,75.36562342,0,0,1,1,1,7/9/2020 21:55,6539
16,6,6,0,232,232,1848,36.86497833,1,1,1,0,1,6/25/2022 16:16,31051
22,6,2,0,234,239,1800,74.22683681,1,0,1,0,0,2/26/2022 22:03,26984
17,3,11,0,218,220,1622,51.90705728,0,1,1,0,0,11/30/2022 17:46,36464
0,1,2,2,221,228,1962,24.61193318,0,1,0,1,0,2/22/2021 0:51,14317
3,1,6,2,217,226,1669,28.50775222,1,1,0,1,0,6/7/2021 3:04,17916
4,7,6,1,238,238,1759,80.34259882,1,0,1,0,1,6/6/2021 4:39,17884
12,5,9,1,221,224,1528,36.96722274,0,1,1,0,1,9/15/2023 12:49,46354
5,1,9,0,217,225,1883,25.44243471,1,0,1,1,0,9/12/2022 5:27,33741
22,1,10,1,230,233,1999,77.29310374,0,0,1,1,1,10/3/2022 22:10,34484
18,2,8,0,228,235,1514,11.9888572,1,0,1,1,0,8/25/2020 18:43,8144
1,3,10,2,231,234,1894,81.49238319,1,1,0,1,0,10/11/2023 1:20,47228
10,3,12,1,216,225,1727,16.54373546,0,0,1,0,1,12/22/2021 10:18,24707
10,2,1,0,215,223,1825,98.42911294,0,1,1,1,0,1/25/2022 10:03,25871
8,2,12,1,232,234,1547,91.19843673,0,1,1,0,1,12/6/2022 8:20,36656
1,5,7,0,222,231,1912,58.0704481,1,1,1,0,1,7/22/2022 1:06,31954
12,4,7,1,224,229,1940,67.58937403,0,1,1,1,1,7/29/2021 12:20,19710
7,2,4,0,220,223,1843,16.52597328,1,0,1,0,0,4/14/2020 7:18,3573
11,2,2,1,227,231,1845,50.92554572,0,0,1,1,1,2/4/2020 11:39,1182
16,3,8,1,217,221,1553,27.56530886,1,0,0,0,1,8/11/2021 16:24,20161
4,1,11,2,220,226,1885,50.52286754,0,1,0,1,0,11/20/2023 4:15,48602
10,6,1,0,228,230,1780,15.63383269,1,1,1,0,1,1/2/2021 10:20,12584
10,6,6,0,225,229,1631,98.09135893,1,1,1,1,0,6/6/2020 10:47,5393
4,1,5,1,225,225,1768,93.15393025,0,0,1,0,1,5/18/2020 4:15,4733
12,2,12,1,218,222,1632,50.79367665,0,0,1,1,1,12/1/2020 12:21,11491
3,1,11,1,221,229,1534,85.49500801,0,0,1,1,0,11/7/2022 3:31,35656
4,5,7,1,220,222,1702,77.7728895,0,1,1,0,1,7/8/2022 4:55,31480
21,6,10,0,218,224,1686,75.58272207,0,1,1,1,0,10/24/2020 21:00,10202
19,6,11,0,218,220,1538,43.72836479,1,0,1,0,0,11/26/2022 19:52,36330
13,2,10,0,222,222,1545,42.87000756,1,1,1,1,0,10/11/2022 13:04,34745
4,2,8,1,221,224,1821,87.33663992,0,0,0,1,1,8/25/2020 4:42,8124
2,3,7,0,220,227,1634,60.14538503,0,1,1,1,0,7/6/2022 2:27,31408
16,2,2,2,215,221,1608,53.64598154,0,0,0,0,0,2/11/2020 16:03,1428
17,6,1,0,225,229,1839,10.93079199,1,1,1,0,0,1/1/2022 17:41,25060
1,7,3,1,219,220,1503,85.91723024,1,0,1,0,1,3/1/2020 1:34,2058
8,2,3,1,220,221,1887,83.87543504,0,0,1,0,1,3/16/2021 8:58,15082
18,3,4,2,222,231,1523,81.06060346,0,0,0,0,0,4/1/2020 18:39,3144
21,7,7,2,214,221,1841,35.017848,0,1,0,0,0,7/26/2020 21:05,7120
17,3,1,1,224,233,1810,70.87715838,1,0,1,1,1,1/29/2020 17:36,985
0,1,6,0,225,226,1924,17.75884668,1,1,1,0,0,6/6/2022 0:37,30378
6,6,6,0,228,230,1769,68.92154484,1,0,1,1,0,6/18/2022 6:16,30797
20,2,6,1,234,235,1810,13.33537305,1,0,0,0,1,6/9/2020 20:05,5509
4,4,7,0,219,226,1526,75.37977957,0,1,1,0,0,7/13/2023 4:56,44151
23,6,9,0,233,238,1571,46.08595948,1,1,1,0,1,9/4/2021 23:29,20993
8,7,3,1,216,222,1760,63.38891366,0,0,0,0,1,3/14/2021 8:37,15013
8,1,4,1,217,224,1717,46.31733343,1,0,0,1,1,4/4/2022 8:40,28232
23,1,8,2,224,227,1698,12.1442236,0,1,0,1,0,8/29/2022 23:59,33288
8,6,12,1,228,237,1972,44.62188453,1,0,1,1,1,12/3/2022 8:51,36554
16,3,8,1,222,231,1679,44.45934965,1,0,1,0,1,8/3/2022 16:33,32387
9,1,8,1,228,237,1872,34.1929131,0,0,1,1,1,8/8/2022 9:23,32548
6,6,9,1,234,236,1705,59.28909667,0,0,1,0,0,9/17/2022 6:00,33913
3,5,4,2,216,225,1563,37.10274052,1,1,0,1,1,4/8/2022 3:47,28362
19,3,12,0,230,238,1606,28.84680771,1,1,1,0,0,12/8/2021 19:43,24241
8,6,1,1,225,229,1687,26.95551212,0,0,1,0,1,1/1/2022 8:35,25047
21,2,12,2,226,233,1949,27.0302233,0,0,0,0,0,12/13/2022 21:50,36915
17,3,1,1,227,235,1945,63.31431725,1,0,0,1,1,1/27/2021 17:56,13451
3,5,8,0,213,222,1532,36.5680047,1,1,1,1,1,8/21/2020 3:59,7986
0,4,5,2,218,225,1601,53.8053559,0,1,0,1,1,5/26/2022 0:25,30001
13,5,8,1,231,232,1959,25.17222357,0,0,1,1,1,8/5/2022 13:24,32451
4,3,9,2,229,234,1707,94.66815314,1,1,0,1,0,9/9/2020 4:13,8637
1,3,5,0,216,223,1666,72.33777588,1,1,1,0,0,5/11/2022 1:36,29489
4,6,7,2,235,238,1984,16.07055208,1,1,0,0,1,7/10/2021 4:24,19048
0,3,4,1,212,220,1503,87.75969907,0,0,1,0,0,4/8/2020 0:37,3358
22,6,1,2,234,235,1887,81.06155956,1,0,0,0,0,1/9/2021 22:27,12841
16,5,7,2,221,224,1875,97.11222335,1,0,0,1,0,7/23/2021 16:10,19510
15,3,10,2,225,234,1651,93.54224474,1,1,0,0,1,10/21/2020 15:12,10091
6,2,10,0,230,237,1976,58.83807064,1,1,1,1,1,10/3/2023 6:13,46961
23,7,11,2,221,229,1986,61.33481857,1,0,0,0,0,11/26/2023 23:33,48835
13,1,11,2,227,235,1697,20.55351957,0,0,0,0,0,11/7/2022 13:20,35670
10,4,11,1,231,231,1702,89.14058398,0,0,1,0,0,11/19/2020 10:55,11078
7,6,7,2,229,238,1701,51.00130373,1,1,0,1,1,7/4/2020 7:21,6347
14,2,4,2,231,235,1990,57.36656025,0,1,0,1,0,4/12/2022 14:18,28514
12,1,2,2,228,232,1952,10.39774832,1,0,0,0,0,2/17/2020 12:13,1628
1,3,8,1,228,228,1632,36.63482885,1,0,0,1,1,8/3/2022 1:08,32365
18,4,1,0,218,223,1552,32.65459267,1,1,1,1,0,1/30/2020 18:07,1020
12,6,4,1,216,223,1754,17.79652271,0,0,1,0,0,4/4/2020 12:32,3238
5,3,3,0,227,231,1830,42.88341519,0,1,1,1,0,3/1/2023 5:36,39563
11,2,1,2,227,229,1528,17.75150244,1,1,0,0,0,1/21/2020 11:58,703
3,7,10,1,217,225,1967,31.95061168,0,0,1,0,0,10/2/2022 3:25,34423
9,5,12,0,235,237,1742,66.00476457,1,1,1,1,0,12/3/2021 9:22,24055
0,3,10,2,230,238,1787,40.58767049,1,1,0,1,1,10/5/2022 0:48,34522
11,7,11,2,219,222,1920,97.84809824,1,1,0,1,0,11/22/2020 11:06,11181
2,1,6,1,220,221,1556,29.04338374,1,0,0,0,1,6/13/2022 2:13,30620
21,5,9,2,237,238,1696,14.41008079,0,1,0,1,0,9/25/2020 21:47,9210
1,5,6,2,211,220,1938,60.26865647,1,0,0,0,0,6/5/2020 1:51,5346
14,3,5,1,236,239,1574,87.81500378,1,0,0,0,1,5/6/2020 14:43,4337
7,4,4,2,227,236,1789,58.95558438,0,0,0,0,0,4/22/2021 7:30,16347
5,6,6,0,228,234,1978,41.44740114,1,1,1,1,0,6/12/2021 5:43,18091
19,5,9,2,237,239,1683,10.33105332,0,1,0,0,0,9/30/2022 19:53,34378
15,2,2,1,230,230,1750,88.59166115,1,0,1,1,1,2/7/2023 15:42,38824
4,6,3,1,237,239,1615,54.56938635,1,0,0,1,1,3/5/2022 4:02,27198
1,6,1,2,232,236,1612,88.98620713,1,1,0,0,1,1/9/2021 1:25,12811
18,5,7,1,226,232,1827,34.72531606,1,0,1,0,1,7/24/2020 18:38,7048
8,3,9,1,229,238,1847,85.05269505,0,0,0,1,1,9/13/2023 8:58,46280
4,5,1,2,228,234,1779,62.67345908,0,1,0,0,1,1/20/2023 4:05,38191
2,3,9,1,219,226,1579,37.02429836,1,0,0,1,1,9/14/2022 2:19,33805
10,1,5,2,221,221,1770,72.18401211,0,0,0,1,0,5/31/2021 10:35,17687
6,6,8,1,225,229,1788,24.04087077,1,0,1,1,1,8/1/2020 6:02,7304
23,3,4,0,234,237,1969,96.62430978,1,1,1,0,1,4/29/2020 23:38,4110
10,6,3,1,230,239,1723,73.23078716,0,0,1,0,0,3/21/2020 10:44,2756
10,3,6,1,215,224,1795,55.64740046,1,0,1,1,1,6/17/2020 10:17,5769
20,6,12,2,227,231,1551,48.94545976,0,1,0,0,1,12/24/2022 20:39,37290
18,7,10,0,234,236,1573,78.69039784,0,1,1,1,0,10/25/2020 18:43,10233
16,7,11,2,218,227,1794,16.44789584,1,1,0,1,1,11/19/2023 16:20,48585
5,6,1,1,221,227,1835,24.67837983,0,0,1,1,0,1/21/2023 5:18,38227
13,4,8,1,217,220,1854,91.38882569,1,0,1,1,1,8/3/2023 13:56,44883
11,4,4,1,223,227,1969,59.18176349,1,0,1,0,1,4/15/2021 11:30,16113
14,5,8,2,223,225,1617,18.24655536,0,1,0,1,1,8/28/2020 14:42,8241
5,4,3,2,220,227,1716,90.30276198,0,0,0,1,0,3/4/2021 5:26,14666
14,6,7,2,224,230,1756,96.4867906,1,1,0,1,0,7/15/2023 14:24,44233
23,6,4,1,225,234,1661,66.70268489,0,0,1,1,0,4/11/2020 23:14,3493
5,4,9,1,228,237,1768,22.22467513,1,0,0,1,1,9/21/2023 5:29,46549
19,4,10,2,221,228,1865,17.72723903,1,0,0,0,0,10/13/2022 19:44,34823
14,1,1,1,235,238,1788,67.4250141,0,0,1,1,1,1/18/2021 14:35,13138
21,3,1,1,222,223,1723,88.01045354,0,0,1,0,1,1/18/2023 21:15,38147
0,5,1,2,238,239,1736,14.90727169,0,1,0,0,1,1/3/2020 0:21,70
18,2,2,2,223,223,1769,96.52629511,0,1,0,1,0,2/11/2020 18:51,1432
10,5,6,2,232,232,1609,17.39693345,0,1,0,0,1,6/4/2021 10:36,17824
17,2,3,2,230,230,1695,64.56624554,0,1,0,0,0,3/7/2023 17:11,39785
6,5,2,2,217,221,1802,53.90468596,0,0,0,1,0,2/7/2020 6:56,1278
20,4,12,2,220,227,1527,22.93491275,0,1,0,1,1,12/17/2020 20:06,12050
14,1,9,0,221,230,1775,23.13863904,1,1,1,1,0,9/11/2023 14:13,46219
9,7,7,1,219,227,1890,94.90147026,1,0,1,0,1,7/3/2022 9:17,31315
9,4,10,0,221,226,1681,92.75932042,0,1,1,1,0,10/8/2020 9:44,9638
2,5,2,1,221,223,1890,29.47987486,0,0,1,0,0,2/26/2021 2:58,14457
11,5,11,1,230,237,1664,54.31673407,0,0,0,0,1,11/27/2020 11:38,11353
11,5,4,1,225,226,1755,94.87505819,1,0,0,1,1,4/29/2022 11:22,29092
22,2,1,2,217,221,1830,25.47800944,0,1,0,1,1,1/31/2023 22:30,38594
4,1,1,0,235,235,1856,42.75232577,1,1,1,0,0,1/24/2022 4:37,25829
21,4,11,2,235,235,1833,10.25262739,0,1,0,0,1,11/3/2022 21:01,35544
22,7,9,2,222,229,1690,96.36897502,1,1,0,0,1,9/27/2020 22:09,9279
5,1,6,1,228,233,1787,24.21081869,0,1,1,0,1,6/13/2022 5:43,30625
5,4,8,2,220,224,1924,33.395477,1,1,0,0,1,8/13/2020 5:22,7714
16,4,6,1,224,230,1521,18.72591184,0,0,0,0,1,6/16/2022 16:25,30743
23,2,3,2,230,238,1584,41.55332327,0,1,0,0,0,3/2/2021 23:18,14623
20,5,6,1,227,233,1781,15.46065013,0,1,1,0,1,6/19/2020 20:27,5852
18,4,8,1,228,237,1539,21.23193156,1,0,1,0,1,8/17/2023 18:31,45369
10,5,2,1,226,232,1917,98.29418583,0,0,0,1,1,2/19/2021 10:28,14228
16,2,2,2,227,234,1871,81.21767207,0,1,0,0,0,2/8/2022 16:45,26360
20,7,7,0,218,224,1720,96.80366618,1,1,1,0,0,7/12/2020 20:00,6639
10,3,1,1,222,231,1644,19.35875591,0,0,1,0,0,1/20/2021 10:44,13201
21,7,1,1,224,225,1824,30.26763558,1,0,1,1,1,1/24/2021 21:58,13354
12,4,12,1,224,230,1963,73.95742604,0,0,1,1,0,12/2/2021 12:21,24025
20,7,11,0,228,234,1826,60.92082425,0,1,1,1,0,11/26/2023 20:02,48830
2,7,7,1,227,229,1942,98.64258653,0,0,1,0,0,7/19/2020 2:40,6854
20,2,7,0,223,228,1982,36.93024403,1,1,1,0,1,7/14/2020 20:21,6708
2,7,7,2,225,234,1997,46.68526878,0,1,0,0,1,7/9/2023 2:49,44011
4,6,12,1,230,230,1868,80.65889471,0,1,1,0,1,12/24/2022 4:32,37267
15,7,7,1,238,239,1885,41.03349837,0,0,1,0,1,7/11/2021 15:26,19098
13,4,2,2,226,234,1505,49.52124319,1,1,0,0,1,2/3/2022 13:24,26184
21,6,5,2,230,231,1734,14.38266208,0,1,0,0,1,5/28/2022 21:48,30100
21,1,2,0,220,224,1946,70.3584947,1,1,1,0,0,2/1/2021 21:59,13628
8,4,1,2,223,230,1633,26.9149844,0,1,0,0,0,1/5/2023 8:04,37683
16,7,8,0,226,227,1686,96.78733126,1,1,1,0,1,8/2/2020 16:23,7353
0,1,4,2,227,227,1561,48.70556212,0,0,0,1,0,4/3/2023 0:37,40686
22,5,1,1,221,226,1883,78.9453466,1,0,0,0,1,1/22/2021 22:18,13286
23,2,9,1,232,237,1520,34.66577011,1,0,1,1,1,9/14/2021 23:09,21335
8,2,1,2,217,225,1856,12.346536,1,1,0,0,1,1/7/2020 8:04,218
23,3,7,0,219,225,1829,84.68139975,1,1,1,0,0,7/5/2023 23:08,43903
16,5,8,0,218,221,1808,87.49891182,0,1,1,1,0,8/11/2023 16:45,45161
15,7,6,0,218,227,1868,52.58540841,1,1,1,0,0,6/18/2023 15:33,43310
23,4,5,2,222,231,1540,21.66886964,1,1,0,1,1,5/28/2020 23:33,5103
9,5,5,2,238,238,1832,60.72781739,1,1,0,0,1,5/5/2023 9:49,41795
21,1,10,1,222,230,1834,74.39374368,0,0,1,0,1,10/11/2021 21:19,22257
10,1,6,1,221,228,1591,47.55969975,0,0,1,0,0,6/7/2021 10:05,17926
22,5,4,0,224,226,1938,31.08804906,0,1,1,0,0,4/8/2022 22:42,28389
13,1,8,2,216,223,1886,78.46549013,0,1,0,0,0,8/14/2023 13:26,45259
18,3,1,0,229,237,1673,61.98243865,1,1,1,0,0,1/11/2023 18:57,37904
11,4,3,2,229,231,1780,14.56044766,1,1,0,0,0,3/12/2020 11:35,2449
12,4,9,1,218,224,1581,93.6633567,0,0,1,0,0,9/7/2023 12:48,46080
16,4,8,1,229,237,1643,87.99076446,0,1,1,1,1,8/3/2023 16:44,44887
1,7,9,0,230,238,1610,49.35477126,1,1,1,0,1,9/3/2023 1:35,45927
9,6,4,1,237,239,1705,23.27413519,1,0,1,1,1,4/11/2020 9:55,3474
8,3,10,1,234,238,1719,97.94292268,0,1,1,1,1,10/4/2023 8:51,46999
10,4,4,2,233,235,1781,83.9923023,1,1,0,1,1,4/7/2022 10:58,28338
7,6,11,1,226,228,1831,44.77747892,1,0,0,0,1,11/4/2023 7:01,48058
20,3,11,2,226,229,1730,23.15738918,1,1,0,0,0,11/8/2023 20:20,48214
1,2,5,1,238,239,1812,71.17784905,0,0,0,0,1,5/23/2023 1:06,42399
15,6,1,1,226,235,1945,26.81541913,0,1,1,1,1,1/28/2023 15:19,38481
11,6,7,2,236,238,1969,48.58438578,0,1,0,1,1,7/3/2021 11:13,18818
9,7,10,2,224,227,1551,63.83297777,1,0,0,1,0,10/10/2021 9:34,22206
19,4,12,2,227,235,1615,81.65677144,0,1,0,1,1,12/8/2022 19:12,36740
15,3,12,1,221,230,1706,70.86264058,1,0,1,0,1,12/15/2021 15:43,24475
0,5,11,0,222,222,1829,93.96831344,1,1,1,1,1,11/3/2023 0:53,48015
22,1,4,2,218,223,1500,94.6645939,1,1,0,0,1,4/6/2020 22:42,3321
12,3,1,1,228,236,1748,97.65688736,0,1,1,1,1,1/5/2022 12:48,25190
5,7,4,0,218,222,1763,68.82594416,1,1,1,0,1,4/4/2021 5:42,15728
23,7,5,0,218,222,1620,91.34177375,0,1,1,0,0,5/23/2021 23:11,17431
5,6,6,1,223,231,1736,38.91922471,1,0,1,0,1,6/27/2020 5:46,6105
9,2,8,1,230,236,1994,30.26986926,0,1,1,1,1,8/30/2022 9:48,33302
16,3,11,1,223,230,1934,56.91781422,0,0,0,0,1,11/2/2022 16:17,35503
2,5,6,0,226,227,1544,99.45899426,1,1,1,1,0,6/26/2020 2:26,6066
16,7,8,0,217,226,1641,84.4434121,0,1,1,0,0,8/14/2022 16:46,32764
14,6,7,2,220,227,1644,14.37556155,1,1,0,0,1,7/10/2021 14:12,19062
1,1,6,1,228,233,1843,43.93662872,0,0,0,1,1,6/27/2022 1:54,31099
21,4,4,0,220,221,1592,17.45791917,1,1,1,0,1,4/2/2020 21:59,3183
20,3,9,1,231,231,1752,30.15429544,0,1,1,1,1,9/1/2021 20:30,20886
8,5,9,1,215,224,1857,46.23135727,0,0,0,1,1,9/30/2022 8:40,34362
7,1,7,2,224,228,1858,54.41827015,0,1,0,0,1,7/11/2022 7:12,31586
0,7,3,1,225,233,1925,15.71331393,0,0,1,0,0,3/22/2020 0:45,2776
3,4,5,1,220,222,1952,16.48140517,0,0,0,1,1,5/28/2020 3:13,5074
15,4,4,2,234,237,1946,27.98071376,1,0,0,1,0,4/13/2023 15:00,41049
14,1,9,0,234,234,1764,74.77456494,1,1,1,1,1,9/18/2023 14:25,46459
12,7,12,1,226,235,1821,52.63485153,0,0,1,0,1,12/26/2021 12:25,24847
1,4,3,1,235,236,1648,55.59900038,0,1,1,0,1,3/25/2021 1:49,15380
2,2,7,2,239,239,1642,29.39555266,1,0,0,1,0,7/12/2022 2:50,31614
18,4,7,0,231,232,1649,21.52397164,1,0,1,0,0,7/28/2022 18:17,32184
19,2,10,2,218,221,1892,86.47493815,1,1,0,1,1,10/17/2023 19:55,47460
12,4,5,2,230,236,1749,96.59530887,1,1,0,0,0,5/6/2021 12:06,16833
13,1,9,0,233,235,1860,11.55798798,0,1,1,0,0,9/4/2023 13:19,45978
19,5,10,2,228,232,1829,40.98101358,1,1,0,1,0,10/2/2020 19:11,9446
13,4,10,1,221,230,1667,78.66859966,0,0,1,1,0,10/27/2022 13:49,35294
8,3,1,2,228,236,1799,49.28108545,1,0,0,0,0,1/27/2021 8:08,13437
0,1,6,0,224,224,1638,84.87349653,0,1,1,1,0,6/13/2022 0:07,30617
3,2,8,1,227,229,1861,17.31187604,0,0,1,0,1,8/9/2022 3:36,32574
1,5,9,0,226,234,1681,60.1838373,1,1,1,1,1,9/15/2023 1:37,46338
10,7,8,0,221,221,1890,58.46004648,1,1,1,1,0,8/13/2023 10:06,45220
16,3,3,2,218,224,1937,73.94090843,1,1,0,0,1,3/10/2021 16:19,14887
8,4,1,2,224,233,1569,26.67776632,0,0,0,1,0,1/13/2022 8:37,25458
21,6,11,1,237,238,1768,95.89269105,0,1,1,0,1,11/4/2023 21:44,48079
18,5,4,2,231,239,1553,51.06731623,0,1,0,0,0,4/1/2022 18:18,28143
14,5,6,1,230,230,1998,32.93678589,0,1,1,1,1,6/26/2020 14:21,6083
3,5,3,1,234,237,1792,33.47678262,0,1,1,0,1,3/25/2022 3:23,27882
17,3,4,2,226,233,1836,67.70860036,0,0,0,0,0,4/27/2022 17:19,29032
21,4,12,2,216,221,1912,28.23392408,0,1,0,1,0,12/31/2020 21:11,12531
2,7,9,0,229,235,1758,83.63375941,1,1,1,1,0,9/13/2020 2:50,8772
13,5,8,0,217,224,1646,84.3960271,0,1,1,1,0,8/13/2021 13:57,20226
3,4,2,1,235,235,1813,21.69428703,1,0,0,1,1,2/20/2020 3:59,1719
2,2,5,1,221,224,1919,44.88928571,0,0,1,0,0,5/26/2020 2:52,5005
6,4,8,0,217,226,1745,68.80633757,1,0,1,1,0,8/3/2023 6:55,44873
17,2,3,2,219,227,1908,64.24396849,1,1,0,1,1,3/2/2021 17:41,14615
8,1,11,0,232,232,1579,51.5049407,1,1,1,0,1,11/23/2020 8:07,11211
10,4,9,2,229,229,1852,64.15348285,1,1,0,0,0,9/14/2023 10:54,46317
19,6,8,2,213,221,1602,41.96380256,0,0,0,1,0,8/21/2021 19:35,20508
23,2,4,1,234,234,1919,88.65413767,0,0,0,1,1,4/19/2022 23:36,28767
2,5,5,1,218,227,1591,18.1864707,1,0,1,1,1,5/1/2020 2:58,4149
3,5,8,2,220,226,1505,82.65053452,1,1,0,1,0,8/27/2021 3:08,20690
3,2,11,2,230,237,1946,56.61684684,0,1,0,1,1,11/28/2023 3:35,48875
3,4,11,1,230,230,1874,98.99745332,1,0,1,0,1,11/30/2023 3:14,48943
22,3,7,1,230,236,1958,81.62001984,0,1,1,0,1,7/8/2020 22:05,6505
15,3,5,1,220,227,1894,73.26851633,0,0,1,0,0,5/17/2023 15:27,42214
4,3,1,1,228,237,1995,89.64299196,1,0,0,1,1,1/15/2020 4:35,487
9,5,3,2,220,222,1737,36.53254646,0,0,0,1,0,3/27/2020 9:00,2959
6,5,5,2,222,227,1761,96.28311736,1,1,0,1,0,5/1/2020 6:28,4154
14,5,10,0,216,222,1620,22.80049231,1,1,1,1,0,10/29/2021 14:42,22864
3,5,11,0,224,231,1505,39.26519879,1,1,1,0,1,11/27/2020 3:13,11341
10,3,4,1,228,231,1847,77.60364805,1,0,0,0,1,4/14/2021 10:17,16077
20,2,12,2,219,225,1978,69.18729985,1,0,0,0,0,12/8/2020 20:57,11743
8,1,3,1,228,233,1806,71.15324119,0,0,0,1,1,3/6/2023 8:56,39739
9,3,4,2,237,238,1865,78.59366142,1,1,0,1,1,4/21/2021 9:04,16315
21,5,2,1,215,221,1950,32.6501115,0,0,1,0,1,2/24/2023 21:10,39414
13,7,3,2,227,233,1657,36.32874046,1,1,0,0,0,3/27/2022 13:33,27965
22,3,2,2,230,238,1607,96.89249651,1,0,0,1,0,2/12/2020 22:11,1471
9,6,9,2,226,227,1615,33.2079437,1,1,0,0,0,9/26/2020 9:42,9227
14,2,7,0,218,226,1709,75.88740554,1,0,1,1,0,7/4/2023 14:11,43856
14,3,7,2,220,226,1605,15.9863022,1,0,0,1,0,7/14/2021 14:13,19199
21,7,3,1,232,235,1921,27.6996056,0,0,1,0,1,3/14/2021 21:56,15032
6,4,5,1,222,227,1917,48.58149759,1,0,1,0,1,5/19/2022 6:31,29770
10,6,4,1,233,235,1611,66.38580682,1,0,1,1,1,4/1/2023 10:04,40631
14,2,9,0,235,235,1915,48.69143991,1,1,1,1,1,9/15/2020 14:24,8857
16,6,4,2,223,232,1782,16.53063928,1,1,0,0,0,4/25/2020 16:37,3963
3,2,12,2,222,226,1617,21.92242615,0,1,0,1,1,12/14/2021 3:16,24423
2,3,11,2,228,233,1708,20.16358634,0,1,0,0,0,11/22/2023 2:30,48668
22,2,12,1,222,226,1556,28.89968005,0,0,1,1,1,12/29/2020 22:14,12464
20,2,8,2,216,223,1992,66.00745117,1,1,0,1,0,8/16/2022 20:37,32838
2,5,11,0,219,222,1504,87.97570546,1,1,1,0,0,11/12/2021 2:29,23326
19,7,5,1,234,234,1570,22.17198577,0,0,1,0,0,5/2/2021 19:05,16706
9,3,9,1,219,222,1512,12.73619049,0,0,1,0,0,9/9/2020 9:08,8644
12,6,11,2,217,220,1972,15.26468351,1,1,0,1,0,11/5/2022 12:58,35601
10,4,11,1,228,235,1615,87.29463509,0,1,1,0,1,11/12/2020 10:01,10837
3,5,7,1,230,232,1847,28.44034568,1,0,0,0,1,7/22/2022 3:12,31957
1,2,5,2,238,239,1770,60.1720569,0,1,0,1,0,5/16/2023 1:37,42160
20,3,10,1,231,239,1747,58.13356878,0,0,1,1,1,10/11/2023 20:15,47255
17,5,12,1,228,233,1799,53.59558107,0,0,0,0,1,12/23/2022 17:19,37251
21,4,5,2,225,226,1762,50.87819021,0,0,0,1,0,5/13/2021 21:24,17086
7,1,3,1,218,223,1586,79.80222068,0,0,1,0,1,3/23/2020 7:35,2820
9,4,3,1,231,236,1873,17.87530889,1,0,1,1,1,3/2/2023 9:38,39603
14,1,7,0,216,223,1502,33.71096914,0,1,1,0,0,7/31/2023 14:27,44781
20,7,10,1,231,238,1928,51.1113805,0,1,1,1,1,10/23/2022 20:49,35167
1,2,4,1,229,234,1862,68.44191857,1,0,1,0,1,4/5/2022 1:30,28256
0,7,11,2,229,233,1913,51.63008374,0,1,0,1,1,11/13/2022 0:23,35857
2,4,3,0,218,224,1636,19.56464569,1,1,1,1,1,3/25/2021 2:31,15381
23,4,12,0,233,238,1567,23.28497933,1,1,1,1,0,12/30/2021 23:38,25000
1,6,5,2,235,239,1516,89.06372754,0,1,0,1,1,5/16/2020 1:05,4660
17,2,7,2,235,237,1502,32.57861268,1,1,0,0,0,7/25/2023 17:35,44580
22,5,8,1,237,237,1576,89.94646846,0,0,1,0,0,8/4/2023 22:52,44930
22,3,12,1,223,231,1854,64.08369944,0,0,0,0,1,12/7/2022 22:10,36710
9,3,9,1,220,228,1821,32.66009029,0,1,1,0,1,9/30/2020 9:01,9363
8,1,4,1,216,222,1527,55.66820196,0,1,1,1,1,4/13/2020 8:52,3541
