Hour_of_Day,Day_of_Week,Month,Consumption_Pattern,Voltage,Energy_Consumption_kWh
17,2,7,2,231,38.82486083
5,1,2,2,214,96.21805222
8,2,2,0,232,34.06561354
2,3,1,2,223,11.89881961
7,7,1,1,227,24.68912252
21,4,1,1,217,97.96005708
5,1,3,2,213,68.2587759
6,5,8,2,220,24.66218608
2,6,5,0,222,72.09020208
7,6,11,1,231,95.29343607
0,6,9,2,228,95.82361333
20,7,5,2,220,92.76650269
7,3,1,1,220,24.8772778
11,3,4,2,231,22.96493122
22,1,4,2,220,70.80608774
7,6,12,1,227,62.15024306
16,4,3,2,221,28.9285503
4,2,12,1,231,43.30349656
20,6,4,2,219,47.24055855
19,4,5,2,212,40.96322866
23,5,1,2,220,29.3775793
13,6,5,0,219,47.10938961
15,2,5,2,220,96.13448025
2,2,9,1,223,90.44886663
18,7,3,0,217,99.22070751
16,3,1,1,231,95.55298839
1,6,3,1,218,66.46290708
13,7,1,1,237,91.55195921
7,6,12,0,221,39.69074247
19,6,11,1,238,12.13046452
8,5,1,2,221,18.6124589
7,2,2,0,233,66.74190214
23,1,12,1,237,18.62046021
9,6,1,0,222,11.98910398
0,1,6,2,217,89.53082603
20,2,1,2,225,46.99785878
13,6,6,1,221,72.99481232
18,3,8,0,221,68.54810623
15,4,9,1,227,25.13805643
15,3,5,0,213,11.00759514
22,2,4,2,224,68.69274632
16,2,10,0,217,15.55450685
4,1,4,2,227,56.84244201
12,5,6,0,225,78.86872415
5,6,9,1,219,74.88227699
2,6,5,1,220,86.28554276
19,5,3,1,232,59.97531896
8,1,3,0,213,82.75525017
2,7,10,2,214,16.894757
14,2,5,1,236,14.25525573
5,7,6,2,227,35.6335031
4,7,4,2,213,39.84072566
6,5,11,2,223,10.54440074
17,3,6,1,227,45.02970692
1,5,9,1,223,97.49171377
1,6,8,1,223,11.1034307
14,5,3,2,230,59.38852724
21,3,11,2,219,99.18942712
4,6,8,1,221,46.32170497
15,1,6,0,237,79.88768766
17,2,6,0,234,18.54417017
23,5,5,2,213,15.13286569
0,5,7,1,222,85.33694159
5,1,6,1,232,87.26420641
18,5,5,1,231,48.6513684
6,1,12,2,237,65.5804731
6,5,8,2,230,10.59893474
12,5,5,1,229,29.73823826
12,3,7,0,222,60.93346558
18,1,10,2,217,19.46657506
3,3,1,1,220,62.2827048
19,4,11,1,230,62.4109562
21,3,7,1,225,72.53014818
22,3,6,2,220,73.31970181
5,1,2,0,224,25.50959266
3,6,9,2,221,66.48110251
23,1,9,2,217,55.12763916
5,2,6,2,221,54.60222225
7,7,7,2,234,62.7706629
23,1,9,0,220,79.14521479
2,2,2,0,217,60.06843594
22,7,8,0,218,28.79236375
9,7,2,2,219,95.49251938
3,6,10,1,218,69.11149659
23,6,10,2,236,39.40584394
19,5,4,2,230,41.44927172
0,2,10,2,223,44.3115193
22,1,8,1,229,78.96821192
1,4,2,2,233,31.8985369
6,1,4,1,220,95.77571375
12,1,6,0,234,94.24376185
12,7,10,2,235,20.67318504
21,4,5,1,220,81.33631168
6,3,8,2,221,51.1568632
23,6,7,0,232,80.86693776
23,2,6,0,226,42.68406254
7,2,5,1,217,36.20729277
5,3,9,1,215,27.1142412
19,7,4,1,231,29.66931786
23,4,12,0,217,88.17983878
12,1,8,2,229,90.35500428
0,6,5,1,238,48.49682018
11,2,10,2,229,50.27251217
6,4,1,2,220,52.36964684
5,7,11,1,237,71.43243776
6,7,10,1,214,36.5703743
23,3,6,2,227,76.7208617
9,6,2,2,223,64.81633435
14,5,1,1,237,59.05389663
11,7,1,1,224,17.84200266
7,3,11,1,228,54.27740933
7,5,10,2,222,74.26856687
21,7,6,2,223,60.59314199
3,6,10,0,219,58.30309897
23,2,12,0,223,46.58479739
23,3,1,1,218,21.83501006
13,5,12,1,221,59.87691659
4,4,3,1,230,80.4857999
8,5,7,2,227,93.42584477
9,3,3,1,216,96.78151447
7,3,2,2,229,88.2502557
17,7,4,0,220,27.95305328
5,7,9,2,223,18.79520997
11,6,8,0,212,21.69474382
16,5,10,1,219,92.430027
17,6,12,1,228,40.56207623
19,4,6,0,228,78.14247174
18,7,6,2,219,58.47352921
12,3,3,2,219,17.48304112
0,5,7,2,223,71.22106493
22,3,5,1,217,47.76063983
2,7,10,1,217,70.48062116
13,1,11,1,230,39.46578006
10,5,6,2,235,51.75069685
10,2,10,1,233,60.87348671
4,5,9,2,222,30.802844
9,4,10,0,232,66.63773275
18,5,1,1,214,99.35711974
9,1,2,0,218,16.41711207
8,4,7,2,222,30.91751421
6,7,8,1,220,70.53655475
23,7,3,2,226,14.56016278
6,6,4,2,233,60.18996334
17,4,2,2,222,93.1095873
6,3,2,1,220,58.63261695
9,2,3,2,237,77.05320218
3,6,1,0,224,41.94058819
0,2,4,1,234,40.26989651
19,7,7,1,235,93.89907627
17,3,10,0,221,32.1745133
22,1,4,2,221,39.52223773
8,5,7,2,227,61.51639834
20,3,11,1,216,35.60401167
22,5,6,2,220,91.63127526
1,7,7,2,236,71.30728834
19,7,2,0,238,29.58206691
7,7,8,1,225,41.04990789
23,6,9,0,225,91.03943071
0,5,1,2,220,17.46466885
6,3,2,1,216,90.41655225
4,7,11,1,214,72.8006285
4,3,1,1,224,13.13926076
4,3,11,1,222,35.42596408
12,4,6,1,231,40.49161136
16,3,6,2,231,13.52199327
0,6,11,1,230,17.28925313
4,3,10,2,232,67.85994194
22,7,11,2,221,58.77144025
7,1,7,2,226,93.33642932
9,2,3,1,214,26.02943596
4,3,6,0,230,73.94806663
11,7,2,1,222,90.69732359
12,1,5,2,227,34.08066389
6,6,7,2,218,58.99358511
9,5,4,0,217,26.68036728
0,2,11,0,233,15.4328898
12,4,1,0,218,84.28711109
3,3,12,1,229,30.90076715
9,1,3,1,229,32.88811425
17,1,3,0,216,81.29046793
7,2,2,2,226,65.5397142
22,5,5,2,235,14.14454727
15,3,9,1,232,11.94523046
15,7,3,2,213,99.34045559
13,4,8,1,224,40.71787762
11,2,2,0,229,56.51160482
8,1,3,1,232,30.39536658
23,6,7,2,227,36.17171196
4,1,7,1,223,67.65307766
9,1,3,2,238,66.71045103
5,2,4,1,228,72.73435348
5,7,10,1,215,31.8483125
12,3,7,0,217,98.58974325
5,1,11,1,219,19.02135042
4,5,10,2,226,15.63423652
12,3,6,2,221,93.74190253
15,5,9,2,227,38.8549774
11,4,2,0,220,87.97440653
15,4,12,1,220,85.97161058
6,5,1,2,224,26.96355421
4,6,2,1,230,83.60682639
14,3,1,2,232,15.05266982
16,2,5,2,219,70.65109754
14,3,4,1,235,67.37423128
14,5,5,2,223,54.50462727
10,6,7,2,223,25.48593192
21,6,12,2,224,78.63704848
5,2,8,1,215,98.61540105
5,7,12,2,228,40.8619626
21,1,9,1,220,34.42461911
22,3,11,2,213,41.80063017
21,7,3,0,221,16.75108532
20,7,8,2,225,26.3491933
18,5,11,1,227,53.98298698
4,4,3,0,233,70.22382781
23,7,4,1,228,88.76743981
19,3,11,0,233,71.93793572
8,5,3,0,221,52.33408312
21,1,3,0,225,46.75764248
6,1,7,0,232,75.23168621
2,5,4,1,225,43.86613055
22,5,4,1,227,79.87825336
23,4,9,0,226,62.0122317
23,1,4,1,224,52.40076891
0,7,10,2,213,88.19298048
15,3,9,2,231,15.02776709
4,5,11,2,238,21.95525668
10,7,6,0,230,71.71280067
19,4,7,0,214,91.3429263
0,5,2,1,214,41.0086757
6,3,6,1,223,56.06323626
8,2,10,1,221,87.9138098
6,3,6,2,220,35.37107699
10,6,10,1,228,33.76233265
11,2,11,0,224,50.78199208
22,4,5,1,221,71.39491005
6,3,4,2,229,51.02370999
16,7,3,0,229,65.26974447
11,2,8,0,227,32.45302011
17,5,12,2,230,10.88820665
21,5,3,1,230,81.63609344
5,7,5,1,214,47.38472789
13,6,7,2,236,12.30728035
21,6,11,1,226,99.76882896
8,5,12,2,227,70.61074778
6,4,8,2,230,53.7000564
6,1,11,0,220,93.23011081
22,1,12,1,225,18.60781931
10,3,7,2,227,69.50147241
8,6,8,1,229,90.88902104
10,5,10,2,232,68.42785094
1,6,6,0,220,39.79404021
14,4,8,0,231,37.9347362
22,7,6,0,232,85.40290277
20,7,5,2,223,69.35343415
7,4,12,1,218,63.56951819
13,5,2,1,237,62.39018334
6,7,4,2,214,12.06144304
0,4,12,1,224,95.3637803
11,2,5,0,231,76.59373906
14,2,6,1,228,76.50077567
14,6,1,1,233,60.01143491
22,7,7,1,212,19.15682321
2,4,3,2,215,78.57558787
22,7,8,2,218,17.95308157
18,2,1,1,225,58.75723858
18,3,10,0,220,19.23674273
12,1,1,1,234,30.85458624
21,6,7,1,222,37.48009991
4,2,8,1,216,47.20489708
2,4,7,1,226,51.85674434
14,6,5,1,238,34.90498043
5,6,1,2,218,86.81383625
10,2,2,0,224,97.92888274
5,2,10,0,230,69.96004296
4,3,11,2,224,85.14365897
23,6,7,2,224,40.18058897
21,7,5,1,218,30.67155792
7,2,12,0,224,40.7951065
7,1,1,2,226,42.59852424
2,5,12,1,230,80.4573063
4,6,10,2,224,96.95533953
16,4,6,1,224,82.24931039
18,4,1,1,226,24.09110504
16,4,7,0,231,98.73353389
14,3,11,2,229,25.00510532
11,6,5,0,222,62.30151661
10,5,10,2,232,33.39683173
23,2,3,2,234,69.23399864
3,4,12,2,217,99.92879821
4,3,9,1,219,71.85866084
2,5,11,1,225,41.44205119
10,7,8,2,224,53.78403716
18,2,9,1,236,86.90891916
17,3,11,1,229,20.36116648
12,1,6,0,228,73.35336336
3,1,6,0,226,90.28053086
7,5,7,0,214,15.72556891
4,7,12,2,216,47.0441293
0,4,2,2,231,47.38946898
18,4,6,1,234,10.62611315
1,4,9,2,230,65.74921519
2,6,4,2,222,42.03780177
4,6,8,2,231,18.91735287
0,3,5,0,222,64.9368478
2,4,4,1,223,28.10376519
20,7,1,2,218,57.30043313
11,4,10,2,218,43.45299285
9,2,10,1,219,49.84110568
4,5,8,0,215,14.07295823
15,3,1,1,234,37.76250773
1,3,11,0,229,67.39175649
9,5,12,0,212,96.84327264
8,2,6,1,234,51.4872635
22,1,1,0,234,82.30234338
3,6,7,2,225,47.92357504
6,6,4,0,221,32.51794102
20,5,8,1,221,52.11526591
0,2,2,1,225,29.91316259
7,1,5,1,216,51.36521109
11,5,7,1,220,30.03199915
2,5,4,2,223,42.66528171
5,4,4,0,222,99.15146702
14,6,9,0,213,46.35986157
0,5,3,1,223,60.73216858
16,1,2,2,229,63.90910021
4,1,3,1,219,51.26598523
8,5,4,1,227,14.09359367
7,1,5,2,219,65.67760449
8,4,10,2,228,86.4220534
2,7,1,0,225,84.38610435
3,7,4,2,222,59.14118835
19,3,7,2,225,21.60707325
9,4,6,0,219,79.4358941
16,5,9,1,227,61.65956431
1,7,2,1,226,44.4075378
2,6,11,2,220,82.41315759
11,6,11,1,233,68.71703087
8,3,9,2,221,38.10552375
8,3,1,2,217,46.46945715
4,3,2,0,230,76.11791004
7,6,9,0,228,53.65497454
16,2,4,0,234,52.99301927
17,4,4,0,223,14.47644336
9,2,2,0,218,17.2118573
19,1,7,0,213,36.49237119
20,5,4,1,225,70.53176574
23,3,6,2,228,85.41517273
5,6,1,2,225,28.23377716
22,3,1,2,219,73.23370448
22,4,4,1,223,15.08258691
22,7,2,1,213,64.22741138
8,4,11,0,236,72.09613422
5,2,5,1,216,59.49158258
22,6,3,1,223,64.61449592
4,1,2,2,219,61.16168227
8,1,7,2,219,68.4582183
13,1,12,0,236,20.45243696
22,5,3,0,220,95.82310359
13,1,7,1,221,93.13285138
16,2,9,1,231,32.11854565
2,3,8,1,237,59.88633146
7,5,3,0,221,70.25514853
10,1,1,1,227,79.61372173
4,2,11,0,231,49.79140438
13,2,8,2,221,59.74326359
7,3,1,1,228,98.01408723
21,7,9,2,233,41.72210323
14,2,3,2,216,94.30866396
21,1,9,2,222,60.13829116
8,4,7,1,217,60.22714787
12,6,5,0,229,81.40999551
4,2,6,0,211,89.96124355
9,7,4,2,222,55.28677067
12,6,6,2,230,74.03247288
18,7,1,1,235,18.01513452
9,1,11,2,217,61.26137646
23,1,1,0,227,74.87979362
10,3,3,0,228,67.99786898
7,6,4,2,225,40.72918284
19,7,7,2,225,61.62801591
0,6,10,1,232,27.11337494
5,7,11,0,238,68.12645235
10,4,7,0,221,18.896468
8,4,7,0,226,35.83225737
16,5,2,2,229,24.25621149
18,4,11,2,222,12.82900236
5,1,5,1,220,28.53743874
7,1,8,2,230,60.54525874
4,5,1,2,227,75.64340604
12,2,4,2,225,33.77601754
15,4,2,2,225,32.53955828
4,2,5,0,221,67.830731
0,6,10,0,234,16.56219935
14,1,6,0,223,13.79167954
21,6,11,0,219,43.61542919
6,1,10,0,235,52.14684206
1,4,10,1,223,71.97617423
18,5,10,1,226,35.01460836
13,6,10,1,222,93.94208756
0,6,10,2,218,18.46518308
12,1,6,2,219,35.30362834
11,1,9,1,215,71.40188615
20,1,5,2,231,28.88680016
13,6,4,2,220,56.46468747
8,1,9,1,231,40.55468921
16,7,6,2,232,31.13025948
6,5,9,0,225,16.62267104
4,3,8,2,223,71.30362483
23,1,3,1,233,23.63985403
22,2,7,2,216,49.17146129
2,7,5,0,229,65.01974835
3,3,7,1,219,41.17111016
14,5,4,1,225,29.28152152
22,7,5,2,220,40.65333257
5,3,10,1,226,48.75474388
15,5,9,0,238,85.98770143
15,2,5,1,228,47.14288428
7,6,8,1,216,51.85371189
17,5,9,2,222,21.10494773
15,6,1,1,227,38.06094607
3,2,6,0,227,55.57030398
10,5,10,2,222,41.60680569
6,4,4,0,221,49.30842339
23,5,10,0,236,45.81394212
21,4,12,2,239,98.06955125
12,7,12,0,215,41.59934869
21,2,1,1,218,72.51305996
6,3,12,0,219,27.45694968
2,7,4,2,218,28.08071251
20,5,6,2,226,28.10948916
18,7,2,2,222,85.97682833
19,5,9,0,225,78.73161852
18,5,1,2,227,88.35451355
16,5,3,2,224,18.96202509
12,1,7,2,235,98.00684729
7,6,9,1,220,39.45724848
22,5,12,2,227,11.11130742
17,4,8,2,214,88.88185906
13,1,9,0,228,22.77074212
18,7,7,1,233,71.09512011
12,2,6,1,220,61.58483616
12,2,8,0,226,68.47587186
2,7,12,2,225,55.96492982
22,6,8,2,225,59.11212644
8,1,2,2,214,92.5788171
19,4,1,1,218,99.19108392
20,1,4,2,229,37.19877506
4,4,10,2,220,27.71733357
2,2,1,0,229,51.39231742
21,7,7,0,216,38.17894478
7,1,12,1,223,45.80351399
21,5,7,2,234,58.04076097
21,4,2,1,218,67.61413535
5,2,11,1,216,45.64067515
0,4,3,1,230,17.37152987
14,3,3,2,219,77.05764493
20,2,9,2,216,98.5417747
19,4,12,0,227,64.64590689
5,5,9,2,234,32.04590986
17,3,4,0,228,66.04875494
7,3,3,1,218,47.71427303
5,7,4,2,225,22.34590386
19,3,6,1,214,11.65296041
23,3,6,2,218,72.30589304
0,4,4,1,234,14.71632585
15,3,10,2,235,41.71603357
3,2,11,0,233,53.77923793
1,2,3,0,220,71.19098294
18,2,10,2,222,13.71676399
6,6,5,0,234,82.48379718
18,3,3,0,224,47.13042158
6,4,10,0,224,55.45898086
19,3,8,2,219,14.10323946
3,2,7,1,216,10.77631166
12,7,6,2,228,61.24892955
3,3,8,0,227,58.93770493
8,1,7,2,218,51.40843604
16,5,5,0,212,94.82958119
19,1,1,1,228,56.26677656
2,2,4,0,225,52.32962303
6,5,9,2,218,98.81017755
20,4,12,1,223,62.02648758
15,7,11,2,236,36.2430099
9,7,12,1,225,45.52539179
0,5,5,2,235,77.56405241
8,4,10,2,232,57.96430641
6,5,4,2,224,10.0260933
3,4,8,1,229,70.67504592
23,5,8,1,219,61.67612478
16,3,7,2,225,78.70177574
9,4,12,2,233,50.67040076
17,1,9,2,226,28.40271772
23,5,5,2,233,16.1376482
16,7,5,1,229,71.76994471
5,3,12,0,218,95.93417529
3,5,6,2,224,30.64626931
21,3,5,1,228,36.64890487
18,7,8,2,224,52.57181673
6,6,1,1,222,78.70327827
16,2,3,1,221,72.57629342
13,4,4,2,232,70.60749712
7,5,6,0,231,65.13342938
12,4,12,1,223,84.61522202
12,1,1,2,212,33.62342066
9,7,5,2,218,71.27121277
12,2,9,1,237,92.33483067
21,1,2,1,224,47.82744627
5,5,7,2,224,16.81481174
8,6,7,1,230,21.31238198
22,5,8,1,229,48.76410931
4,6,10,1,222,35.41398605
18,2,10,2,235,77.24315062
9,3,11,1,216,65.82231385
9,1,6,0,236,12.39520663
7,3,12,2,220,26.79955301
14,5,5,1,225,73.14487788
23,4,5,2,223,73.60960714
22,1,8,2,238,69.35522072
10,4,3,1,218,77.91964433
23,2,6,2,234,76.57047057
7,1,11,2,232,24.61775226
4,7,2,0,218,42.02468784
18,4,1,1,237,27.11692555
20,7,11,0,214,26.02286117
8,3,8,1,234,27.87604834
3,7,10,1,225,58.49525613
12,5,10,0,222,23.44762525
16,2,6,1,222,61.11133131
23,4,8,0,232,45.63323381
18,3,7,1,228,47.97081935
18,2,2,1,226,55.94149156
15,4,9,1,216,27.7223167
14,4,1,2,222,46.78423918
7,5,2,0,228,57.87664538
10,6,4,0,229,19.42475456
14,4,2,2,229,70.77940507
18,6,8,1,218,38.61567263
5,6,7,0,222,87.37982277
19,3,3,2,219,62.2083171
7,7,8,1,232,68.60839557
5,5,5,2,231,80.22145337
5,2,11,1,235,74.08135366
11,6,11,1,219,33.34482621
16,6,5,0,230,86.91342189
13,6,2,0,229,90.79272098
21,4,10,0,220,51.45888641
13,6,9,0,220,93.79262845
18,5,6,0,230,61.17183355
9,5,2,0,224,12.00878161
14,3,3,1,233,88.88141419
21,4,12,0,229,39.27079307
2,1,7,2,233,90.20292817
3,6,8,1,228,69.11949859
18,7,9,2,217,79.12324667
2,3,9,0,217,12.89053313
7,7,11,1,234,25.54817204
7,4,10,2,217,17.70405641
3,6,5,0,224,33.12465074
20,4,11,2,231,74.34597513
9,4,1,1,237,77.97964268
17,7,3,1,231,70.82120235
18,7,5,1,235,36.40726494
15,7,5,1,231,55.46769691
16,5,7,1,220,11.24739106
13,2,1,1,229,19.6045253
6,6,7,1,219,73.81734768
21,4,1,2,228,48.34315998
19,6,6,0,237,45.85616671
10,4,5,2,222,45.23358378
11,1,7,0,218,68.61316394
4,3,10,0,222,71.26348892
19,1,10,2,218,81.97402752
7,1,5,1,224,71.06187666
3,3,10,1,236,42.42601355
4,2,11,0,217,85.02383828
6,4,5,2,217,28.8340054
22,7,10,2,222,57.04877967
18,6,5,0,235,46.05711868
8,7,5,2,220,44.53843426
14,1,9,0,229,21.51638169
12,1,1,2,232,82.1509462
14,7,8,1,231,33.89065731
12,4,6,0,223,97.13334571
1,5,3,1,218,42.7320976
19,7,8,1,227,19.97618496
1,1,4,0,230,65.25999201
11,5,9,2,237,22.5620799
5,7,6,2,225,26.63406554
9,5,2,0,233,61.99041007
3,7,6,2,226,18.5775067
19,3,1,1,214,71.5178919
2,4,6,1,227,36.26036777
23,7,7,2,233,70.91096225
19,2,6,2,222,50.3775815
7,7,12,1,220,47.5538551
23,1,7,1,222,91.95118259
20,2,7,1,230,25.67901291
14,7,2,2,214,91.24303678
21,4,11,1,223,33.70186555
0,4,9,2,228,30.97788396
12,1,3,2,229,10.49596653
4,2,3,2,238,26.5004787
7,2,12,1,213,74.87855341
12,3,12,2,220,63.1456184
15,2,3,2,231,90.18718594
20,2,1,0,230,79.9821055
15,5,10,2,219,78.51856067
7,5,12,1,229,39.1922303
19,1,6,1,233,47.68925694
22,4,3,2,236,36.78115716
14,7,4,0,216,23.48076637
15,7,5,2,231,55.91368043
16,7,11,1,215,66.36237455
15,2,3,2,226,40.19260988
15,5,2,1,229,43.39915423
19,2,2,2,232,99.02222946
14,2,9,1,220,16.87956674
0,4,3,0,219,45.5388437
9,6,9,0,228,11.95449835
13,3,9,0,237,63.67866178
22,4,1,1,218,68.65357376
12,3,5,1,218,42.42215571
0,2,10,0,226,62.9689184
14,4,12,2,212,68.36038019
15,2,3,0,214,47.67432266
6,5,5,0,233,18.70454616
13,4,7,0,229,21.81699792
4,4,6,1,223,16.16763881
21,7,9,1,232,14.18586943
9,5,10,2,214,22.72418407
3,1,7,0,234,93.30837024
11,7,11,1,236,92.86699562
1,3,9,2,226,77.67911074
10,7,12,2,216,65.64198794
2,3,9,1,232,85.61226314
10,4,8,1,220,15.05135806
22,2,5,2,230,68.07123882
3,7,6,2,219,22.23387971
17,3,4,0,227,80.55312417
8,2,3,1,228,68.51326064
16,1,12,1,222,55.6385924
14,2,9,2,222,72.64780347
19,5,7,1,220,83.82730393
6,6,11,0,218,55.77069681
6,3,3,0,220,61.91709866
7,3,12,0,214,51.55043425
22,2,6,1,224,55.26710055
7,3,8,1,235,57.46873329
17,2,3,2,224,73.69367394
7,3,4,2,231,69.72042791
3,3,10,0,225,34.90430576
22,4,7,2,223,24.73424442
23,5,8,2,220,84.96858775
7,3,3,1,225,90.19326228
6,1,11,1,213,91.09680399
23,1,5,0,234,39.7506834
4,3,11,1,229,17.82734792
21,3,12,2,235,47.76831145
4,4,4,2,221,58.04881037
12,1,3,1,225,24.36677586
10,4,4,2,236,15.95033301
20,3,12,0,231,46.29809576
5,2,12,1,227,41.74404981
6,7,8,2,229,92.52045002
18,6,9,1,234,18.59052501
8,6,5,2,232,96.24544093
19,6,3,2,227,13.22805053
7,6,10,2,230,46.07217026
6,5,6,1,216,37.16140661
7,1,6,1,229,58.68301221
3,7,4,2,216,30.91771753
22,4,12,0,232,14.79669998
3,2,9,1,213,80.32864767
16,6,8,1,220,96.64128226
8,1,7,2,234,64.82449585
8,6,5,1,218,63.69458491
7,6,10,0,228,94.60212568
7,3,7,0,225,43.35156006
11,3,3,1,225,13.71176658
15,4,12,0,225,67.24617053
6,5,9,1,223,70.94094434
4,6,4,2,230,59.56942247
9,3,3,2,219,12.40613624
3,6,10,0,227,49.83387024
19,7,12,0,234,45.11871522
5,1,1,1,220,60.49774747
18,6,6,2,237,43.23745653
12,4,4,0,237,77.12036165
12,4,6,2,235,18.72627754
6,4,9,1,227,73.08271995
22,5,9,2,232,22.17807843
2,3,5,2,218,37.53992799
16,3,1,0,225,39.71046228
11,2,11,1,220,87.16449872
8,5,8,0,238,24.5081157
8,1,8,0,222,35.45551728
13,3,9,1,219,23.23663282
18,4,9,2,219,37.37845641
22,7,9,0,217,78.23173429
10,5,8,0,225,40.60493897
10,2,6,0,225,60.67254672
22,5,10,0,231,60.37352999
19,5,1,0,223,52.99904216
22,5,9,0,223,27.47023119
10,2,8,2,222,71.49612306
4,6,4,1,220,48.30270304
4,6,12,0,220,88.45280987
18,2,11,2,219,52.97517008
6,3,7,1,217,32.41216902
0,3,8,2,228,64.1463065
20,2,4,1,225,22.77029014
12,5,11,0,238,21.45769374
15,6,8,1,217,15.74560772
15,7,11,1,231,92.63749267
20,6,8,0,231,10.86966213
6,3,10,0,224,32.39150335
19,2,1,1,223,54.74971103
21,6,12,2,219,96.94615436
18,4,12,2,230,28.19753464
4,3,11,0,215,58.44104976
21,3,1,0,219,15.35447249
21,1,3,2,222,89.73153101
0,1,1,0,219,49.35904306
14,1,5,1,217,54.1698516
13,3,6,1,219,21.31718127
21,6,8,2,229,93.29222026
18,3,4,2,218,22.7415027
7,1,5,2,212,91.35381473
1,4,5,1,216,80.53613172
9,7,11,1,225,54.2161483
5,2,12,2,233,40.61352892
21,7,7,2,230,80.88709668
9,1,12,1,236,82.13092167
21,3,5,0,224,57.47057908
12,6,8,2,225,64.91820164
11,5,7,0,233,55.20126984
13,3,10,0,233,42.48723349
19,1,11,2,222,52.10187324
4,7,8,1,232,82.03796078
12,4,3,2,215,28.37865382
7,6,11,0,231,42.55069519
9,6,7,1,216,61.77751319
6,5,12,2,213,24.01422596
2,3,3,0,228,49.24527576
12,5,2,2,236,50.89557446
19,4,11,1,217,51.84393763
13,6,5,0,231,78.79771924
2,4,3,0,230,55.76334013
11,2,9,2,233,95.89898665
19,2,8,0,232,63.57316707
18,2,11,0,232,38.07236858
6,5,6,2,225,58.28605377
0,1,6,0,237,72.39975912
18,7,5,2,220,21.27038589
7,6,1,1,222,42.25748412
1,3,7,0,226,55.39165116
16,5,3,1,230,95.77133
7,4,12,1,219,26.73973733
7,2,9,2,231,34.80066154
3,2,5,1,226,84.91787206
7,5,11,0,227,22.95220116
13,5,4,0,213,99.46453624
13,7,3,2,228,53.00645982
8,6,2,0,226,21.8659576
0,1,1,1,220,33.64309848
7,4,4,1,233,25.01536083
18,1,7,0,225,56.12586343
14,5,6,0,217,59.36864739
22,3,11,2,233,71.73363148
9,2,6,1,222,20.02299741
10,5,7,1,233,10.09178953
22,7,8,1,220,91.8783809
23,3,10,2,234,85.54381999
13,5,3,0,233,37.85355805
17,1,6,1,234,27.1809128
17,6,8,2,223,53.10082523
8,5,11,0,230,70.56283313
6,5,3,2,219,93.79697475
0,7,3,1,228,53.18967896
23,1,6,0,219,37.98317362
18,3,1,0,229,16.03992921
14,3,11,1,225,33.9951693
5,2,3,1,229,14.81008017
17,2,8,2,217,15.06265885
7,1,3,2,227,78.94710235
3,4,11,2,227,69.28928982
3,3,5,0,233,54.99281626
8,4,4,2,226,74.63008224
8,4,1,2,228,49.57298707
21,4,5,1,228,63.19664109
12,3,5,0,219,85.55961581
2,1,11,0,227,80.65477018
0,5,5,1,235,82.5957862
15,4,1,2,228,66.31713589
14,1,3,2,212,10.52139399
22,6,10,2,212,45.57799583
22,2,12,1,215,14.26585662
1,5,8,1,233,51.16347502
20,3,12,2,227,22.425864
16,4,7,2,221,22.33250535
14,7,5,0,232,72.5051412
21,2,5,0,229,44.7151753
1,4,3,2,219,96.51706559
13,5,4,1,222,21.10770988
22,7,4,2,222,82.42234502
23,7,4,1,212,34.24604965
11,3,2,0,222,35.71942288
8,1,5,1,230,89.93961188
8,5,8,2,217,24.08992023
15,2,11,1,225,89.6056374
8,6,10,0,225,88.80512886
9,2,8,1,217,53.05564261
14,5,3,0,233,91.6901647
12,6,6,2,218,51.32720548
6,7,9,0,234,76.75896161
14,1,5,0,231,60.81149436
21,2,4,1,223,44.52607775
23,7,8,2,221,42.03373518
3,5,2,0,232,34.84567474
2,3,4,1,228,48.56725947
0,2,7,2,219,15.04509266
9,1,11,1,228,35.61753467
11,1,12,1,238,95.16113619
6,7,6,2,212,80.91064321
9,4,8,2,230,73.00452127
3,7,10,1,226,82.41314166
1,7,5,2,216,13.47090925
7,7,4,1,230,65.7570882
4,1,10,2,224,28.06197568
3,6,7,0,219,31.53210336
21,2,1,1,233,67.89952914
15,7,2,1,215,19.18845363
18,6,5,0,231,98.89009765
9,2,12,1,229,83.51464143
12,6,12,2,230,64.0868941
12,4,6,2,226,26.98129839
5,3,8,2,220,40.35557941
6,3,11,1,227,47.45367081
9,7,7,2,231,19.77979828
12,2,7,0,230,39.23682537
11,7,6,1,232,41.15442901
5,3,2,2,217,20.15864079
14,1,8,2,219,78.40667829
0,4,6,1,220,85.38710471
21,6,6,2,236,73.42835921
23,6,8,1,224,18.99355759
10,6,4,1,220,78.51776125
6,6,4,1,212,70.3233183
4,2,12,2,229,60.44751295
5,1,11,1,226,97.48254775
4,5,10,0,232,92.2221758
12,5,8,1,228,63.77210927
8,3,6,2,219,15.32709198
4,1,9,2,222,20.69097638
18,3,9,1,232,89.73724686
7,2,3,1,230,50.76648343
21,1,4,1,217,82.34745457
21,1,7,2,218,17.84381902
14,2,8,1,230,91.39671989
19,6,8,1,219,29.59272719
19,2,5,1,218,23.64978607
8,7,1,0,231,26.69201838
7,1,1,1,234,85.58738417
15,7,1,2,238,61.29913769
15,7,10,1,215,80.9635438
10,2,12,1,217,54.15338676
13,2,11,1,229,29.63005076
11,1,6,0,220,94.19695309
7,5,11,2,232,23.24765409
6,2,10,2,224,12.56947202
7,3,7,2,228,65.15200577
11,7,12,0,232,82.28694486
19,3,7,1,215,36.39301837
9,6,5,0,217,71.85285776
2,4,7,2,217,96.96034455
6,4,9,2,213,23.16733363
2,2,3,2,211,20.86053795
0,2,11,1,223,26.04047705
7,4,1,1,226,50.18844169
12,2,6,2,215,23.04978771
4,2,3,2,235,35.79353811
6,1,2,2,225,80.16881639
15,7,8,2,232,11.47568529
5,6,9,2,227,14.55663153
8,7,8,2,226,17.16524313
8,4,3,2,223,31.4935465
13,3,2,1,229,52.00394163
2,2,1,1,233,87.0136908
15,1,11,0,220,78.24026295
7,3,4,1,229,91.87205437
20,7,9,1,239,71.96060635
13,3,8,1,215,74.16092439
22,2,9,1,213,72.96878548
14,2,12,2,225,27.32992869
16,4,7,1,224,53.10132141
10,1,11,1,235,76.85666914
1,6,4,0,224,72.76121414
6,3,5,0,222,64.33981547
17,3,5,2,233,27.51534066
3,7,8,0,234,23.9161145
20,5,3,0,213,58.7656833
10,1,2,1,229,16.11786044
23,3,9,1,217,68.00531391
0,4,11,2,232,36.2974747
16,1,11,1,230,51.23441598
10,2,2,1,223,46.82966235
4,6,10,2,230,27.43468045
0,6,1,1,222,47.32876775
19,5,6,0,222,70.79973714
1,6,11,2,226,62.68099016
9,2,6,2,222,54.36278744
11,2,9,2,228,28.9883622
11,4,6,0,228,83.60052086
14,7,10,2,233,66.97450269
3,7,12,2,237,87.84852853
8,6,7,1,218,98.54485166
23,4,4,2,229,36.95599997
6,3,3,0,213,17.86422474
0,2,7,1,230,25.95908281
17,3,7,2,237,64.67441718
18,4,7,2,217,63.76976071
10,1,7,2,228,77.96890931
23,4,6,1,226,36.845674
5,3,1,0,233,81.95471691
6,1,5,1,213,60.36340642
4,3,8,1,218,16.95353977
0,4,6,2,223,40.78924753
21,2,12,0,232,27.34215507
23,3,9,1,234,27.44345002
0,3,10,1,221,32.42031924
0,7,9,1,236,70.72243829
10,7,8,0,220,45.66051226
2,3,5,2,231,65.42153803
16,4,4,0,235,71.74778159
16,5,6,1,219,26.5019434
11,5,8,2,231,58.12007461
14,5,10,0,230,75.23621727
17,2,8,2,234,82.89953231
20,1,11,1,224,38.17722154
15,5,11,1,226,26.32784504
11,1,6,0,213,13.81628098
19,5,12,0,213,50.98882231
18,7,2,2,232,37.31135524
22,7,5,1,231,40.01527309
3,4,1,2,219,78.61528535
21,5,8,1,235,50.68402224
10,5,9,1,221,47.79808327
0,2,2,2,220,25.82741814
18,5,12,2,214,77.34396762
4,2,5,1,229,70.2561951
6,3,4,2,212,75.22035746
11,7,7,1,215,47.99674139
11,1,8,2,223,28.15085704
21,5,5,0,221,11.40697817
16,7,6,2,215,76.91915868
10,5,4,2,234,75.45437651
14,4,8,0,216,18.21272645
19,3,4,0,219,22.49131418
19,5,2,2,212,71.62885214
11,3,11,1,213,23.13915102
23,4,11,2,231,90.67934367
3,2,2,1,219,33.93511204
13,1,7,1,229,27.61673718
13,6,1,0,228,66.02764328
22,2,5,2,222,50.43360735
7,1,3,2,230,32.28483767
19,5,5,1,224,28.94651935
19,6,7,2,221,90.57785933
1,1,6,1,219,41.96822539
2,5,7,2,218,98.52268723
16,6,11,0,222,30.9286343
9,1,9,2,228,28.39094759
1,1,5,2,227,41.58313834
11,5,1,1,228,79.09933807
23,3,9,0,221,68.44200908
10,1,1,1,217,76.64119258
3,3,7,1,227,44.33733812
12,2,5,2,222,36.5735643
17,2,1,2,234,52.36248658
17,2,6,2,229,31.97479255
17,3,1,2,214,43.49417922
6,4,11,1,219,54.29280775
12,3,10,0,222,18.23417485
4,7,5,0,232,12.398447
12,7,7,1,222,79.95150481
17,4,4,2,229,31.67361306
17,5,5,0,232,43.75967521
12,5,9,1,232,73.53683592
18,5,12,1,236,17.56975702
2,4,7,0,220,76.49182138
19,1,4,1,213,84.97365873
5,7,4,0,231,46.40121365
8,2,10,2,229,84.18033253
0,2,11,1,235,52.62451955
13,4,2,0,218,15.64462521
9,4,4,2,225,37.31561665
4,3,11,1,224,35.69062897
19,5,9,0,232,21.88378732
21,6,8,2,231,77.57081239
14,6,2,1,234,57.09964209
12,7,1,1,230,74.46563175
14,6,7,2,231,57.29371787
16,3,4,1,219,61.2345001
1,1,5,2,219,87.09957987
11,3,7,2,234,88.8728442
2,1,5,0,221,20.78518365
3,4,10,2,229,20.75654
13,3,5,2,228,88.67741435
2,1,11,1,221,70.39678614
21,6,4,2,215,44.1209407
11,7,11,2,223,79.17040268
7,5,9,1,226,62.33154371
12,7,5,2,235,93.05953631
23,1,7,0,233,50.93231862
2,2,2,1,230,79.6873941
1,3,11,2,220,73.65972603
3,5,8,2,220,48.43375463
5,5,12,0,232,25.04271733
7,1,2,2,222,13.3407521
9,2,8,1,231,28.06098757
16,1,10,1,225,28.97221082
15,4,8,1,214,31.55236562
7,1,11,2,234,61.29087637
20,1,11,0,218,88.05358174
4,5,1,1,219,56.68098328
17,7,4,2,226,80.30990482
1,6,7,1,229,70.33713841
5,1,5,0,222,91.15745492
15,5,10,1,218,27.28587171
19,4,1,2,222,62.91479356
23,3,2,2,225,58.38815326
6,3,4,2,215,29.4402432
8,6,6,0,220,17.7434598
11,6,3,0,216,12.62825549
23,2,1,1,237,21.25465916
0,1,9,1,231,90.24054542
10,4,2,1,219,99.52440598
17,6,7,0,230,69.78219568
0,4,9,2,218,95.11600688
16,3,3,0,224,51.02167699
22,3,10,1,234,97.6839118
19,6,4,1,219,67.16347726
21,5,11,2,235,26.34643542
22,3,11,2,220,79.2828926
0,6,8,2,234,89.91845189
19,5,8,1,226,72.92356113
1,5,9,2,219,78.44833572
23,5,7,2,223,14.67953437
16,6,10,1,228,65.83803276
22,1,4,1,228,78.29240397
22,4,1,1,228,16.3896383
11,7,3,1,223,33.84870396
20,7,12,2,231,26.43169303
9,1,12,2,225,90.65176524
21,6,5,2,238,10.16340265
11,4,2,0,226,44.90299672
23,7,5,0,227,59.32352371
7,6,10,2,230,12.00558664
17,4,1,0,220,75.30776784
7,3,10,2,233,27.53899841
14,1,10,1,229,14.69235205
13,7,12,1,232,20.49539011
4,2,9,2,222,80.92092466
18,2,9,2,235,77.13019236
16,4,12,1,231,31.65799517
4,7,4,2,221,41.73223039
22,1,10,2,218,40.46001428
12,7,12,2,228,88.5703144
1,6,5,0,222,69.53425203
12,4,6,0,215,61.23241665
1,1,12,2,236,83.41431933
8,2,2,2,219,63.58807581
18,3,2,2,233,59.19531814
8,4,11,2,218,76.40350515
1,4,3,1,232,83.54385959
10,4,4,1,227,10.718976
4,4,7,0,219,61.71191386
9,7,10,1,226,90.35726302
21,7,7,1,227,14.45033033
21,7,9,1,223,86.21551143
20,4,8,0,216,81.66034595
8,7,7,2,221,20.58028688
9,3,7,1,229,21.94514404
9,1,3,1,238,92.43021394
8,5,1,0,231,72.98627867
11,3,7,2,234,35.51935083
15,4,6,1,226,48.42701462
2,6,6,1,224,82.02644281
23,1,7,2,227,81.33083264
9,5,1,0,234,59.82697739
13,6,7,1,237,83.44832204
10,4,8,1,228,61.99567118
23,3,2,2,224,56.05722082
22,2,2,0,236,74.63146806
20,2,12,2,223,31.55463467
5,6,3,1,226,65.63273587
13,5,10,2,225,18.15434705
14,1,7,1,215,16.87649931
8,2,5,2,234,14.45262682
12,3,5,1,230,76.923772
13,4,6,1,212,85.86199823
5,1,8,1,232,57.25602226
23,5,2,0,230,38.92587887
21,4,1,1,235,60.80735355
14,3,7,2,220,49.88216606
15,6,1,0,232,70.15816004
9,5,12,0,222,18.45705166
15,1,11,0,218,53.08252209
11,3,5,1,221,60.49377453
5,5,1,0,228,31.21367093
1,5,7,1,231,51.11486368
13,6,6,0,232,12.60460275
11,2,12,1,222,94.55288148
19,5,6,0,228,46.25261258
12,3,2,1,230,86.50512254
19,6,6,2,229,97.62337533
18,5,2,1,222,64.0772923
5,4,7,1,221,21.21112451
6,3,3,2,221,33.04999496
5,5,1,2,228,79.70230383
21,6,1,1,225,54.51033357
13,6,2,0,230,35.3081943
18,1,8,2,220,41.12266254
17,2,12,0,235,72.95835235
12,7,12,0,221,51.03908553
4,6,12,1,218,77.11778929
17,2,8,0,220,34.80446193
19,1,7,1,234,55.27796705
10,4,9,1,237,53.98087664
2,5,7,0,227,54.4720898
7,7,10,1,228,12.88725164
15,5,7,2,225,83.39312587
7,4,7,2,221,87.58804393
22,7,2,0,216,15.77975529
3,4,12,0,234,13.97871504
23,6,8,2,228,14.75932965
16,1,11,1,223,41.11551919
3,5,9,0,229,98.09552538
12,2,1,0,228,85.83680677
10,5,1,0,218,16.43739493
17,5,6,2,227,68.60546943
0,5,6,1,234,42.08281038
22,4,8,0,223,90.55715578
20,2,4,1,223,48.41911808
18,3,7,2,223,81.39004461
3,1,5,1,229,69.64420809
1,7,9,0,226,86.34333255
10,5,11,0,221,71.56823904
7,4,10,1,221,81.36793359
5,2,6,0,228,88.22160431
19,5,11,2,221,86.82076818
22,4,2,2,232,89.05065227
21,6,12,1,220,92.64756653
17,1,2,1,222,27.63781023
3,3,2,1,213,82.90573273
17,4,3,1,229,19.69228346
16,4,6,1,219,99.11793967
0,1,5,2,221,66.87448852
20,1,8,0,222,97.85307138
15,6,11,2,216,26.68877663
15,1,3,1,226,32.98623531
2,2,5,2,232,12.31689869
19,5,4,1,219,53.94431501
1,2,2,2,228,20.48265322
4,6,10,1,226,23.8632731
17,3,6,1,229,98.00931913
21,1,6,0,216,80.16542022
16,7,3,2,218,51.14504552
21,4,7,0,232,40.08861928
2,7,3,2,224,58.00795782
18,4,3,1,224,95.1377987
3,7,12,2,223,58.80119946
10,2,7,0,224,63.29496161
18,6,9,0,237,97.54542041
9,3,2,0,230,25.82933809
8,5,11,2,222,66.17741796
19,4,6,0,221,61.05757352
21,3,1,2,229,42.69622244
1,4,7,1,232,11.73187517
5,2,6,1,219,53.17492584
14,7,5,0,231,41.61203075
1,6,2,2,213,94.79355089
12,3,8,0,230,80.80339872
10,2,4,1,218,72.33362066
15,4,5,0,220,41.58532014
23,1,6,2,220,50.6814378
9,5,10,2,227,11.99584938
20,7,8,0,228,34.9463489
20,4,11,1,227,77.9734007
22,7,4,0,216,36.44547063
21,5,1,0,229,58.76883468
9,6,5,1,223,26.88025791
11,3,6,0,216,50.95710578
22,6,3,1,222,22.56715247
6,6,12,1,220,45.39017304
23,7,10,2,230,49.40556725
11,6,4,0,224,59.46597662
16,6,11,1,214,81.89999013
0,6,5,2,222,59.45579272
15,1,3,0,214,40.56606738
10,4,7,1,238,79.0757653
8,7,12,1,224,88.83307323
9,4,6,2,230,26.54630321
1,7,5,2,222,58.27239008
2,5,2,2,218,50.52521078
8,1,6,2,218,39.45196311
2,1,7,1,237,51.50784868
21,7,6,1,224,95.78745281
18,6,1,1,229,46.11573271
8,4,2,0,220,38.45651529
3,3,10,0,228,78.42825124
22,7,1,2,227,74.47507746
6,7,11,0,222,19.57979454
18,4,8,1,213,98.95861551
0,5,7,1,217,52.98231285
5,4,2,1,220,51.48122302
16,6,10,2,218,54.38650319
16,4,10,2,220,44.48680295
3,5,1,0,224,60.20539196
23,3,11,1,220,99.58495942
11,6,11,2,221,98.14789656
0,2,7,0,237,48.39180814
14,2,11,2,224,55.34996041
21,1,3,1,228,95.71073369
4,7,2,1,229,19.24636497
20,4,7,2,217,49.3680958
1,3,7,2,226,70.71365615
2,3,2,2,214,31.61307384
1,7,7,1,231,40.36121165
18,5,11,2,224,13.95667828
11,4,11,2,227,96.76986449
23,1,5,1,234,16.29339328
4,6,8,0,220,34.32968188
12,7,8,1,219,52.81542908
17,4,9,2,231,93.17221954
21,7,4,2,233,54.60979569
11,5,8,2,222,24.50239574
8,5,11,2,225,34.00265248
0,1,4,1,220,34.04318023
22,3,12,0,221,10.98617932
15,6,8,2,227,96.32803758
23,6,8,1,232,80.81076577
0,1,6,2,231,91.06376078
13,5,9,0,231,92.54859297
14,5,7,2,234,57.4419732
12,5,10,2,215,64.43341855
9,2,9,1,212,51.10659767
20,1,5,1,233,79.59425663
14,1,8,2,225,77.12580088
11,7,7,2,233,38.84328826
17,2,6,0,222,44.37046342
6,3,12,1,233,53.48682081
22,2,9,2,233,70.77366502
21,2,5,2,225,41.36349593
12,4,2,2,225,27.27538076
7,4,12,1,233,45.17031844
12,7,10,1,218,64.14048552
14,4,9,2,232,84.68736554
17,2,8,2,214,24.00329124
5,7,8,0,217,12.71703318
23,4,3,1,227,70.80439223
17,1,10,1,236,84.37705178
22,2,12,2,222,96.16905959
3,3,9,2,221,15.48283303
13,6,10,1,220,23.38368184
14,7,7,0,217,48.5929406
22,4,3,0,222,77.44464334
19,5,1,0,221,70.92906857
13,3,4,2,224,15.25456549
17,5,9,0,216,34.86447828
12,2,2,1,236,89.86316093
23,6,1,1,222,84.28530197
23,7,10,0,233,99.0341786
12,6,3,0,233,81.22953553
7,6,1,2,214,48.26266925
8,1,4,1,223,23.6522589
19,1,5,0,217,97.61312937
22,4,11,1,233,42.18151765
14,7,5,1,220,41.29678817
22,1,1,1,237,58.04953065
0,3,10,1,217,47.08219291
3,5,11,1,235,38.7023685
19,4,4,0,226,83.90774681
4,4,1,2,219,53.67754037
2,4,4,1,219,20.08562106
6,5,1,2,226,61.16730811
6,6,1,2,216,84.52931277
23,3,2,2,234,85.60552714
21,4,2,2,220,83.45364287
11,5,1,0,219,42.36350805
22,3,4,2,223,79.87960952
7,2,1,2,230,18.31563871
15,7,9,1,222,18.31755033
23,2,4,2,228,34.39521215
1,2,3,2,221,61.32572804
15,1,10,2,224,68.91799299
0,7,2,2,219,61.90520056
7,1,12,2,218,21.50916509
14,7,11,0,223,60.60737368
19,4,10,1,222,36.33959565
15,7,12,1,228,14.03749033
9,1,12,2,225,67.3510981
22,2,9,1,219,20.08809104
4,4,4,2,237,47.85205174
6,3,1,2,230,39.20013584
13,1,4,1,222,91.08377939
1,2,11,0,228,51.76153422
20,3,3,2,229,45.00366635
16,1,8,1,220,88.43838053
17,2,4,2,236,40.16964901
11,4,1,1,236,61.51162537
12,1,10,1,226,50.66230151
20,1,11,1,212,47.7594847
18,6,6,1,224,49.0354311
23,4,4,0,231,31.16694299
11,2,11,2,219,92.38809236
23,5,2,2,222,98.87108536
5,1,3,2,217,12.21502433
21,1,4,0,230,94.83905262
17,4,8,0,223,71.7468314
19,4,9,2,224,41.0640461
9,6,2,1,213,24.60048433
7,3,5,1,231,52.01066014
21,7,3,1,220,46.03356972
21,7,1,2,231,47.85108804
14,3,10,1,218,57.40466121
7,1,4,1,224,91.22318864
18,5,7,0,222,79.18350944
2,6,4,2,230,84.15571568
5,7,2,2,216,62.03967998
2,4,1,2,238,25.6990697
15,2,12,0,219,87.35703051
7,4,2,0,219,24.39512817
17,5,10,1,218,68.14454514
22,3,11,2,219,43.6373725
15,3,3,1,237,63.59764994
10,3,10,1,221,31.26561682
8,5,9,1,232,95.97492696
20,4,10,2,222,19.87437796
17,7,11,1,219,93.78515285
22,2,2,1,217,99.14734213
18,3,4,2,227,73.59839463
22,7,3,1,233,48.38041026
19,2,8,2,223,79.01330557
19,2,2,1,228,28.27173159
2,1,7,1,230,79.27490229
8,2,6,2,218,18.19129695
19,5,12,2,220,45.62621331
0,3,11,2,235,69.33429306
4,7,8,0,221,46.17979273
20,2,12,1,215,94.9541036
3,5,7,2,232,93.85544148
23,7,11,2,221,84.52609492
5,1,9,1,219,98.60687098
4,2,6,2,222,43.38369512
21,1,7,2,217,64.1869466
3,7,1,0,226,99.06226197
8,2,1,1,232,58.03185696
13,7,1,0,226,25.3566542
11,6,2,0,232,75.14933602
16,7,12,1,228,95.08725289
17,4,12,2,223,99.41175409
21,6,8,2,228,99.32216441
5,4,5,1,233,30.73529038
7,6,3,2,222,14.76972165
19,2,6,2,225,36.54163741
1,7,8,1,214,20.43825881
0,7,3,1,220,44.12774346
21,2,4,2,212,24.52784041
17,1,8,1,226,29.76775346
3,6,8,2,234,46.34658658
20,5,5,2,220,29.27267145
10,3,9,0,233,19.58741849
14,3,7,2,230,83.69368586
18,7,7,2,230,43.70691594
4,6,6,2,219,67.84624155
6,5,9,2,223,55.9757091
9,6,8,2,230,58.76062314
9,4,3,2,215,10.68883232
3,5,9,2,227,85.1307275
2,4,9,2,236,38.84466112
17,2,3,2,232,73.47574005
8,3,6,1,216,29.45824051
22,2,6,2,220,28.90676365
21,4,12,2,220,79.31568326
10,3,7,1,230,14.48276273
5,1,6,1,226,48.36591971
11,3,1,0,227,50.83830022
9,5,1,2,233,62.34943729
21,2,11,2,231,41.6938437
8,6,2,1,224,48.18208329
15,5,7,2,218,83.31147334
13,4,6,2,217,99.58361956
7,5,7,2,221,57.20985884
23,4,9,2,233,42.57901125
10,2,12,2,218,88.90913004
6,3,9,1,237,63.28994226
20,5,5,2,221,11.05772881
9,5,1,2,222,62.53776572
7,2,9,0,233,81.33284599
15,1,7,1,231,24.09654837
8,1,10,1,212,27.74659228
11,1,5,1,230,55.34349773
9,6,3,2,227,85.88900215
9,3,9,2,221,95.15431484
14,6,12,2,217,72.38871215
1,1,4,2,224,61.67316659
10,1,12,0,218,70.36901802
0,6,12,2,225,68.80968866
5,2,4,1,222,99.3883465
4,5,11,2,226,68.79683162
3,6,1,0,230,50.23550531
8,6,6,2,229,96.767219
1,7,1,1,222,98.26436228
3,1,2,2,231,70.49229249
5,1,9,0,230,89.41641007
12,5,3,2,220,67.09153382
22,3,8,2,221,91.19386115
17,5,5,1,219,26.54364386
7,1,1,2,226,65.31315545
17,4,9,2,218,51.35874756
10,2,5,0,230,59.62338536
10,7,6,0,230,40.72207648
4,3,6,2,232,21.29226542
23,2,5,0,229,32.35786434
7,6,6,0,230,56.0319752
18,7,7,0,214,76.59341416
22,2,2,0,222,89.85610628
9,5,11,1,231,17.19291519
5,3,1,0,232,49.98662708
2,2,5,0,216,65.22483667
8,4,5,0,227,79.5368396
15,5,8,1,238,67.55825061
3,4,6,0,222,37.32395923
15,7,7,0,222,38.04165305
16,2,1,2,223,46.36764331
11,1,5,1,221,86.6710736
10,6,3,2,224,95.62112351
20,5,12,1,232,80.12377835
6,4,5,0,220,74.22262722
3,7,1,0,223,48.07465944
16,7,3,1,236,72.70099542
19,6,7,1,232,97.68988859
20,6,10,2,221,19.42542546
21,7,8,1,229,59.70147685
6,5,10,2,217,55.09943675
4,6,7,0,228,35.05749638
4,1,6,1,226,94.00475296
18,5,5,2,219,56.16392404
17,5,4,0,234,13.30693782
6,2,4,0,215,67.25783248
8,6,3,1,224,13.11772918
1,5,4,0,221,93.08150706
22,4,10,2,231,96.64799107
4,5,3,0,228,77.3012391
8,7,4,2,221,16.9724501
8,2,10,1,237,17.00751608
9,7,9,2,224,58.73900099
11,1,10,1,228,61.34955358
7,6,4,2,229,40.9452819
12,6,1,1,218,63.91479508
0,7,4,2,230,93.45097876
9,1,4,2,225,88.2661507
16,1,3,2,226,18.21509
20,4,4,1,229,48.00008519
17,7,8,0,211,77.23737103
4,6,2,2,222,77.73234301
13,7,11,2,231,28.62587039
20,2,4,2,227,83.61987032
2,2,2,1,229,80.57024256
13,2,4,1,216,11.89373006
21,2,4,1,219,96.4071962
0,6,4,0,231,46.13319619
8,4,1,2,220,73.84068176
4,7,8,1,229,72.76997311
19,3,6,1,234,65.21520971
0,5,4,0,226,96.02971155
11,6,3,1,233,17.00095733
9,6,4,1,232,41.3149405
9,2,11,0,228,73.1655553
1,4,12,0,213,23.90426846
23,1,4,1,211,90.54254639
4,3,6,1,224,19.91547925
2,6,11,1,224,80.38615024
19,4,2,0,218,91.51468528
14,3,6,1,224,17.93418294
16,7,12,2,226,13.32180955
18,6,5,0,234,28.7576519
12,5,8,2,219,71.66212131
9,4,2,1,228,32.06202911
17,7,11,1,223,60.75659654
4,2,6,1,233,39.79707522
7,7,1,0,215,38.4209098
18,2,8,1,227,95.35237733
1,4,10,2,214,29.44325307
3,3,7,0,236,89.68185401
21,6,11,1,230,81.2755349
16,4,7,1,218,84.32658748
23,1,4,2,215,26.95603601
22,6,2,0,233,21.20123753
20,6,8,1,232,79.43373527
14,5,4,2,235,25.60267433
1,3,9,2,227,94.65320741
7,6,6,0,237,79.63090595
14,2,5,1,221,80.49218965
13,6,4,0,229,82.79621967
23,4,12,2,231,73.43903883
6,4,1,0,213,99.1937875
21,3,6,2,218,67.08955335
9,4,9,1,223,53.75331999
19,2,1,0,236,73.71092988
22,2,11,1,212,37.03102533
13,3,3,2,221,86.88251178
18,2,2,2,230,29.9938087
5,3,2,1,238,96.01120374
20,1,1,0,222,72.12815378
5,5,8,1,224,52.46889141
3,2,5,1,229,96.98886387
10,3,11,2,236,18.08059757
4,1,7,1,238,61.41432249
8,2,9,0,232,41.59477538
11,2,4,1,228,92.16042342
8,2,7,0,213,49.25031053
2,5,9,0,222,61.7644363
13,1,8,1,236,90.56685104
2,1,3,1,221,76.97887997
23,1,12,2,216,15.73936967
20,7,5,0,238,78.15574055
22,1,3,0,237,40.24812668
4,1,2,1,229,46.52754663
23,3,1,2,235,91.38930573
9,2,5,2,213,78.97480292
23,5,10,1,223,99.27035669
8,3,8,0,223,81.88337627
1,6,5,1,225,64.48062889
0,1,11,1,234,28.55549658
5,2,11,2,219,73.47774556
7,1,2,1,223,70.74269788
2,2,6,0,225,35.57593121
3,3,7,2,237,31.84965835
19,3,8,1,234,52.78467399
1,6,6,2,219,96.19747089
7,3,6,1,226,78.1053845
1,7,10,1,227,63.5186638
19,7,9,1,225,84.67483807
1,1,1,0,214,29.93722186
18,6,6,1,227,38.38854983
23,3,1,2,220,45.26431347
21,5,10,2,226,78.44542653
12,2,3,2,221,42.75967554
0,5,7,1,230,54.03743024
4,2,9,0,229,36.41644349
2,3,6,0,233,76.71821321
4,2,3,1,228,80.94985047
12,6,7,2,220,73.90966431
5,5,9,0,228,36.9404229
18,6,4,0,225,67.74409162
19,4,5,2,224,15.82755629
1,3,3,1,225,91.09517942
5,6,5,0,214,77.40513965
14,3,8,2,213,49.52090685
19,4,9,2,232,62.32956173
10,1,9,2,222,10.00271508
7,4,7,1,219,14.54561726
12,5,3,0,228,33.82439076
18,6,5,1,230,93.28577391
15,5,6,2,231,44.39509338
15,6,3,0,217,43.16834916
11,4,7,1,219,17.95612169
15,7,1,1,231,61.51470054
21,2,1,1,230,75.11425115
7,3,3,2,238,88.22013477
19,7,9,2,225,97.19273908
13,4,5,2,213,34.9996846
10,1,8,2,228,57.01742677
14,5,9,2,235,19.65634184
6,3,9,2,226,27.78824683
20,2,2,2,225,45.28931531
1,4,12,2,221,95.16319654
22,7,3,1,223,87.67467588
23,1,1,1,216,37.54930147
11,5,7,1,228,14.68239763
19,5,11,2,226,59.8038481
14,5,4,1,219,22.20948922
21,7,8,1,220,71.37333947
11,5,10,2,234,12.97583002
17,5,9,1,218,80.34946467
15,5,6,1,235,69.84984247
11,1,8,2,222,86.7408303
11,6,12,2,222,94.90388609
3,4,7,2,221,80.67931862
21,2,2,1,232,97.14613166
9,6,2,1,232,41.18919576
4,4,10,1,229,56.17623144
13,1,10,2,232,90.4715265
19,4,2,2,233,80.20914478
7,4,2,2,232,96.58717088
10,6,2,0,224,76.30410914
5,1,1,2,238,16.63910015
17,5,7,1,225,58.65362199
22,3,3,2,220,79.0002222
15,6,7,2,224,52.85048863
20,7,6,2,237,77.496884
23,4,8,2,226,33.166965
3,3,6,2,220,76.32073698
7,6,5,2,227,66.58587043
22,3,9,1,221,52.2002009
11,2,9,1,215,38.42276621
21,7,8,2,224,59.53526569
18,4,11,0,219,33.89218792
12,6,1,1,223,15.80571247
19,1,9,2,238,82.97755089
1,1,2,2,238,46.1746395
21,1,8,2,214,55.61875206
10,2,1,1,232,49.49591174
2,6,2,2,227,16.99704503
13,7,1,0,221,68.06241515
14,2,8,0,235,83.05363918
2,7,2,2,219,53.84752087
10,3,11,0,236,71.09723049
18,4,1,0,216,53.53187558
4,5,12,0,224,34.79992771
18,1,9,2,219,42.5701145
18,1,11,1,230,11.25573346
13,4,5,2,233,72.2689876
11,7,7,0,217,95.67126665
12,6,6,2,219,73.21290141
22,6,8,0,220,93.11617776
4,7,7,0,220,50.59755951
8,1,11,1,219,51.0587877
15,2,12,1,213,26.81885244
23,2,5,2,224,96.64980336
23,1,10,0,227,12.41448374
9,5,6,2,228,42.40456419
9,5,3,2,228,96.02153255
7,1,1,2,220,79.4064162
16,5,4,1,229,59.81093839
11,1,8,0,227,63.47643915
4,2,5,1,228,83.8788667
19,2,1,2,227,46.32909152
11,4,4,2,220,34.3009457
9,4,9,2,212,33.66547883
4,5,3,1,224,36.80081041
7,3,9,1,223,24.76710785
17,3,7,1,225,57.24086654
3,2,2,1,228,73.76848489
19,5,7,2,217,67.66856713
4,7,1,1,230,28.13814512
0,7,9,0,237,57.37940048
3,7,3,2,216,62.07484853
13,6,4,0,222,10.59847685
9,2,10,2,224,33.85412354
7,3,11,2,215,59.32007185
16,7,10,1,230,14.78508559
5,7,8,1,216,33.99931419
15,5,6,2,226,70.20951708
0,6,3,0,226,37.72460003
14,6,1,1,214,67.91039122
13,3,10,2,227,64.65624172
14,1,10,1,235,73.33048915
9,4,7,1,228,83.77269926
17,7,2,0,218,93.66363014
5,4,12,0,237,26.64862923
11,6,5,2,224,16.884577
16,2,3,0,234,99.14438626
19,7,10,2,221,92.48140278
21,4,10,0,226,67.60172873
21,3,9,2,226,28.8373827
3,7,5,1,229,81.64655841
9,7,6,1,211,49.50928422
4,3,3,0,223,73.75324181
23,2,11,0,231,41.0530899
23,2,6,1,231,43.36848707
22,5,1,2,224,68.36980635
22,4,4,2,232,14.14069532
17,7,5,1,229,53.52690087
22,2,3,0,223,95.15109304
4,2,6,1,229,24.87004477
3,5,6,2,230,75.61183141
9,4,2,2,226,14.47218536
14,7,9,2,229,68.46368204
18,5,5,2,231,39.20649985
20,1,8,1,224,69.07318666
7,5,11,2,225,95.42589879
19,3,3,2,233,19.59844713
10,7,3,0,213,79.88283765
10,7,7,0,222,85.46997993
0,6,8,2,236,22.99399636
6,7,3,0,222,77.16822696
6,2,11,2,226,34.6683352
3,5,6,1,225,39.23091648
14,3,1,0,231,77.40678509
8,2,3,0,233,68.70401362
2,7,3,2,215,38.68874163
3,4,6,2,216,12.68252957
6,5,11,0,217,92.82710291
16,7,7,2,222,99.83336604
11,1,6,2,228,79.27949111
21,7,5,1,221,62.34038075
7,5,6,2,215,42.58259839
10,2,6,2,224,39.06058658
22,7,11,1,224,40.09111625
2,6,1,1,214,77.89717635
21,4,5,2,231,77.80499929
14,6,3,0,223,67.53937558
5,5,7,1,228,65.01566107
8,2,10,0,220,13.87036713
15,6,10,1,231,46.09504049
17,2,8,2,218,75.95592238
12,5,5,2,221,73.49431637
17,2,3,2,231,99.23634878
13,6,2,0,224,31.88450094
15,1,10,0,236,38.2011328
23,7,9,1,220,63.48239703
23,5,5,0,216,88.25397377
15,1,3,2,225,51.82191643
8,5,6,0,216,76.48007801
19,1,11,2,217,71.3769775
18,6,11,0,215,79.51103522
21,1,7,0,235,70.40521955
17,4,12,1,229,76.52588582
6,2,10,2,223,84.74639673
19,5,9,1,228,89.46774408
10,7,3,2,219,63.19382105
15,3,8,0,215,97.13113741
7,5,9,1,227,90.68582467
18,4,1,2,213,85.88023505
17,2,8,0,231,56.08608447
8,2,8,0,227,25.74716939
2,3,4,1,220,66.39332488
20,3,5,0,219,53.26144596
16,7,12,1,224,77.53169435
13,4,7,1,236,46.53730574
5,5,6,2,230,14.97284191
22,7,2,2,226,34.3123467
6,6,9,0,230,35.40315779
10,6,2,1,234,61.36046878
20,4,9,1,213,60.75452285
8,7,6,1,219,78.17186371
0,5,4,0,219,44.72802512
8,5,2,2,223,92.78369424
10,5,1,0,233,18.16690538
17,2,6,0,223,70.07666097
6,2,8,2,221,70.96004243
15,7,8,1,229,92.86622871
18,5,9,2,236,29.55663671
4,3,6,0,232,35.13459608
5,2,1,2,230,63.40975582
11,6,1,2,229,78.85455353
15,6,5,0,232,82.44683195
18,5,1,2,231,74.56051651
4,2,4,1,219,89.15489781
12,7,4,1,221,34.23383027
13,1,10,1,225,63.77248176
21,6,7,0,229,82.34447237
2,2,9,1,228,78.01458177
22,5,4,1,223,45.51339949
6,1,4,2,222,72.20130709
21,6,5,1,225,71.72641526
21,4,11,0,232,17.82228719
12,1,8,2,220,40.8220186
14,4,10,0,224,79.28291838
6,1,8,2,217,11.59458547
12,7,5,2,230,75.22470072
8,6,5,1,232,37.16357207
2,6,2,1,226,40.2182135
14,5,5,1,221,71.51994284
11,3,8,1,214,16.53455339
7,7,6,2,235,14.45977249
5,2,11,2,234,71.97388191
22,1,2,1,237,51.90981413
17,7,4,2,217,65.56775728
7,2,7,0,214,18.03304094
14,1,8,1,236,52.95981551
22,3,8,2,223,95.29540878
7,3,8,1,223,42.59801041
0,5,3,1,216,52.04823765
5,3,8,0,222,97.58588255
20,5,4,1,219,35.67339565
12,4,7,1,213,32.17841532
9,3,10,1,220,76.74064959
0,4,1,2,226,59.31143274
9,5,6,1,222,72.52643069
23,1,9,1,223,82.01923095
2,7,5,0,220,94.11481823
3,6,2,0,235,95.64252031
12,2,8,1,233,30.72697146
6,4,5,2,224,80.47127688
0,4,11,1,235,64.03533078
15,5,6,0,224,78.57319832
13,7,12,1,218,48.77893928
14,7,1,1,233,92.77506072
15,2,3,2,219,74.35427828
15,3,8,0,231,99.33619772
19,6,4,0,221,68.346224
7,4,6,1,227,32.32554276
4,3,2,1,227,51.72534513
6,7,2,1,227,10.6457225
9,6,2,1,234,28.32800643
19,5,1,2,216,53.37210073
13,3,9,0,231,61.97712385
11,7,10,2,223,62.42035572
13,2,9,1,219,38.57417134
17,2,6,2,226,18.50702174
17,6,10,1,219,32.13401181
4,6,7,1,214,98.04388586
13,1,2,1,220,77.75608384
23,4,3,1,227,14.42492208
17,1,8,1,229,42.06671536
17,4,9,1,218,95.92263686
5,1,3,0,226,86.70264688
13,6,4,0,221,97.44056493
6,7,6,0,214,22.70874608
9,1,12,0,223,48.66930194
1,2,12,1,218,13.72360479
20,5,9,1,217,70.76819333
1,4,7,2,223,44.80408534
11,5,6,2,229,58.2952032
17,2,10,2,236,80.35186219
12,7,2,2,230,80.50279056
2,5,11,1,213,66.4369292
12,5,9,1,229,73.78083705
17,3,8,1,226,16.64007436
20,7,10,2,223,27.23805508
21,2,9,1,214,92.98669147
20,5,9,2,218,44.58942208
20,5,4,0,233,81.28164215
22,7,11,2,233,91.0841387
18,4,6,2,212,33.0345541
14,4,1,1,227,62.38457757
20,7,6,1,238,51.62704133
2,6,6,2,228,98.86367741
5,3,11,2,223,52.58429976
21,3,11,0,226,71.59365976
23,4,10,0,229,73.09599092
22,4,7,2,225,11.21617143
11,2,5,1,230,51.41231165
11,2,5,1,218,57.37117288
14,5,6,1,232,98.04466088
6,7,1,0,230,66.55943456
18,6,3,1,231,53.91923559
18,1,8,2,222,39.97190592
14,2,4,0,221,32.74382937
12,1,3,1,234,42.83996096
12,2,4,2,227,65.39032948
14,1,4,2,226,66.25821552
18,1,11,1,233,38.38296266
12,3,6,0,219,54.65365567
4,7,5,0,226,12.52812105
8,7,9,2,225,69.20348073
20,5,11,0,231,87.39404322
12,7,2,1,236,19.15748225
5,1,10,2,214,59.74410149
23,6,4,2,225,46.37697013
12,5,8,1,220,60.34378224
3,2,8,0,227,81.07405116
11,4,7,2,238,75.90983575
6,2,12,1,218,97.13274741
22,2,11,1,228,81.39688793
2,6,5,1,233,64.28215534
6,6,3,1,226,15.03006797
7,7,4,1,221,82.62503518
5,2,12,0,218,63.88279774
4,5,6,2,230,70.00917492
19,3,3,1,222,38.49707638
23,1,2,2,229,47.57278012
7,7,1,2,216,41.10164051
23,4,7,2,226,80.06329603
3,3,4,0,220,75.94972687
23,4,6,0,232,59.97120448
18,6,9,2,221,20.19637282
20,5,2,0,214,50.81069684
7,3,4,0,231,32.58643778
16,7,5,1,231,29.31246534
20,3,5,1,231,59.57223192
1,3,7,1,223,62.192171
13,7,11,2,228,95.98435114
14,7,8,1,236,10.97534747
1,2,8,1,230,32.79451726
6,5,9,2,212,56.52798647
23,6,10,2,232,12.42940465
12,2,8,0,225,51.74488262
17,5,11,2,234,63.21074822
5,4,10,2,220,84.8193925
18,3,1,0,217,57.44239761
23,2,5,1,226,40.83440263
18,5,10,0,224,48.25453365
2,3,10,1,230,83.20310538
14,7,11,2,217,37.7678668
19,3,6,1,227,88.74213401
10,6,8,2,230,85.43993281
7,6,8,1,225,95.89481621
19,6,10,2,235,46.65972679
14,7,7,2,225,40.22635568
5,2,7,2,227,58.66384528
3,4,2,0,216,59.10831571
2,5,10,1,231,36.97405656
11,2,11,1,226,58.62097897
10,2,3,1,217,66.47265212
20,4,6,0,223,63.67637103
13,1,11,2,220,32.4060606
9,1,8,1,217,78.57056429
18,6,3,2,224,35.56780801
22,4,1,1,229,96.78778647
11,3,9,2,221,27.52900357
1,1,4,2,220,44.66808839
23,5,7,0,218,64.36854973
19,6,8,1,230,12.24158609
22,7,5,1,229,23.21855906
5,2,6,1,215,85.44804865
19,7,4,2,221,10.38678578
2,1,11,1,224,57.96885775
9,6,2,0,232,85.1782805
6,5,7,2,223,18.38746625
19,2,5,1,220,32.5502217
8,3,11,0,229,48.12782953
5,7,12,1,239,64.18096257
6,6,5,1,223,29.07848551
14,4,7,0,235,88.14037307
17,1,9,2,217,88.86544888
22,1,2,1,222,89.89353167
7,6,9,0,221,81.59367933
17,4,7,1,217,59.96600504
15,1,7,2,219,11.61656188
19,2,8,0,219,85.14495303
13,1,10,2,228,68.31502405
8,3,2,2,228,20.98421478
10,5,11,1,217,72.27124241
23,6,6,2,234,15.56650676
18,4,2,1,234,94.40255504
8,1,1,1,222,28.90059129
21,4,1,2,218,85.96000961
0,6,11,0,227,40.79013827
19,5,2,1,231,75.98827186
23,6,8,1,226,85.55912963
6,7,8,2,226,38.06137977
1,1,4,0,223,33.19048286
12,7,1,0,231,24.2168243
17,7,10,2,222,14.23045659
23,4,3,1,218,55.7331829
16,1,11,1,222,25.92386571
9,3,10,0,215,15.79504754
1,4,4,1,238,39.63729634
4,2,5,0,222,45.19439191
9,6,3,0,236,39.13222945
11,7,9,0,227,95.7193843
8,6,10,0,230,30.96251554
10,3,11,2,228,79.91382607
2,7,11,1,227,85.76152643
5,2,4,2,215,39.00902175
18,2,11,0,225,69.80915958
11,3,11,2,221,11.89172943
13,6,7,1,216,59.70591949
13,7,6,2,217,71.19097859
19,4,3,1,217,80.99742869
11,7,4,0,217,27.67545848
4,1,3,1,218,47.34815943
11,2,6,1,229,35.36489395
18,3,10,2,232,21.69384283
20,1,10,2,234,86.5347728
2,1,3,0,229,65.78843221
12,5,3,2,236,52.68322238
8,2,1,2,234,74.4195103
3,6,11,2,224,53.24046584
10,1,8,1,233,93.96574725
9,6,9,0,218,36.8842675
18,2,3,1,214,84.83680781
8,3,10,1,215,13.45428733
23,5,9,0,236,78.34219003
20,7,9,2,217,11.69493267
3,1,9,1,219,27.11797754
8,7,6,1,223,17.02826695
12,2,8,0,224,57.6364194
8,7,8,2,228,16.90872978
6,1,11,2,228,59.09943965
17,3,6,0,222,59.18854501
2,4,8,2,217,40.30052918
20,6,5,0,226,16.50296619
6,2,8,1,219,48.17179573
23,6,1,0,238,35.92452248
14,2,1,0,220,83.1994741
18,1,4,2,223,28.26036779
0,4,11,1,227,10.82255637
8,2,1,0,233,74.72612757
0,7,11,0,213,92.30781941
7,4,2,2,218,59.489795
21,5,3,2,224,39.13160383
16,4,9,1,221,69.83183071
8,3,6,0,230,45.69809364
19,6,11,1,229,79.01642981
22,1,6,1,217,11.57088123
7,2,9,2,234,77.92271397
21,5,9,1,222,91.03008918
0,6,4,2,222,89.26551869
10,7,4,0,236,35.67171171
19,6,12,1,230,69.01158706
14,7,4,2,229,95.19298516
18,3,9,2,216,19.38905841
11,7,5,2,216,83.36661025
23,6,9,2,221,31.1346914
7,7,4,0,223,57.10919508
2,3,10,2,221,73.15863762
16,5,11,1,238,18.43788875
9,5,4,2,232,35.47976319
21,5,7,0,219,48.92110134
0,1,3,1,226,60.71828831
20,2,3,2,224,27.4315029
11,6,10,1,214,96.09645249
10,1,8,0,228,96.03129867
7,6,3,0,227,86.33483899
0,5,11,1,218,33.43628959
9,1,11,0,228,96.66813808
22,5,9,1,228,79.83443745
17,1,5,2,226,79.0898337
15,2,6,1,232,10.07197396
6,1,6,2,229,91.04900576
10,7,4,2,232,67.16528827
21,2,2,2,236,14.80702788
18,5,7,2,223,56.34687057
4,1,4,2,225,89.89161077
14,5,5,0,228,37.0851986
14,7,5,0,236,54.74747884
10,5,12,2,227,62.84990466
18,5,1,1,226,11.7615632
21,6,12,0,220,34.86704784
3,4,4,1,230,65.9186207
13,7,5,1,227,15.18666139
14,2,2,0,234,36.35686263
8,3,9,2,231,39.05589607
19,4,12,0,228,49.02805563
7,5,1,0,215,55.88342461
18,1,1,1,226,76.51789561
6,7,7,1,223,84.98022952
20,5,4,0,224,37.16371574
8,1,9,1,218,14.25037683
9,1,5,1,229,50.35185794
4,3,1,1,236,84.75221346
17,1,7,1,225,56.03499742
16,7,2,1,231,40.52130944
1,1,11,1,218,86.15088351
17,1,10,0,219,78.74431205
18,2,6,1,235,37.08636734
14,5,1,1,223,38.00542566
3,4,9,1,226,92.03362407
10,4,9,1,221,93.91954764
17,2,9,1,232,66.1860686
12,5,11,1,221,82.72768071
16,3,3,1,220,72.75591632
3,4,7,2,237,44.81808921
2,3,6,0,225,12.20032206
15,2,6,0,217,62.77297404
0,1,12,2,214,36.71582644
13,2,9,0,227,28.80564235
20,1,2,2,235,79.16386844
4,3,4,1,227,96.15317604
14,4,5,2,214,30.18723649
2,2,8,1,218,67.86677143
13,5,12,2,221,14.8426657
13,7,1,1,228,69.15837425
20,4,10,2,220,87.12549674
6,6,5,2,230,22.26599449
14,4,2,1,226,20.69049245
19,7,4,0,230,58.46200609
9,1,11,0,224,65.09596559
3,7,4,0,230,17.1802644
13,5,2,1,227,85.72729793
9,6,5,0,230,68.28481302
13,5,7,0,225,84.92178475
21,7,1,0,220,25.22248024
3,4,3,2,219,54.65408227
5,3,10,1,224,46.44424703
13,1,9,0,230,10.41606779
5,6,2,2,222,65.09751409
14,6,11,1,225,44.09596288
21,4,1,1,218,73.21790118
2,4,9,0,221,11.84243215
7,3,3,1,226,96.88832324
5,6,12,2,234,10.96175056
1,6,12,2,212,58.84755283
3,1,3,1,231,79.19110921
13,7,7,1,228,22.22844275
7,3,9,0,236,16.78187316
2,1,5,1,214,25.08942317
4,3,9,2,216,81.89548392
22,1,8,0,222,65.02596888
15,4,6,2,229,76.98655701
10,1,1,2,232,11.98718535
19,1,4,1,216,12.92190859
5,7,2,2,225,43.14873228
7,2,5,0,228,19.52093259
10,1,8,2,227,92.32754645
16,1,10,0,235,88.00235422
7,7,6,1,226,37.77560219
0,2,1,1,221,47.08142607
21,4,9,2,226,27.69362293
7,7,1,1,226,33.41461591
10,6,2,2,218,48.09651495
6,1,9,2,218,67.45359157
13,4,4,2,237,78.99609977
1,6,5,2,233,49.58344618
17,3,6,0,235,27.59663994
16,5,1,1,225,88.9350564
2,6,4,1,219,52.9665701
18,1,9,0,221,96.66129005
0,6,2,2,224,57.84489411
21,2,8,0,220,16.82166811
3,7,1,0,227,47.21646111
3,2,9,0,230,81.28727344
9,7,1,1,218,24.85313679
5,2,8,2,231,67.45270778
13,6,9,1,218,70.52245501
5,4,3,0,228,68.05576749
1,6,11,1,231,39.53822374
5,2,8,1,222,74.14564471
18,5,10,0,223,59.7802377
9,1,8,0,230,41.20096586
22,1,1,0,219,57.51553704
10,7,4,1,218,61.7855771
6,5,3,0,229,83.64611234
21,2,3,2,224,58.11077577
1,4,6,0,217,41.00575238
12,4,3,0,236,85.57131183
13,6,9,2,230,38.53305977
12,6,11,2,231,45.91064497
21,7,10,1,221,32.35128748
10,1,4,0,237,50.41056256
22,6,4,1,220,36.96491135
8,3,1,0,227,79.56325308
23,2,8,1,230,72.31117032
13,6,1,0,216,98.83703545
6,3,3,2,220,45.11858352
14,4,4,2,219,91.35055721
7,4,10,1,218,59.59150141
22,2,11,2,230,73.79188398
23,5,3,1,211,25.4485508
5,3,8,2,224,84.06370927
20,2,11,1,214,49.87635868
10,6,5,2,225,73.51100385
17,2,11,2,229,69.20729296
23,6,6,1,235,15.00824221
4,5,5,0,236,65.64455061
7,1,4,2,225,27.47838795
15,6,2,1,224,35.32000575
15,7,1,2,227,86.9811388
14,6,3,2,223,23.5682775
12,4,5,0,217,87.23497546
4,4,1,2,217,20.3668522
20,4,12,1,233,98.91885052
3,4,5,1,221,53.5391881
10,1,7,0,219,31.91584202
4,4,9,2,236,38.56401679
17,7,3,2,215,81.15771627
15,5,1,1,220,12.82535267
13,5,8,0,229,48.00986178
6,2,11,2,223,91.00860178
2,4,8,2,223,20.72964276
2,5,8,1,226,86.64220483
15,5,12,0,229,37.51000269
1,4,11,1,223,71.84766749
4,3,12,1,231,61.30673913
22,2,10,1,221,68.49212486
0,2,11,2,230,43.26601323
8,6,5,0,234,86.16194181
5,7,9,2,230,77.01474078
0,1,5,1,221,64.05485226
5,1,3,0,228,93.23731635
0,1,5,1,221,20.59399808
13,7,3,0,221,23.44417168
1,4,2,2,211,44.33427343
16,2,1,0,220,91.76065628
16,1,8,1,232,76.08831288
7,7,11,2,229,38.53455833
17,5,10,2,234,62.53376137
20,2,8,1,228,65.12315451
10,6,3,1,237,62.43526911
7,5,3,1,215,64.61978205
18,4,5,2,228,55.35422119
1,5,11,2,218,29.81853888
1,3,8,2,236,90.72733856
16,3,3,2,218,95.56485408
13,2,4,2,224,70.96942852
0,1,10,0,231,83.07316031
3,4,4,1,228,70.72247848
18,4,8,0,220,33.78213635
15,4,7,1,225,51.1613994
18,3,3,0,212,56.86283692
7,2,4,0,227,65.12178057
7,5,7,2,225,68.20222247
21,3,1,0,219,75.34767562
3,6,10,2,235,73.12468513
0,5,8,2,217,65.49235338
4,5,4,2,226,25.59371375
19,4,8,1,231,78.04368148
6,7,2,2,223,79.092669
1,3,10,1,231,51.90950963
20,1,1,1,231,97.21327606
12,2,7,1,228,48.07902481
3,6,11,2,233,33.16273525
14,4,10,1,224,61.96116195
6,1,8,0,217,79.21605137
2,3,4,1,228,53.60476055
15,6,2,1,233,32.88843015
6,3,3,2,231,39.33315115
7,7,3,0,235,67.62360658
1,3,11,2,227,43.40444643
4,1,7,1,227,63.22039486
10,5,2,1,218,43.4964781
4,2,5,2,219,83.59321526
11,6,10,2,239,59.39403392
19,3,6,0,220,98.83831786
20,6,9,2,230,99.33508018
19,6,4,2,231,84.61512597
23,2,10,1,218,83.82473551
6,2,9,0,225,15.62725773
1,5,1,2,229,53.50241831
23,3,8,1,231,53.05855955
19,6,1,1,234,73.98233763
14,6,7,0,234,82.36715906
12,3,12,2,222,71.81310946
1,5,4,1,230,42.41376102
8,2,7,1,223,56.93865415
5,3,9,0,214,43.81400517
0,6,1,1,232,53.9024581
7,2,10,0,212,92.84032684
11,3,3,2,227,68.35203548
5,2,1,1,215,59.98286565
8,7,7,1,227,35.36505404
3,1,3,1,228,19.05368144
13,7,5,0,234,52.09464934
4,2,6,2,225,19.63821181
3,3,11,0,232,75.09279028
0,3,9,1,219,31.24328084
6,4,11,0,217,30.30372688
10,1,11,0,214,39.81834832
5,5,9,2,221,93.38030456
20,6,12,0,222,41.36169102
1,3,1,0,230,11.06022869
3,7,1,2,231,44.41188214
0,1,7,1,219,67.20634901
13,6,7,0,229,12.41139808
19,7,4,1,213,54.81597914
13,6,10,1,226,28.42279965
17,6,9,1,224,50.93721595
8,5,9,2,226,31.96409567
11,7,4,2,228,91.50550302
1,2,4,1,231,22.46612084
1,1,2,0,237,12.53190523
12,4,10,2,218,94.03999402
11,4,10,2,236,12.11030816
23,1,11,2,212,63.91210998
4,5,11,0,215,98.82359141
8,3,7,1,214,96.03234261
10,6,10,0,230,46.86182775
8,7,10,2,233,23.92910644
18,7,5,1,219,70.99781498
15,6,11,1,227,89.65916618
0,4,12,2,231,57.29301747
21,4,5,0,214,82.04963944
18,5,10,0,226,59.7725199
0,1,6,1,223,66.30161049
4,3,1,1,221,72.92267493
13,3,2,2,226,44.43001348
15,2,6,0,226,70.55027267
11,3,9,1,213,51.14084645
10,5,4,1,236,39.56478067
14,5,7,2,215,37.48362495
23,1,6,1,232,34.93182113
8,5,8,2,219,84.86333045
13,1,4,0,218,45.51365038
0,4,7,0,223,84.59160816
4,1,7,1,223,14.52007132
7,1,9,2,224,13.94062068
15,5,8,2,233,27.67774789
15,2,10,2,218,53.11317589
3,4,9,2,220,47.02620662
12,7,1,1,226,65.69996397
16,6,3,2,221,80.35589024
12,6,12,2,220,91.03173573
11,2,3,1,226,11.78194344
14,2,1,1,234,20.49300354
16,6,1,1,228,35.33439849
7,5,11,2,219,21.13161218
4,2,3,0,228,60.13116023
18,2,9,1,231,78.59172869
10,2,8,0,220,30.27698378
2,3,4,2,223,81.90615615
3,1,3,2,222,24.02952706
7,4,11,1,224,21.52844638
14,6,5,0,217,50.76975339
20,3,7,1,237,59.69829037
1,3,4,1,231,35.41729299
17,5,3,1,229,43.62972829
14,7,3,0,234,44.88322383
21,4,4,2,224,81.4092264
15,7,8,2,225,69.53581525
16,1,10,1,236,25.76428675
1,2,10,1,225,56.55527871
11,6,1,2,221,37.53246663
21,3,10,2,216,91.9138451
16,6,1,1,227,71.6384706
21,7,4,1,230,99.93016827
4,6,10,1,217,66.57480779
8,4,1,2,232,96.91843717
3,3,7,1,216,14.98852508
21,5,3,1,230,63.03083783
20,5,3,2,226,84.30658123
5,7,10,0,221,39.28449484
23,4,3,2,224,66.41694711
4,4,4,2,234,34.27169462
1,4,11,2,225,58.98938552
15,7,5,2,223,60.13737896
23,2,10,2,223,41.59363903
0,3,12,2,230,47.81098753
1,6,5,1,228,15.54555831
16,5,9,0,228,25.3340949
11,3,12,1,219,38.4761758
21,7,11,1,220,10.43133975
18,2,7,2,233,97.25177413
2,4,1,2,222,40.36152373
2,2,8,1,221,92.88896496
22,3,1,1,222,19.34589769
6,6,11,1,214,16.32080558
12,2,11,1,220,31.9133222
0,5,11,0,235,56.00183925
21,4,7,1,230,33.9625513
19,5,2,0,221,84.58455793
18,6,2,2,221,97.02538208
1,7,1,2,236,20.79379521
0,4,1,0,226,70.83541689
23,2,11,2,232,10.22813013
1,6,3,2,230,73.41872088
6,4,4,2,230,97.93528212
8,1,11,2,233,76.997038
3,6,7,0,233,39.88176134
5,6,2,1,225,77.82790269
21,2,2,1,220,75.90269127
21,4,5,2,235,75.2387387
2,2,8,2,224,74.06340708
7,7,12,1,215,99.36241217
18,3,7,2,222,10.60786276
23,7,4,2,231,43.99084604
23,1,11,2,220,94.59069051
2,1,10,1,238,89.93730955
3,3,8,2,219,48.55714732
7,4,9,2,222,98.93647267
3,6,10,1,217,58.74069328
8,2,7,1,232,95.58298825
2,4,11,0,222,66.40435202
4,4,7,2,216,15.32649824
17,3,8,2,227,80.53245276
1,3,3,1,226,98.75914232
15,2,10,2,218,49.44250659
17,4,7,0,215,87.30029345
8,6,8,1,220,44.32362589
13,4,3,2,228,62.15619326
4,4,1,0,219,57.76604612
18,4,2,2,215,93.1266771
1,7,8,1,219,78.0105713
18,5,7,0,232,32.12297123
20,5,8,1,228,89.85789987
17,4,9,0,230,38.51055633
1,7,6,2,232,63.77841136
14,4,3,2,219,39.01011441
0,6,10,2,221,62.16741432
5,3,11,1,212,33.29450933
9,1,3,1,232,50.10460122
19,6,6,0,223,86.40901429
2,7,9,1,215,38.80836848
8,5,3,1,227,53.63538186
21,2,1,2,229,55.54398254
1,6,12,0,224,80.49510824
10,6,7,0,223,60.40008481
11,3,1,2,223,25.70595256
9,1,10,2,226,79.91640272
1,4,10,1,214,48.28944887
5,7,8,0,222,60.08351188
6,1,10,0,217,13.77482525
18,3,12,2,228,60.71703344
1,3,6,0,233,74.86548175
20,4,1,0,224,62.48547
8,6,2,1,230,20.07054297
4,6,3,2,227,14.79358369
16,7,10,2,217,55.39051964
19,1,11,1,237,51.58679375
17,2,3,1,233,41.68554503
14,6,6,0,222,47.98643737
9,2,11,1,225,68.12590149
13,3,8,2,221,13.48661371
10,5,5,2,215,32.41445968
18,2,3,1,231,99.66241365
15,4,3,2,217,12.04464305
21,2,4,1,215,97.36648156
20,2,9,0,229,53.53330856
11,2,9,2,225,88.02438163
10,3,5,2,235,49.51832162
6,7,6,2,228,46.39634957
7,7,12,1,226,46.74493614
12,2,8,2,225,30.64671737
18,3,10,1,218,66.83810366
18,4,10,1,222,80.16386317
13,6,10,1,228,81.52504347
11,1,4,2,236,30.4197422
11,4,6,2,213,16.20415051
10,5,10,2,230,98.72385411
14,7,3,1,228,46.24679277
13,3,1,2,218,95.87465971
17,5,10,0,227,72.20825989
11,4,3,0,232,24.63407789
6,1,3,2,227,78.02358897
21,6,2,0,221,76.95414841
0,1,6,2,230,36.3453651
11,5,5,2,233,24.97142377
0,5,11,2,221,99.08748423
18,4,8,1,235,42.32822768
22,3,2,2,216,94.34431496
5,2,10,1,236,72.21344906
23,5,1,1,230,94.28083379
8,7,5,2,229,73.77908806
11,1,2,0,228,57.98120817
8,4,7,0,221,75.79807267
17,2,1,1,223,61.07088966
9,7,1,2,226,60.61031615
23,1,4,1,226,81.09372109
21,5,1,1,229,43.55101847
6,5,3,1,219,84.29119354
18,2,7,0,233,96.84759206
23,4,9,2,217,41.3935963
22,3,7,2,214,93.2007136
11,2,3,2,229,96.24360148
22,1,11,0,227,96.26705067
15,5,8,0,218,18.55413736
15,6,4,1,220,46.94917004
2,2,5,0,226,61.6018733
6,5,11,1,227,66.0293407
8,2,11,1,216,51.25223551
3,3,11,2,230,75.3152391
1,6,1,2,230,71.24798607
9,2,3,1,222,64.05538933
13,1,11,1,225,94.82733244
20,3,7,2,229,98.40267012
21,5,3,0,232,12.13328054
23,1,1,0,231,19.65021597
15,1,4,0,215,70.73223713
14,5,12,0,214,31.49139335
10,3,6,2,227,52.30330887
14,7,11,2,219,72.42724156
17,5,9,2,217,87.30280187
22,5,9,0,221,23.28939379
19,1,9,2,233,35.76092532
22,4,10,2,236,73.92499324
2,2,10,0,221,28.99776045
14,5,7,2,230,30.49155493
21,3,10,2,232,34.59423911
13,4,1,2,229,55.35370512
9,4,10,1,212,87.00632163
20,1,11,2,214,56.44673279
22,7,3,2,217,36.75794031
11,7,9,1,219,99.76750001
20,6,1,1,224,75.97980372
21,5,4,2,223,80.43141068
14,1,6,0,222,31.75982778
15,5,11,2,231,71.14578669
22,4,8,0,234,56.27402639
23,4,4,1,224,24.4824325
12,6,2,2,222,70.85182187
4,4,9,0,213,90.67755456
2,5,9,2,231,96.82378445
0,6,2,1,227,84.42152834
4,7,11,0,233,66.96662487
11,4,7,2,213,56.1795971
22,7,3,0,220,56.24671244
3,3,10,2,225,71.60865676
4,5,7,0,231,61.22973093
1,3,5,2,229,45.91662537
23,4,1,1,217,41.45339189
1,6,5,0,219,89.07925424
14,2,10,2,227,98.99194263
20,6,5,0,234,77.13549081
4,1,1,0,224,15.63377739
16,3,4,1,221,82.15884377
16,4,3,0,226,67.54670355
6,6,8,0,231,42.97962518
22,2,3,1,224,49.34602902
10,7,9,0,229,38.24518459
20,6,7,0,224,78.78559837
23,4,6,0,220,47.32289969
14,3,2,2,219,48.63151826
7,4,12,1,233,87.64448748
1,6,7,2,221,51.54485057
19,7,1,1,221,44.4828444
16,3,3,2,224,30.518865
13,4,9,1,222,93.9839374
4,5,5,2,231,18.45920039
6,4,6,1,229,79.55578708
14,3,6,0,211,26.79433731
22,1,3,2,217,89.74426563
16,7,3,0,224,90.10325016
21,2,5,0,227,21.65103172
18,1,6,1,236,65.46854278
23,4,9,2,223,84.27001013
0,5,6,0,224,18.19752019
15,2,2,0,233,74.6150161
6,6,8,1,229,65.74673318
18,2,3,0,233,98.09590597
5,7,4,1,227,20.008929
1,2,10,2,223,31.96535731
19,3,9,1,228,45.25316415
6,2,9,0,230,36.50314243
12,1,6,1,223,37.67145931
22,1,1,1,226,86.4030124
11,1,8,2,225,67.73106141
14,2,9,1,224,47.66079786
11,6,1,1,234,38.69571195
17,6,3,1,228,88.45895716
19,7,1,2,224,68.99995032
3,3,8,2,214,23.61468439
6,3,5,2,227,61.54552634
5,7,9,2,227,82.89521036
18,7,5,0,232,14.62168896
16,5,10,2,220,21.6398521
19,2,7,2,222,87.49837797
5,1,7,2,217,45.22995524
19,4,8,0,230,37.54548747
11,1,9,1,226,50.9668804
11,2,5,1,227,89.56160477
17,6,2,2,219,95.31048525
16,1,11,2,232,70.79158685
4,3,10,2,225,72.06646318
1,3,1,2,219,21.25807735
11,2,8,2,222,86.97701402
11,6,9,2,222,53.56914827
7,1,6,2,223,80.75982846
16,4,4,2,220,71.47265957
3,7,3,0,229,56.11723902
4,6,12,1,232,89.54271299
16,7,12,1,216,20.56274455
2,5,8,0,228,80.41001969
0,4,2,1,219,82.56954245
8,6,2,2,220,30.11965631
18,6,7,1,234,35.11559645
20,1,4,1,222,45.2330955
16,4,10,0,230,30.65349684
2,7,5,1,231,33.70576963
13,4,5,0,215,44.71140485
0,6,11,1,231,15.77441256
6,2,12,1,233,39.67864055
9,2,11,1,228,90.74875898
8,7,7,1,227,10.85027726
16,3,7,1,227,52.76323662
1,3,2,1,233,22.86316241
21,4,11,1,229,58.78489202
20,2,6,0,222,59.65069756
10,1,10,1,222,47.25381354
2,1,8,1,219,96.39319469
1,5,10,0,223,70.07050973
5,1,7,2,238,67.93383146
9,5,9,2,226,44.43457019
13,3,4,0,233,58.81964547
6,2,1,2,216,21.45838559
23,5,12,0,225,17.66310116
2,4,5,0,232,52.89328804
22,4,6,0,228,16.45924638
4,4,1,2,219,12.22229713
23,1,6,1,231,47.2840877
13,2,1,2,216,19.37080386
0,4,5,1,232,34.08545048
12,2,12,2,234,37.85963998
14,1,7,1,223,73.80545949
12,1,3,1,220,38.4962719
8,2,5,0,228,51.06757026
12,7,10,1,235,65.32208053
9,2,6,2,231,28.82190524
17,7,3,0,218,80.34748825
1,6,9,0,231,65.78484659
5,6,6,2,237,13.31209251
8,4,6,2,219,18.59040244
1,7,8,2,228,88.90985445
16,1,12,2,213,37.9760345
20,2,7,1,218,83.98332746
9,3,3,2,228,18.96581047
17,2,8,1,238,93.10665547
4,3,2,0,218,69.91379718
8,5,1,2,227,90.18841552
3,3,1,2,218,91.39269302
23,6,3,2,235,63.59192991
8,7,9,0,211,49.05464272
6,3,12,0,213,25.57610771
20,6,4,1,233,16.91391124
17,1,10,1,231,40.48765656
20,5,11,1,231,67.65287924
8,1,5,2,231,16.9772145
17,2,5,2,219,97.08731536
13,6,2,0,230,79.74456693
9,4,7,1,237,65.90558079
22,4,12,0,217,76.47597033
12,7,1,1,229,46.50554219
16,2,10,1,213,62.39890858
22,4,11,0,232,31.07298428
2,4,1,2,218,78.86247613
22,4,5,2,226,81.93137643
3,3,8,0,224,43.91967242
23,1,7,0,216,78.98981007
13,6,8,2,229,49.69292732
5,1,1,1,232,32.80253479
20,7,2,0,227,69.73999247
1,7,2,1,214,22.05079857
9,6,1,0,226,80.46582695
20,1,6,0,223,75.35313271
3,4,8,0,221,51.66403799
20,6,2,2,223,33.01936956
1,7,12,1,230,67.25600785
6,2,2,2,231,49.17905554
9,6,11,2,227,42.20566298
15,5,4,2,222,10.98216992
23,3,3,1,222,56.6278182
19,7,6,1,228,66.17132138
3,7,9,1,228,54.39296045
8,2,6,0,236,74.42515674
16,1,6,2,225,99.86047934
13,5,4,2,233,53.45493514
9,4,4,1,225,40.39476073
12,5,4,0,215,98.81706223
22,3,3,0,230,29.1831963
4,3,7,0,213,29.01762046
22,7,4,0,226,97.66631467
13,4,8,2,235,53.00000759
19,4,9,0,231,67.06160909
5,4,7,0,221,95.63907094
3,3,4,2,217,31.02282797
20,1,2,1,220,22.21487959
5,2,5,2,227,66.48681708
2,5,12,1,219,49.36486338
21,6,9,2,225,68.43792603
23,5,5,2,222,38.2660554
3,3,10,2,226,28.50845064
2,5,10,0,224,51.65524158
13,7,4,0,226,35.99539962
17,4,6,2,215,99.61438374
22,5,4,1,228,25.48505466
15,6,10,1,221,43.97524161
16,4,4,2,219,18.39964936
11,2,7,1,235,75.27244571
2,6,9,0,230,95.56645244
13,6,3,2,227,64.95168366
4,2,10,1,213,52.09478661
23,4,11,2,223,79.44216712
3,2,9,2,229,12.69318664
6,3,12,1,216,71.93449545
12,4,5,1,230,31.35492215
8,2,9,0,223,11.75546436
9,7,10,2,226,91.12831662
3,5,12,0,220,78.45114771
14,2,10,0,220,86.28315982
16,1,8,1,228,63.54211287
6,7,8,1,228,81.40757037
2,7,4,2,234,66.57066317
4,1,5,2,225,28.10404871
16,5,7,0,221,87.34774765
0,6,2,0,216,61.78723283
6,3,10,1,221,82.38473561
10,3,2,0,230,74.02587526
16,4,2,1,227,46.08238436
11,6,4,1,235,98.39426374
13,3,1,2,233,97.40489126
19,4,1,2,219,35.99586576
16,7,5,1,222,17.92539821
6,6,2,1,234,95.11121226
8,6,8,0,226,95.36445142
10,2,12,2,221,36.82001203
5,2,3,1,217,27.61007692
2,7,7,1,226,76.75784775
10,5,1,2,219,20.49328109
23,7,9,0,225,46.74379094
15,2,4,0,214,10.84950974
12,3,10,2,234,28.72378713
10,6,9,1,229,26.09353027
21,7,6,1,228,29.52779775
8,5,7,1,228,56.82084901
9,1,8,2,222,60.46000764
0,1,10,1,233,84.78827816
20,3,7,1,219,68.31720617
23,5,9,2,219,55.60214382
15,1,5,1,215,31.61328419
21,2,8,2,223,88.84881269
8,4,4,1,230,41.92088992
4,3,3,2,225,79.49667486
19,4,2,1,219,38.66797521
21,2,11,0,229,24.70027534
10,5,1,1,229,64.97859348
20,7,4,2,235,22.49879655
8,2,8,2,223,86.26424774
9,6,1,1,217,87.4415857
15,5,5,1,222,42.50153299
8,7,11,0,237,51.268861
13,3,6,2,219,24.4230386
4,7,3,1,228,60.57422412
2,7,6,1,227,39.10775056
11,1,5,2,217,33.2417678
15,2,4,2,237,17.5898597
18,2,9,1,220,44.36708716
21,7,4,2,231,83.79716101
18,6,11,1,223,49.25884124
14,6,5,1,229,77.05192001
1,6,7,1,211,57.30929669
20,7,8,2,222,47.89884363
10,2,9,1,218,66.1519141
16,3,10,1,226,19.47389611
11,2,7,1,214,22.45632075
10,5,8,2,226,68.63662493
4,7,12,1,214,37.82571867
1,4,9,2,234,47.59813718
7,1,3,0,219,62.84123639
22,2,10,1,220,60.69587347
15,2,5,1,218,39.65812303
11,5,3,0,229,47.78956871
1,3,6,1,225,36.13325307
7,4,10,0,226,83.0917602
6,4,8,0,219,25.22909645
18,6,9,2,221,50.64166044
22,3,1,2,231,69.91539274
9,1,2,1,225,87.55867774
2,1,12,1,231,71.4828364
0,1,8,0,222,80.34413241
1,4,11,1,237,90.57777662
5,3,3,2,224,69.98033508
14,2,6,2,228,69.22876914
6,5,9,0,220,38.83377635
19,2,5,1,232,50.71949466
8,4,1,1,219,36.81639338
8,6,4,2,222,32.14589296
0,1,9,2,217,48.6016468
10,4,3,0,226,71.96537263
15,1,6,1,228,75.76517976
14,2,4,2,231,80.34812368
8,4,12,0,221,49.20609988
22,1,5,0,235,61.22344468
14,7,4,0,223,64.07714461
23,2,11,0,213,45.26649107
11,5,5,0,231,12.08990526
2,5,9,0,226,49.98879039
8,6,11,0,224,17.00769418
19,6,8,1,236,11.20200663
9,5,5,2,235,63.89699111
23,5,7,1,231,71.10860196
15,4,5,0,233,37.24523762
10,4,5,1,228,23.75717494
4,2,10,1,231,53.7327873
21,2,1,1,236,17.78924974
12,2,10,2,230,51.00611275
9,1,7,2,234,18.03757297
17,6,5,2,225,30.39605956
23,1,2,0,227,23.35852563
4,5,3,1,231,30.14903661
22,4,3,0,223,61.55567814
13,7,2,0,231,71.20385713
17,3,2,2,229,32.86600004
23,4,6,1,222,97.10661306
15,2,10,0,216,59.54009969
8,5,8,0,233,65.60273597
19,7,10,0,212,92.33611859
11,1,4,1,239,69.83625769
19,6,6,0,222,56.36958693
18,7,5,2,230,36.28730193
0,7,7,2,223,42.30579056
14,5,2,0,228,26.49837956
12,1,1,0,235,80.86848399
9,4,2,0,222,87.50998628
14,7,4,1,217,60.43986171
2,4,5,2,232,21.46461005
20,3,12,2,222,61.4445189
19,5,1,2,213,40.74739067
3,3,3,2,215,59.2766516
6,3,11,2,228,41.07425187
18,3,6,2,218,49.75588267
22,1,3,1,233,16.627145
2,7,5,1,220,75.06356167
1,7,2,1,225,24.52065518
10,7,6,1,218,66.19610261
4,2,12,2,233,82.87216593
5,5,9,2,230,38.36502013
7,4,9,1,222,39.55421724
9,1,6,1,216,55.21268109
4,7,2,1,223,69.01954356
4,5,7,1,222,64.4669274
5,4,8,2,222,40.39897221
13,6,10,2,225,77.27831606
7,2,6,2,221,31.29711772
7,2,12,0,221,56.25506025
3,4,3,1,232,37.47698382
12,3,8,1,221,75.67300516
19,6,9,2,227,24.06433437
3,2,3,1,225,32.28000892
11,1,2,2,219,19.62395216
14,2,9,2,218,21.44432191
6,6,9,0,230,66.48424172
13,1,11,1,226,22.48763403
0,7,6,2,214,15.6997083
14,7,9,2,217,69.46287435
22,5,7,2,216,68.41547458
10,1,11,2,228,83.73409885
10,4,10,1,216,72.50518936
18,1,7,0,224,66.92808101
5,5,5,0,214,52.51957991
10,5,7,1,231,17.50112166
23,1,10,1,231,57.78863763
12,2,7,1,220,34.84619838
21,4,9,2,232,81.16199642
15,6,6,2,228,91.75600758
7,2,3,0,217,91.21730199
20,5,7,2,232,16.01380375
6,2,4,1,227,95.63595548
4,4,1,1,234,41.55564322
16,2,5,2,218,68.10617401
13,3,6,2,221,44.33410139
14,5,3,0,224,12.93180061
8,3,4,1,234,76.81006546
7,6,11,2,212,62.78020832
16,4,10,1,220,39.77738087
15,1,5,2,219,51.7057704
7,6,8,1,219,49.2441025
11,1,12,1,223,48.774273
15,5,9,2,235,45.77311885
12,5,5,0,230,81.50686668
12,2,7,1,224,53.54208253
21,1,6,2,217,92.37588731
1,2,2,0,235,84.11297765
16,4,8,0,233,40.58747446
5,5,7,0,221,43.04377347
11,7,7,2,234,90.10730038
0,6,3,1,229,63.72841675
22,6,8,0,231,63.36898949
22,3,10,2,213,24.4876108
23,2,10,2,229,84.05501274
18,3,6,2,228,97.30671092
14,7,10,0,229,97.5845278
2,6,7,0,222,45.86564972
10,5,8,0,216,69.56293949
7,1,7,1,218,40.45453299
17,2,7,2,223,52.19069413
20,6,9,0,230,19.04813209
7,4,12,1,221,93.77268249
12,7,7,2,220,10.54592007
5,7,6,2,235,16.46782479
23,6,9,0,234,38.22954646
3,7,11,1,216,76.74599395
11,7,5,0,232,27.15466791
6,2,9,1,225,17.59965449
9,7,3,1,223,62.08581139
2,1,4,1,225,82.31537248
1,7,6,1,226,71.61232706
2,6,4,0,216,13.69381066
10,5,10,1,233,62.408875
0,5,5,1,219,40.1213708
17,7,6,1,221,74.10016433
9,3,9,1,226,74.0266625
23,4,7,2,219,96.62142545
9,5,9,0,215,26.41014922
8,1,10,0,225,15.17713859
19,2,1,2,228,26.48328137
4,7,4,1,223,59.70134519
3,5,2,2,232,87.873455
22,3,6,2,229,39.21331516
18,6,11,1,223,54.28525412
0,2,5,2,225,14.85945031
14,3,5,0,224,13.62290967
12,7,9,2,212,25.21067045
20,7,1,0,235,12.51741858
2,5,4,1,227,49.0279593
2,1,2,0,216,32.37828226
18,7,3,0,230,68.92146564
21,1,5,0,220,37.19801722
10,3,9,2,228,52.68032179
4,6,4,1,229,46.24304735
11,5,10,2,215,28.46026235
17,3,12,2,237,10.49755977
23,3,12,0,227,33.07892955
10,7,11,1,237,63.81912901
0,4,12,2,234,65.3695776
13,1,2,2,228,61.94988234
7,3,11,0,216,28.51347137
21,1,3,0,228,29.10287087
11,4,7,2,234,74.81914599
21,4,8,2,228,35.34409227
11,2,4,2,227,46.65963108
4,1,11,1,229,59.92595561
23,4,2,1,216,51.49678139
19,2,8,2,215,31.85423429
17,6,9,1,230,56.73455858
8,2,7,1,214,47.68610527
15,3,8,2,230,59.41626047
0,3,5,1,234,35.78968444
21,6,2,2,230,24.70801878
11,3,10,0,233,16.47858576
18,3,12,2,224,81.58813873
11,4,7,0,229,21.43048462
14,1,7,0,220,65.69586033
9,3,10,0,223,26.87708289
5,4,2,1,234,45.43658507
10,2,3,2,216,91.5752629
13,4,7,2,230,42.85295245
4,7,6,0,231,13.67411394
12,4,10,0,227,18.19711354
3,6,4,1,228,59.78245154
17,6,10,1,234,33.4545007
23,3,10,1,218,92.50632837
23,6,7,1,231,69.76590145
14,7,9,1,234,87.55010647
8,4,3,0,230,17.93182011
16,6,4,2,214,88.41050967
3,6,1,1,232,62.04106894
21,3,4,1,232,38.70072421
21,1,9,1,221,25.01084093
10,6,12,2,224,82.69277402
22,3,12,1,227,65.62881501
8,1,6,2,226,25.51650174
1,7,11,2,219,82.40842639
22,4,1,0,216,74.90647571
5,3,9,2,233,68.4524872
9,6,4,0,224,15.41687571
2,2,4,1,230,56.82836842
17,7,4,2,221,65.55980144
13,3,4,2,223,89.0153462
23,6,8,2,216,54.73410208
14,2,11,2,217,51.03209893
17,5,1,0,213,47.85312926
0,1,11,1,223,38.75343098
0,2,12,1,223,86.47225642
17,7,10,2,228,93.33062067
23,5,5,1,224,24.09596551
17,7,5,2,222,97.16334928
20,3,12,1,224,46.67244483
9,7,4,2,225,56.03169481
8,1,4,2,238,96.78318955
3,3,2,1,221,76.04470564
17,1,9,1,226,41.94154911
23,6,11,1,213,35.91551625
18,6,4,1,223,74.741111
18,1,8,2,211,58.43022159
8,3,9,1,219,94.98332158
11,5,8,2,216,84.85101485
19,5,10,2,231,76.30299579
10,3,2,1,237,26.5982466
7,1,9,0,215,12.80991362
7,3,11,0,221,16.65071811
20,4,4,2,228,47.92543296
8,7,11,2,224,25.1708777
3,1,12,2,228,61.64047551
14,6,3,1,234,26.34095446
21,2,4,2,218,64.77455888
17,4,6,1,227,22.92077457
2,3,5,2,234,73.33768786
23,4,5,2,224,25.12645084
18,5,10,0,233,69.13539479
4,1,1,1,234,79.87448067
23,7,11,2,237,42.10209069
13,7,5,1,216,16.32432479
8,5,4,2,230,46.98405989
11,6,3,2,222,60.71587337
9,1,9,2,226,64.75572
13,6,1,2,234,17.19113532
2,2,3,2,227,69.49136509
6,6,3,1,230,73.9432461
12,2,2,2,231,70.04728222
6,3,2,2,231,45.01720931
7,2,6,1,227,31.0855407
12,7,2,2,238,25.38945817
7,3,8,1,223,31.69931349
20,6,9,0,218,25.23807722
8,5,3,2,235,55.57723781
18,7,3,2,230,70.85349912
0,1,11,1,230,61.76253303
2,7,2,0,228,76.29734991
3,6,7,1,232,53.07375952
4,3,5,0,215,26.1939945
7,3,9,2,221,61.05571412
7,5,1,1,220,21.74904413
21,1,8,0,214,92.95111405
17,2,9,1,214,20.34199314
4,2,4,2,214,52.42917838
21,7,12,0,225,81.01759974
17,5,11,1,225,88.61511934
3,2,2,0,228,12.77547455
19,7,3,2,221,21.7763912
2,1,5,0,226,40.71816871
5,2,8,1,229,48.39304535
15,5,5,1,233,13.95753729
9,7,4,1,229,74.20231502
0,2,12,0,222,63.8673533
13,4,5,1,235,90.58382711
8,3,5,0,227,14.45315746
9,6,8,0,234,41.08218552
22,3,9,0,223,66.39612715
7,3,10,1,229,52.89328678
17,2,5,0,226,88.05586264
18,7,3,2,221,66.28327078
16,1,10,1,217,53.41656419
2,6,7,2,226,54.46907155
4,4,6,1,222,73.07173284
4,2,10,1,223,10.44787612
0,4,10,1,221,47.21228707
3,6,6,1,237,25.40690175
2,6,7,1,230,42.54895189
4,1,4,1,230,57.78424838
4,4,2,0,227,15.47006392
3,7,9,2,227,58.04285808
5,4,2,1,219,52.54628237
5,6,6,0,224,58.39288729
11,2,7,2,226,92.86556964
7,7,2,1,233,92.64725812
12,2,6,2,226,25.99853495
20,3,6,2,227,40.72632344
20,7,1,0,218,74.77433297
15,3,4,2,224,94.1061692
23,7,4,1,224,88.48397035
6,6,5,2,213,34.94932904
3,7,8,1,221,27.21103261
9,4,9,2,218,57.92361244
8,4,1,2,224,66.21111162
6,7,10,2,229,15.1314845
11,3,1,1,235,14.14358349
16,3,9,0,213,96.61292168
0,4,2,0,233,75.80505713
22,3,11,1,222,90.14321997
2,2,5,1,220,37.98638193
10,3,7,1,218,84.31842476
4,2,8,2,225,87.1414675
4,4,3,2,228,25.92131255
20,2,5,1,236,58.27354442
13,2,7,0,226,88.52431958
4,7,8,1,213,24.35661522
1,6,4,0,216,65.25215805
16,3,1,1,221,49.36908984
3,1,1,1,229,31.66820836
21,2,8,0,217,71.25240826
21,1,4,2,232,90.89755691
19,1,3,1,232,57.23899502
18,4,3,1,223,91.24339738
23,4,1,2,218,72.32504283
13,2,10,1,238,90.53945919
1,3,9,2,220,11.57429495
18,7,8,1,233,40.34144503
22,2,7,2,224,60.22545068
6,2,4,0,216,68.94256268
14,7,12,2,235,33.73962924
5,1,10,2,228,22.62175441
0,6,7,2,222,31.53557647
6,4,11,2,230,20.07137524
22,6,12,2,220,58.19382863
5,4,4,1,236,31.02097642
15,1,4,0,228,15.52927179
13,6,4,0,228,35.45766602
1,5,12,2,225,78.61818592
19,5,8,1,214,90.3973387
15,4,11,2,224,92.53801707
8,7,3,2,226,53.42836519
0,6,8,2,222,58.88947404
22,6,2,1,219,20.55082327
10,7,5,0,223,61.26825948
12,7,10,1,228,92.4587734
7,5,8,1,226,37.84041115
23,5,1,1,233,26.40253949
10,5,1,2,225,74.62682312
2,1,6,2,222,80.93898395
5,7,7,0,223,98.47040605
19,4,1,1,219,22.4868402
22,7,3,2,229,77.99816819
10,1,1,1,231,94.02167201
11,6,1,2,229,96.2924958
5,4,8,0,216,31.64871312
2,6,9,0,215,52.10674021
13,1,3,1,232,75.59249969
4,7,10,1,235,96.71581375
14,2,9,1,225,79.13375871
23,7,1,2,224,57.92479931
13,6,12,2,230,62.26186966
14,3,6,1,235,95.29457644
20,2,6,1,232,70.8462315
11,4,7,2,230,82.6748048
1,5,10,2,225,53.43671632
7,3,10,0,218,45.31331785
0,7,4,2,231,55.49845548
1,2,12,1,239,51.91906806
17,3,10,2,233,30.08354808
9,6,7,1,233,90.32432637
14,6,9,1,222,74.00379569
11,3,3,2,219,73.15496855
1,7,4,2,213,13.25558405
21,2,10,2,234,16.97833393
4,1,4,2,218,58.99144916
20,6,3,2,226,74.26693705
3,6,8,2,232,56.86200211
8,5,12,1,232,43.74610999
21,4,4,1,230,81.30539423
17,3,12,0,232,30.1031222
17,7,11,2,228,61.06254134
12,3,5,2,233,43.18664678
16,3,7,2,227,66.86697897
15,6,3,0,217,57.86010442
16,2,8,1,224,26.48358515
5,1,6,0,231,80.61402146
9,1,1,0,228,27.00162864
2,5,11,0,224,19.36905833
1,5,8,0,223,96.15207056
4,2,4,2,237,20.54023546
7,7,5,0,236,53.45775602
11,3,4,1,232,58.28543086
17,5,8,0,230,41.63965563
19,3,10,2,231,96.82245092
12,7,8,2,234,99.53112916
0,7,1,2,230,87.18775238
18,5,12,1,225,26.21077283
6,5,8,2,235,65.55872493
6,5,5,1,223,52.333146
11,3,5,2,231,77.4044132
15,3,1,2,237,79.96246938
18,6,4,1,225,59.84672925
12,2,5,1,225,26.82156432
15,7,5,0,236,51.79442529
12,7,4,2,228,41.67407596
8,4,12,0,232,10.42015044
13,1,4,1,224,90.67182871
1,4,11,2,218,29.27894938
5,7,10,2,234,59.4322188
6,5,2,1,234,26.92788884
4,1,3,2,220,34.42866976
9,1,5,1,225,60.9683562
13,1,4,2,229,55.71744491
7,1,4,0,233,52.30354403
8,5,10,0,221,25.4663715
6,7,10,0,228,29.1614431
3,5,7,0,227,33.10563197
16,2,9,1,227,94.12378119
12,2,1,2,230,38.97599743
4,6,7,0,232,90.32450962
13,2,1,0,224,11.79274023
8,6,2,2,232,53.49959945
16,2,4,0,228,23.950725
0,2,2,1,216,15.79173538
11,4,1,2,220,40.24906956
2,7,10,0,226,90.95709243
9,6,8,2,219,29.4893036
23,6,6,2,226,77.9807273
0,4,8,2,222,58.76630267
3,3,11,1,214,41.20244494
3,7,5,0,228,46.43407653
14,1,5,2,223,74.23228284
12,2,10,1,229,65.53057643
14,5,4,1,220,99.50052449
11,7,6,1,222,17.57524416
20,7,4,2,228,60.2407101
17,2,9,0,239,88.75355042
12,4,8,1,229,50.89390117
4,5,10,2,222,18.87222735
4,1,7,0,229,51.86593905
21,3,7,0,232,35.68549726
20,2,10,2,215,83.77892171
14,4,9,2,220,63.71162765
9,4,2,2,227,30.70401804
4,2,7,1,227,65.10224588
22,1,5,1,225,13.20237563
5,5,4,2,212,16.20777123
2,3,3,1,226,56.5300937
2,3,2,0,211,14.12735313
0,3,9,1,226,76.63682939
6,1,11,1,237,57.36394376
16,5,1,2,231,80.10047968
21,5,10,0,227,47.75984726
0,1,10,0,221,28.92004166
8,4,10,0,227,68.39583145
14,6,7,0,216,36.33433261
7,7,8,1,233,25.89131304
10,5,9,0,220,94.52442705
3,6,6,2,233,31.30785173
14,4,8,0,236,93.25955706
15,4,2,0,220,83.2443822
18,7,11,2,222,92.96439708
6,7,10,0,222,72.79345821
4,3,7,2,237,93.41836467
16,3,12,1,232,86.49309876
17,7,1,2,218,88.10580245
4,4,3,1,219,69.26159069
11,1,6,2,217,32.72113694
19,4,3,1,234,57.55817972
13,1,3,2,217,95.38983046
12,1,2,1,226,22.90822356
6,1,12,1,219,90.72530286
17,1,1,2,225,50.23362416
11,5,7,0,229,33.85210662
13,4,12,0,232,20.387639
0,4,6,0,221,13.21927529
0,2,6,2,231,63.53292437
3,3,9,2,214,60.22339704
14,4,1,1,225,77.18417705
11,1,3,2,222,49.53485977
13,7,3,2,232,29.1250835
2,3,11,1,221,35.79727727
10,4,12,1,218,26.96203824
19,4,10,1,219,98.42886374
9,5,7,1,220,46.3007319
7,3,3,1,220,95.76997172
20,3,11,0,221,81.2448915
23,3,7,1,236,25.99770107
18,1,5,2,235,18.80931784
5,3,7,1,231,78.90472102
15,5,2,0,228,21.93013312
18,5,4,0,218,76.26714903
18,7,12,2,229,34.08416253
14,7,11,1,226,69.19436619
10,1,4,0,232,93.8285622
9,1,5,2,227,69.5376161
3,4,6,0,212,74.65110876
1,2,8,1,235,62.40407276
15,5,6,1,216,18.05421532
10,2,4,0,216,60.31930495
15,3,2,2,233,18.88632396
19,6,1,2,225,96.87596823
16,5,9,2,221,36.47985362
13,2,6,2,234,14.34978143
23,7,4,1,226,59.03826147
22,5,7,2,215,58.85249476
18,2,8,2,224,87.5427454
1,1,1,2,231,37.4503988
23,3,7,0,229,35.54713921
3,7,5,2,215,54.13375633
23,5,12,2,221,10.79649371
9,7,6,2,226,80.62222802
3,1,5,0,220,82.60989752
2,4,1,1,224,81.167606
0,2,10,2,235,62.74019103
5,2,1,2,230,17.96098964
2,5,6,0,224,80.77567552
14,4,1,0,237,20.5826893
16,6,12,2,222,67.55106129
21,1,6,2,226,27.64756664
7,4,8,1,220,59.64565212
22,3,8,2,230,75.34058524
0,4,6,1,217,48.3290955
3,2,3,0,226,19.34203312
6,1,8,1,218,29.16428701
8,3,3,1,232,74.8603405
7,7,7,1,216,34.63554396
19,4,6,1,222,34.6648951
3,2,4,2,232,89.73663025
16,2,8,2,220,84.82634747
15,6,3,0,224,86.51075805
20,5,11,1,223,81.20913951
16,2,9,2,212,86.92797923
17,6,8,0,220,13.36908282
19,3,2,1,231,84.3436686
23,5,11,2,214,62.83747144
9,1,2,2,226,11.36516245
22,2,11,0,230,41.5429326
0,4,4,1,233,67.92326177
23,4,11,2,215,66.23906544
0,1,4,0,231,37.09925077
13,1,10,2,230,21.37737143
2,7,11,1,213,84.38460321
20,6,7,0,230,95.41451694
10,6,2,0,220,24.74431998
16,5,4,0,223,21.067259
19,4,9,2,220,19.21615056
9,1,4,1,234,39.78638164
13,5,5,0,235,84.21873514
22,2,6,1,222,76.17565988
8,2,8,0,230,71.32938702
2,3,1,1,230,81.91609002
20,1,10,1,231,48.03573469
19,2,5,0,220,29.37179048
4,1,5,2,213,59.27822685
18,4,6,1,225,52.22586036
14,3,3,2,219,91.53033856
7,1,1,0,232,23.02585232
6,6,2,1,237,47.78278832
18,2,6,2,231,79.6970839
18,5,6,0,223,35.3294494
16,1,2,0,228,26.06796335
21,2,11,0,230,83.18508812
15,6,10,1,235,76.88089962
12,2,11,1,226,17.13535455
23,2,3,2,220,49.86679426
21,3,1,1,236,55.16464406
23,1,9,2,223,15.81254474
7,4,6,1,222,18.27914663
2,4,2,1,222,69.61664114
23,4,5,2,231,29.77339711
12,3,9,1,224,89.3113351
6,3,8,2,223,36.5330855
6,4,9,1,218,59.28837675
17,1,10,1,228,67.86048641
11,7,1,2,232,56.84813421
16,5,8,1,225,72.92465669
23,3,3,0,229,30.62808247
8,1,12,1,225,25.93719626
16,1,1,2,234,94.84040903
9,3,4,2,229,42.72216313
13,6,5,0,214,12.98714872
4,1,8,1,221,34.58785021
12,4,2,1,218,32.83955049
5,1,9,2,229,97.05269796
0,3,5,1,215,65.26992433
14,6,10,1,235,59.06050766
9,2,6,0,215,58.9119599
18,4,11,2,235,75.8115852
11,6,5,1,225,66.36871325
2,7,6,2,221,24.58061818
23,6,11,1,219,53.89361702
18,6,7,1,221,34.2391997
23,1,4,2,223,19.20698539
0,5,5,1,238,20.99548822
20,2,8,2,236,98.03736086
6,6,9,2,226,59.74456188
14,3,10,2,226,34.8561595
16,5,4,2,231,79.15856468
13,5,4,1,222,37.50928704
17,7,7,0,233,59.84016989
15,5,11,2,218,58.00235781
6,7,6,2,217,73.77746013
14,4,1,1,227,74.47731602
14,1,7,1,229,87.08613335
19,6,11,0,229,17.57293051
21,1,11,2,218,97.39026784
1,1,4,1,219,39.95025666
4,3,7,1,228,47.36377748
10,5,9,0,225,38.78392281
18,7,9,2,228,64.87136527
20,6,4,2,231,89.34820641
20,7,11,1,228,36.92613703
0,1,11,0,218,73.0910796
5,1,4,0,221,71.70879319
7,3,5,1,230,58.59127692
9,6,12,1,231,72.96027802
5,6,1,2,212,53.41763681
21,5,10,0,223,26.45811541
9,3,7,1,226,74.14687728
3,2,8,2,217,38.01989514
0,2,3,2,227,32.70638895
17,5,8,1,220,71.41399962
19,1,1,1,230,86.43196453
16,7,9,1,225,16.56694304
0,2,9,1,228,51.491881
1,7,6,2,220,18.5483695
10,4,10,1,226,65.22942717
20,1,7,2,220,75.94682958
16,6,7,2,218,55.43990109
15,1,8,2,232,62.22400723
19,4,4,1,220,97.52575703
10,1,2,1,222,31.55919639
11,5,7,1,217,88.62921547
18,1,6,2,236,77.68964465
8,4,6,1,228,13.29549515
0,6,3,0,226,29.63997944
23,2,6,1,238,37.26133601
9,5,9,1,217,85.99427032
12,1,10,1,226,89.12114239
5,1,10,2,232,31.02928693
8,2,11,2,220,44.54004448
18,5,4,1,231,78.71225877
0,3,9,0,226,96.42273742
21,7,4,0,219,14.97404455
17,2,12,1,229,50.65406996
0,7,1,2,218,70.19960541
9,2,8,1,226,69.28738808
4,4,2,0,222,74.45801159
6,3,6,1,224,17.57911438
12,5,8,0,223,83.91861589
2,7,9,1,228,32.06901672
6,4,8,1,222,86.16245764
4,7,10,2,229,46.27748633
11,7,8,0,226,63.18649684
2,7,6,2,217,54.9499331
9,1,10,0,219,53.13633286
10,2,1,0,220,65.03646047
5,5,8,1,221,94.30067611
4,5,8,2,222,40.94462522
12,2,4,2,219,75.27767001
22,4,3,1,226,81.42103505
5,1,6,0,221,32.81675254
2,3,4,2,218,68.08023245
23,6,3,1,220,96.74703231
7,5,8,2,230,55.61731574
17,1,7,1,235,53.75807512
22,5,2,0,233,46.92145566
1,6,10,0,228,94.15239437
22,6,4,2,217,14.91265802
3,7,8,1,228,66.01689938
21,4,1,0,212,21.54481351
13,5,5,1,221,34.30304552
14,6,1,0,234,67.81019044
0,1,10,2,221,40.43694222
17,7,8,2,229,69.08066675
20,2,7,1,226,22.42503788
15,5,5,1,219,93.5918723
12,7,6,1,215,63.63850358
10,7,7,2,214,23.90159974
0,5,9,1,228,14.63734328
7,7,12,1,228,60.23042949
20,4,12,2,219,21.37279794
11,7,2,1,239,34.27900276
12,2,4,1,225,49.30639472
6,3,12,2,215,81.57696055
20,3,8,0,231,59.68104971
1,1,8,2,223,83.63741727
2,1,11,1,232,76.16985025
2,2,3,0,219,98.1666602
12,1,2,2,221,13.40452084
3,2,6,0,214,20.96132415
15,6,8,1,213,86.58188549
1,6,12,1,229,90.50521414
5,4,11,2,230,36.27304394
20,2,6,2,227,10.14388538
6,3,5,0,223,57.53661144
8,7,11,1,220,25.78769297
20,3,4,0,237,25.42396455
14,5,10,2,230,41.54464249
20,6,9,2,227,97.95158015
4,4,6,0,223,65.5913276
10,2,2,0,221,77.23632817
7,2,3,2,226,92.88393421
3,4,8,1,216,82.08915738
10,7,2,2,225,95.1151773
20,5,3,0,236,59.4320158
13,5,1,1,227,34.21633958
6,7,6,1,217,48.98493465
3,7,2,2,220,79.72617396
18,3,6,2,226,60.4112637
7,5,2,1,229,54.27872349
7,1,6,2,223,39.96896283
0,1,12,0,231,18.2391678
13,5,5,2,221,69.60379597
10,2,3,1,228,99.42666254
23,2,10,1,222,55.17661625
22,3,9,1,234,94.53614904
6,4,9,1,234,14.15357115
16,4,9,0,225,62.03667176
3,5,11,2,223,39.84411414
17,4,12,2,222,56.66663607
21,1,9,0,233,26.91516134
7,2,11,1,216,44.61700064
10,5,3,2,224,42.48591855
0,6,2,2,229,38.55349718
11,1,8,2,222,32.39403734
2,4,10,2,225,64.07308306
3,1,6,2,219,54.21445882
4,4,5,1,218,87.72291951
8,7,1,1,220,57.32984524
14,4,8,2,212,21.31578572
11,7,5,2,223,16.90120943
3,2,10,1,216,12.76371198
8,7,10,1,225,76.62522365
2,6,4,2,225,43.27232642
12,3,4,0,220,13.59173318
14,5,4,2,236,96.28201918
1,7,9,2,234,80.73037788
2,4,5,2,221,56.26581214
18,3,12,1,216,81.83000412
17,5,3,2,230,95.06829328
5,4,3,2,233,57.93391664
22,7,10,2,220,94.93680969
11,5,9,1,222,87.03861099
13,5,12,0,218,73.83445353
10,1,3,0,228,33.25488006
19,6,2,1,225,69.21845645
0,1,12,2,222,61.59232326
11,3,7,0,216,81.3495319
8,7,1,0,220,56.01978669
2,4,5,0,233,96.65682838
23,6,11,1,232,80.49121966
13,5,5,1,222,74.61126143
10,3,6,0,232,59.71433476
19,2,6,0,214,83.99000471
0,6,9,1,237,98.94949394
3,1,3,0,224,66.35611427
3,5,6,1,225,93.70891656
7,4,4,2,224,94.14881068
8,7,2,1,228,13.24279435
3,7,5,0,223,75.95675717
18,1,7,1,229,96.1975519
5,3,4,2,229,54.82994138
10,5,11,0,214,68.52858647
0,5,7,0,229,64.26804177
4,6,8,2,236,70.00510379
22,6,3,1,236,60.94528874
8,5,12,0,234,51.86298568
3,2,7,2,220,47.83148362
4,2,12,0,231,68.37596283
23,2,5,1,230,46.47084066
13,3,1,2,226,93.53312014
21,3,1,2,228,54.08299802
0,5,5,0,234,27.75243803
12,2,11,1,219,61.29799985
15,7,12,0,226,34.57074077
8,3,11,0,231,47.73938486
0,2,5,0,219,62.20895787
9,4,4,2,232,27.01441266
5,7,5,1,228,97.83814455
3,1,5,0,231,44.35080379
23,4,5,2,232,67.95990448
19,7,9,0,221,49.82202747
1,4,11,1,222,36.61210661
20,3,2,1,214,81.17994003
17,4,3,0,219,85.45666248
16,4,2,0,232,89.33879403
2,1,7,1,219,33.6051669
12,2,8,0,234,81.93153032
8,4,10,0,219,68.38577691
9,2,9,1,223,46.84248151
11,5,11,2,219,97.4126821
1,2,5,1,221,26.52070475
23,4,4,1,227,29.6598794
6,1,3,2,221,91.83492366
11,3,10,1,229,69.1842579
5,2,7,2,230,52.18607653
19,1,7,1,226,73.41268866
20,7,9,2,236,32.75060649
0,6,8,2,221,83.69214478
3,4,2,0,232,88.14051597
6,2,5,0,222,70.51522866
3,4,12,1,230,17.99592776
4,6,9,2,229,41.49558139
10,7,10,2,217,64.03048954
23,6,4,0,236,28.1046001
21,1,11,1,219,72.85327421
12,4,1,1,229,31.25550776
11,4,8,1,220,90.5977659
3,2,8,1,234,46.54910785
19,2,10,2,221,29.65485148
22,6,3,0,225,20.03162261
17,1,2,2,221,43.27927612
3,7,7,1,224,48.44830453
15,7,10,2,236,67.65436099
16,2,4,1,229,21.88409799
5,7,2,1,224,81.84140036
13,6,1,2,221,52.37734503
14,5,1,2,231,29.39904554
22,1,10,0,230,54.30611942
4,2,3,2,217,25.6193387
17,4,5,2,226,46.80652832
16,6,5,2,220,25.18961929
11,5,12,0,224,66.87108442
18,5,2,0,219,96.3535011
2,4,1,0,228,22.97768344
21,3,5,0,217,22.01233941
12,5,7,2,214,75.5184918
1,3,4,1,224,21.55002748
17,1,5,2,224,71.67902757
6,7,3,0,231,26.77459995
2,4,8,2,218,82.75972958
13,6,5,2,217,93.47867357
10,4,6,2,215,12.47998599
20,2,10,1,232,31.11710305
12,3,10,1,222,37.69279875
12,2,3,2,228,50.53635779
16,7,9,1,220,56.28376603
12,5,1,2,234,14.86718756
16,4,3,0,230,95.32591976
6,7,3,2,232,86.30268721
10,7,9,2,227,47.33720997
8,5,5,0,222,23.24094326
21,3,9,0,211,13.9696451
6,6,6,2,220,47.44269762
20,5,5,2,222,32.53000346
21,7,1,2,219,78.44573473
0,4,11,0,230,88.17152242
8,4,8,0,214,97.57197022
11,6,4,2,216,35.29515811
15,4,7,0,230,52.02804981
1,5,7,0,217,68.40944407
10,6,11,0,224,20.86984317
14,5,8,1,221,26.3796526
21,7,3,2,229,72.35516962
8,5,8,2,211,64.4066015
1,3,8,2,228,44.76036432
0,7,1,1,225,42.67552856
9,1,3,1,237,95.84134426
20,3,2,2,216,44.57115294
10,1,11,0,221,45.06330036
18,2,1,0,230,75.67678967
21,2,11,1,218,10.06739967
9,7,3,1,233,69.10746682
13,1,2,2,228,64.14906023
15,4,7,2,230,17.13945222
8,4,7,2,226,20.82264967
3,4,5,2,233,32.97951721
13,3,4,2,224,33.08954567
15,5,5,1,216,27.97981935
13,2,9,1,233,75.52385212
16,5,5,1,224,92.7817907
18,7,9,1,225,97.80192441
22,6,2,0,225,80.39799853
18,4,3,2,212,17.12722799
19,1,3,2,214,84.92712474
15,2,5,1,235,49.22355352
12,6,11,2,212,31.60413805
18,6,9,2,226,83.28742771
18,1,8,1,226,25.9053954
23,3,5,2,224,31.19437093
2,7,7,1,218,85.18090457
10,4,3,1,232,93.55980918
22,5,12,2,230,83.93458278
5,1,2,0,223,68.78521598
19,2,2,0,213,97.3655791
11,2,8,1,215,19.99543278
6,6,2,1,234,36.44096501
22,5,8,0,234,28.71459474
7,1,1,2,232,36.88123599
8,4,8,1,235,20.18132176
14,3,1,1,225,76.14999447
23,2,4,0,237,19.58225558
0,5,1,2,228,53.90451241
10,7,3,2,223,39.21576592
15,6,10,1,215,68.26226953
20,6,8,0,238,57.00657184
3,6,1,1,216,30.69908003
23,6,3,1,232,84.13349445
5,2,5,2,234,85.25424313
8,1,8,0,218,47.04370437
14,6,2,2,228,54.43768098
3,3,3,0,211,97.97843219
10,6,1,2,231,82.47686606
8,4,8,1,227,67.45784694
3,1,4,0,226,15.29027983
1,6,10,0,212,79.09383043
14,7,7,2,224,88.01346105
2,4,1,0,222,19.22623894
14,6,11,2,232,90.13208619
15,6,11,1,238,29.64576444
17,1,9,0,220,52.38728906
13,1,5,2,231,91.64559512
1,6,10,1,219,69.36071085
1,2,8,0,232,15.00720438
5,3,10,1,230,15.66452117
6,6,10,2,219,95.9265275
9,1,5,1,227,72.17583396
6,5,8,2,227,48.92076649
11,5,2,2,226,93.10536568
7,2,8,2,226,58.45204388
7,6,7,0,219,83.07365762
12,2,8,1,213,22.15500053
16,2,10,2,237,40.46855794
23,3,5,0,231,66.35234367
6,7,7,1,219,75.90433054
12,4,1,1,223,91.40263431
15,3,6,1,219,83.98780861
18,6,1,2,229,68.58983463
0,1,5,0,214,13.48936967
21,3,11,1,227,24.13808288
11,7,9,1,214,91.68719208
1,4,12,1,226,94.82717353
13,5,4,2,227,84.05790745
1,4,4,1,216,94.62080942
16,4,1,2,217,64.5672785
0,5,11,2,223,24.72215512
11,1,5,2,215,88.97326496
5,7,5,2,228,97.7978697
17,6,11,0,219,72.86372136
16,5,3,1,223,55.64000733
19,4,9,0,219,90.2344265
16,3,7,1,224,36.55555786
8,2,7,0,229,44.22734867
10,3,5,1,227,61.00414946
19,4,10,1,222,85.48231927
10,6,10,1,228,75.81909449
12,6,2,0,225,73.9065958
15,1,1,0,217,19.33464142
11,6,4,1,222,35.43427901
3,4,7,1,234,64.47401779
16,2,1,1,213,85.80045075
21,1,9,1,224,84.74597002
10,1,8,2,224,64.29770409
4,4,3,1,221,39.16155253
17,4,6,0,233,21.18086517
8,6,6,2,214,80.01843813
7,4,1,0,229,49.59397638
16,7,6,2,231,20.62945391
15,5,12,2,232,96.33538051
17,1,5,2,214,65.43673488
19,2,7,1,219,86.90960672
7,4,11,0,218,51.0565321
17,4,4,1,222,19.06189207
5,5,10,2,232,91.5192406
4,4,6,1,230,10.49741821
19,6,2,2,222,35.16723835
22,1,7,2,224,96.11717206
19,4,7,1,232,88.53593873
21,2,5,1,229,99.41981057
10,3,1,1,235,40.16368754
22,7,2,0,224,22.10698213
6,3,8,1,217,91.40217041
5,3,5,1,227,20.03501662
18,3,6,1,226,78.17133829
2,5,11,0,238,41.00604124
19,7,3,2,214,58.81722635
0,5,12,0,219,92.09304318
4,4,8,1,224,60.288448
21,6,9,1,228,68.85580882
2,4,2,2,223,65.85674725
12,5,7,0,217,23.36079284
20,7,10,2,224,72.83832238
10,5,5,0,214,56.28579227
1,5,6,1,220,62.81928177
9,1,10,1,230,27.95005997
12,5,5,1,234,17.66264601
13,2,11,2,229,73.50718815
8,1,5,1,226,13.56198563
17,7,9,1,219,27.84529923
16,5,5,0,227,84.67606792
12,4,12,2,230,43.3746353
19,5,7,1,228,92.98700132
11,3,11,1,229,68.39352172
22,4,3,1,224,32.05901152
22,4,11,1,222,30.60173853
15,2,3,0,217,91.26156358
22,7,5,2,220,67.90505077
20,3,1,1,235,87.05711047
14,4,8,1,233,46.54073309
12,5,1,2,227,32.3462749
16,4,6,1,235,22.83393176
5,3,7,1,225,11.45463093
5,3,3,0,235,53.54575624
9,1,6,0,227,17.81134314
0,3,11,0,227,69.73047049
23,6,4,2,224,89.79365547
16,7,8,1,229,37.36157022
7,7,10,2,220,79.82218156
21,3,7,2,222,61.35145013
4,5,5,1,218,67.94088392
13,3,1,1,236,98.87111206
5,4,11,2,228,86.67610395
16,5,5,2,233,78.1945185
19,2,11,1,225,37.1906526
18,2,2,2,229,38.71481586
14,1,3,1,226,72.59823468
1,6,1,1,230,56.73364763
23,5,3,2,235,16.97482729
14,5,11,0,235,60.20936797
14,2,11,2,216,34.59885054
12,5,1,1,233,72.68031733
5,1,7,0,230,82.07386427
18,1,12,2,224,93.22727248
6,1,1,2,234,54.43822814
18,7,5,2,223,95.30966726
2,3,6,2,219,44.5713184
16,1,12,1,229,43.61589878
17,7,7,2,224,46.29970603
1,6,4,0,228,90.60396252
4,2,3,2,219,50.79894462
0,2,3,1,224,40.42172287
19,3,2,0,233,47.11138309
20,1,4,1,232,76.26322368
22,7,6,1,230,67.25870537
20,5,1,0,223,38.29984246
13,2,2,0,224,64.23834285
20,5,4,0,223,12.51582493
7,6,9,1,217,47.21139443
3,1,10,2,230,24.25893666
9,3,9,1,233,83.6629267
4,4,3,1,216,67.18952511
13,7,8,1,226,91.15692868
5,1,5,0,225,71.06075212
11,7,5,2,229,86.53322072
4,2,5,0,227,19.37377794
1,5,3,1,221,95.65835129
3,3,6,0,233,91.11756063
4,2,10,0,233,52.55276948
2,4,12,2,236,17.44099875
4,5,7,2,213,23.71452754
5,5,8,1,227,87.65497692
10,5,8,2,236,37.96518396
10,4,10,1,236,99.40325264
10,5,5,1,232,65.88352258
17,1,11,2,226,25.45438607
14,2,6,1,232,20.99260297
14,5,12,0,225,29.69948545
16,2,8,1,232,74.21988659
4,1,2,1,225,44.88956645
13,2,9,0,221,86.4348481
1,4,4,0,225,95.067879
4,4,3,2,231,91.57304137
18,6,12,2,231,95.76324714
11,5,9,0,226,28.10217963
9,4,9,1,224,53.04962002
14,3,4,2,230,68.22818001
15,3,4,0,226,66.2512397
15,1,4,0,212,58.32783248
4,2,9,2,235,79.43375913
10,3,7,2,216,38.8313535
3,4,1,1,224,89.96462825
1,5,9,2,227,81.94785406
15,4,4,1,217,36.38911979
7,5,1,1,220,60.82577274
10,7,10,2,225,20.99675254
15,2,11,1,230,27.70681394
5,4,7,1,217,90.34885004
9,3,4,0,216,36.89922006
5,4,11,1,225,80.25955195
0,4,10,2,227,24.19077819
3,1,5,1,232,76.48374594
12,2,1,1,232,95.32880745
9,1,7,2,236,49.92611608
18,2,5,0,221,98.12100421
9,5,8,1,227,59.69456406
7,6,4,2,215,19.97951599
20,1,1,1,216,26.08619976
6,4,8,2,216,61.92132241
12,6,6,1,214,23.35772202
16,5,4,0,223,19.62536623
6,2,7,1,229,31.86335076
22,2,10,2,213,22.91581063
11,7,5,0,218,35.23218152
16,7,1,2,219,20.49419419
21,6,10,2,233,35.0191531
21,3,3,1,221,77.64431231
12,5,6,1,226,61.27797931
9,2,6,1,230,38.64307217
14,5,9,2,235,58.49870993
0,7,4,2,237,74.95869518
11,3,1,1,217,85.68746972
13,4,8,2,221,64.58054769
1,3,9,0,222,80.04703367
18,7,2,2,235,51.06586942
14,1,7,1,224,68.51261864
14,7,7,0,228,56.5584183
17,6,11,0,222,58.96018544
9,7,6,2,223,65.63734396
16,1,8,1,225,20.47291273
18,1,9,1,233,73.60320424
10,7,11,0,227,63.67367664
21,1,11,2,213,32.84667127
7,4,6,2,223,50.81484854
15,1,1,2,213,92.97906391
17,2,10,0,221,37.63514982
2,2,11,2,238,62.00668378
12,1,9,1,229,51.98326422
11,6,6,0,228,38.33434541
12,1,9,0,228,72.80311177
20,2,11,2,226,42.77260932
12,7,7,1,222,48.00677409
15,6,3,2,229,88.56544154
20,6,6,0,223,37.37361292
11,7,11,1,226,72.71570505
3,2,4,2,231,49.96452023
6,5,7,0,231,33.89524578
19,6,7,2,232,35.36270226
6,4,11,2,219,30.52023048
8,7,3,2,237,93.09789363
16,4,8,0,231,63.86401123
21,6,3,1,226,21.96792865
17,3,6,0,217,34.08463774
12,2,2,2,229,36.56796849
11,1,2,1,215,35.25872414
1,6,1,2,238,16.37427482
12,5,4,0,219,82.32111814
4,7,2,1,231,26.16796799
4,1,11,2,230,10.738708
8,2,6,1,220,51.48321174
21,5,2,2,228,20.35879446
16,6,11,2,225,70.83369101
5,5,1,1,233,87.99006974
21,1,12,2,219,30.39348395
9,6,1,0,233,80.51099066
19,3,9,2,219,26.59300886
3,6,2,1,220,23.50027114
7,7,11,0,233,83.47606743
18,1,4,0,231,75.56257655
12,3,3,1,221,61.83330328
11,7,4,2,216,55.576944
14,3,6,1,225,93.57233369
9,1,12,1,221,99.3913865
19,1,10,1,228,16.07837061
12,2,12,1,223,77.11750876
0,6,3,0,225,97.52332444
7,1,6,0,219,83.13986919
2,5,11,2,220,12.64962506
6,5,11,2,222,81.95620265
4,4,7,1,239,35.87207609
17,5,3,2,227,16.59251538
21,4,10,1,231,22.35235574
16,7,10,2,222,69.64541251
11,1,1,0,216,53.55706347
8,3,10,1,216,13.03554269
6,7,6,2,223,16.91982825
19,7,3,2,218,75.82391498
17,1,7,2,228,58.45979431
1,4,9,0,221,54.29295818
23,4,4,1,235,85.64498194
5,3,12,0,220,32.99912048
0,1,3,2,223,64.87010025
19,2,9,0,236,68.18999274
19,3,9,2,221,49.91444936
16,5,4,0,221,19.63925722
22,3,3,1,223,43.54408959
0,6,8,2,232,44.7953282
2,5,3,0,220,77.09881843
14,4,2,2,234,80.71386926
1,4,9,2,222,54.85067892
19,3,9,1,220,99.27419102
23,3,12,1,218,53.33945376
9,5,5,0,234,85.05463901
10,2,7,1,218,78.57075411
4,6,11,2,233,26.02715869
7,5,6,0,223,41.51514341
3,1,1,0,221,49.89430486
15,6,5,1,217,38.6572985
19,7,8,0,229,25.51548183
12,4,9,0,230,52.9358728
9,7,1,0,225,55.31093685
5,6,4,1,217,84.22246378
18,6,12,1,215,74.40558557
9,7,7,2,220,80.85134486
8,3,5,1,235,24.4467005
20,6,9,0,233,27.43748809
10,7,6,1,223,98.94624797
23,2,12,2,230,43.73020266
17,2,2,0,221,26.85450795
9,6,2,2,229,21.97339794
12,2,8,1,225,76.48916377
2,4,9,2,226,56.09589452
6,6,3,2,228,11.39344445
2,2,3,1,224,48.88535411
10,1,12,2,231,90.14151474
22,3,12,2,219,72.38820489
2,2,8,0,228,18.54439433
23,1,3,1,223,53.68774547
8,5,9,1,233,53.68874305
20,1,4,0,223,36.91555855
19,4,6,0,223,34.93629053
13,5,7,0,223,11.23675796
8,3,8,1,223,43.91705659
23,6,1,2,218,35.67900345
23,1,2,1,225,91.26040871
9,6,2,1,225,25.63262805
2,3,1,1,219,28.30191374
17,3,2,1,222,83.17368777
6,6,4,2,239,41.67470071
13,7,8,2,226,34.87428793
3,1,4,1,224,91.37680982
11,5,4,2,225,94.38431952
17,1,8,1,223,59.78485182
7,3,6,2,226,54.01852894
8,4,1,2,220,68.58449941
3,6,1,2,219,20.2443251
12,3,10,2,213,95.96223015
16,6,5,1,231,42.58908307
3,2,7,2,217,15.90455477
8,1,7,1,223,43.42861218
1,2,10,2,226,12.55903933
20,7,8,0,235,64.76179486
12,7,1,2,227,78.16303644
0,5,8,1,232,75.32475521
4,2,7,2,220,26.65148449
1,7,6,2,223,92.37914849
0,7,9,0,237,15.97905723
8,1,7,0,217,84.81940171
18,7,1,2,232,71.71628642
2,2,9,2,224,38.08213544
17,6,4,0,217,84.29074056
4,2,9,2,234,29.40807192
0,5,9,1,231,11.92301793
19,7,5,2,236,33.01306523
19,7,1,0,228,63.12564857
11,3,2,2,224,43.10316941
10,3,4,0,234,34.37520198
11,2,1,2,236,23.56750935
6,1,3,1,232,46.86775722
21,4,2,1,228,33.7440187
1,5,3,1,228,34.07634881
20,6,3,1,216,48.89831398
4,5,1,1,216,88.69135963
5,1,5,1,236,20.00772741
17,6,6,1,234,40.12716354
18,6,8,1,227,75.48472738
17,5,7,0,227,37.77350721
16,6,11,2,227,82.21304825
10,7,5,0,214,12.18258033
0,3,10,1,216,16.45326024
11,7,12,0,226,53.03155127
19,5,11,0,233,75.64666916
21,3,9,2,238,48.12211103
10,6,9,2,231,79.80554471
2,5,6,2,213,87.80839644
6,5,8,2,227,56.87421716
22,6,11,1,213,33.97508861
14,1,1,0,227,24.37033708
21,3,10,2,219,56.64755424
20,6,6,1,219,44.04989248
10,1,4,2,230,23.16623876
16,2,7,1,220,84.30654265
1,5,7,2,220,31.62215275
10,7,2,0,214,46.54383202
0,1,4,1,236,90.45518028
15,6,4,2,219,15.01569361
16,4,2,0,220,23.95986335
21,2,9,0,230,47.0455397
19,1,6,1,231,59.59848045
12,2,6,2,225,48.0815825
1,6,8,0,225,63.5206853
17,6,3,1,214,33.83260965
4,6,5,2,225,83.01679942
21,5,8,1,224,91.42595462
0,3,11,0,220,98.84723336
19,4,8,1,219,41.81305605
23,4,2,0,224,39.32125014
10,7,3,2,224,46.78971905
4,5,7,1,216,32.54633429
19,7,10,1,220,75.64605184
22,3,5,1,237,60.88882373
8,5,3,1,223,74.5719828
21,3,12,2,226,91.49079886
17,7,10,1,229,73.79073729
15,4,1,0,236,60.31070351
4,6,7,1,220,80.57429838
3,7,6,2,229,47.53347378
1,4,2,2,232,29.39329114
20,1,7,0,231,70.37438993
5,7,10,1,226,43.58360981
3,5,8,0,214,46.54686825
20,3,5,2,238,53.34679867
5,1,3,2,230,71.56137628
18,2,5,1,234,72.50930587
1,1,4,1,221,21.9848267
22,5,4,1,228,52.88560643
7,1,7,2,227,72.20279973
4,4,2,0,222,21.89986508
16,5,1,0,220,77.86582808
19,4,11,1,226,73.28136007
7,3,2,1,219,43.61758661
15,6,7,0,230,74.88883179
13,1,5,0,223,14.06763126
0,2,2,2,231,17.44485355
17,1,5,1,231,49.37865397
5,2,2,2,231,72.1360591
7,6,1,2,227,24.02340911
1,1,9,0,219,88.85930605
8,3,12,2,225,93.62381597
1,4,10,2,228,93.20159139
19,4,10,2,233,86.97577097
21,3,9,1,236,48.74344085
23,7,12,1,212,96.82624493
3,3,9,2,219,76.9942688
16,4,9,2,238,42.00555191
2,2,1,0,221,29.52446743
9,2,10,1,233,48.02162
12,6,12,0,226,48.96228466
23,5,4,2,211,14.8996724
21,4,2,1,231,45.23833454
10,4,3,0,214,94.43272329
7,2,5,0,216,21.76383263
18,2,8,1,230,84.83803176
0,1,2,1,217,34.39733081
17,7,10,1,222,10.412608
0,2,1,1,218,70.91317062
14,3,3,0,234,47.16038857
16,3,9,2,218,10.39729087
5,2,1,2,228,63.14515798
19,1,10,1,225,71.46228662
21,3,2,0,229,96.37327099
10,1,4,2,228,28.97000129
9,2,5,1,223,14.57239441
9,2,3,2,234,56.18893683
11,7,7,1,211,42.00156144
18,6,5,2,219,46.05955872
22,5,10,0,224,38.37543064
14,4,10,1,214,24.47824794
2,5,9,1,230,20.41416934
16,7,10,1,229,15.75205979
7,6,8,0,236,66.90098325
20,4,9,1,236,24.05533718
11,6,2,2,230,36.39827451
1,6,4,0,225,70.76471581
14,5,1,1,229,31.97657851
2,4,5,2,222,22.66073748
5,2,9,2,223,52.82625808
19,2,2,2,222,79.25398942
5,7,1,1,228,99.67867459
19,4,9,2,226,50.34264296
7,3,12,2,224,78.85893525
0,6,10,1,222,46.27323755
2,5,4,0,229,13.37847155
0,2,9,0,217,65.96315712
7,3,7,1,211,89.61414874
23,2,2,1,236,35.84139383
17,3,10,2,227,83.99417459
3,4,12,2,224,48.39912294
0,2,1,2,221,19.04152537
2,6,6,1,220,11.49424657
6,4,6,2,234,64.64567841
7,1,6,0,226,90.86882814
20,4,4,1,215,35.45762842
6,2,12,1,216,83.17700558
10,5,9,2,227,19.78768395
7,4,11,2,235,64.81397637
17,7,5,2,211,21.00957686
5,1,4,1,223,62.1681374
21,4,12,2,229,30.87226417
1,2,10,1,231,56.22513906
17,4,10,1,221,28.52369222
22,1,2,1,212,13.46430219
7,4,5,0,224,70.70522325
0,6,11,2,213,85.75321623
11,2,11,0,219,26.34818389
11,3,6,1,237,76.91835632
19,2,8,0,229,87.75336646
16,5,10,1,221,30.12130911
4,7,12,1,219,35.21349122
0,6,5,1,232,46.01338435
6,6,12,2,235,28.35148655
12,2,9,2,223,88.18153231
18,1,9,0,215,22.50667668
6,5,3,2,219,87.63369067
15,5,2,0,234,77.88469942
16,5,4,2,228,56.36652586
11,1,3,1,214,22.28711248
17,2,11,2,231,26.40173169
17,6,1,2,232,57.61518944
6,1,12,0,213,85.08366378
10,5,8,0,220,13.18906545
20,2,1,2,236,85.72732625
5,6,10,2,238,68.61014209
18,3,2,1,229,37.41066309
0,2,11,1,222,37.52810067
13,3,6,1,226,85.59955067
23,3,2,1,217,16.42219092
12,7,11,2,226,70.66294035
19,6,1,2,225,93.53631527
13,5,12,1,231,39.9472063
21,4,7,2,234,70.15977067
16,5,5,1,229,56.66337363
6,1,7,1,228,58.30116781
10,4,3,1,231,13.38233619
23,7,8,1,225,13.90214694
16,5,7,0,219,90.92422716
20,6,5,1,237,73.89755372
12,2,5,1,230,41.98390226
6,6,9,2,228,20.19214008
1,1,2,1,219,12.84782682
21,6,3,2,217,39.43068608
17,5,1,2,232,46.72372291
9,7,10,0,218,88.5386731
6,6,3,1,222,50.96693247
19,3,6,0,221,64.78650928
4,6,9,2,229,86.45154481
0,7,3,1,218,52.08814378
9,7,9,1,229,32.82950126
1,2,1,2,229,14.3371496
2,3,6,1,238,67.82277325
11,5,3,0,216,40.55555642
7,7,3,1,229,89.52068198
4,4,9,1,218,85.50462226
15,4,8,2,213,28.22157712
20,5,9,1,235,34.2137523
15,5,8,2,231,28.86422071
3,6,5,1,216,32.62332067
11,7,10,2,228,15.27754456
10,6,12,1,225,66.0725814
21,7,4,0,215,18.20619448
12,5,6,1,232,79.72536303
2,7,6,0,222,44.38329431
0,7,11,2,226,93.52478871
21,2,10,2,228,74.60217314
2,7,8,2,220,84.47627286
11,2,11,1,233,75.24588744
6,2,7,0,226,60.89753653
6,7,2,1,213,68.97131995
22,2,5,2,223,90.38896523
18,4,9,1,230,61.4843745
7,4,12,2,217,50.20046871
21,4,9,2,238,85.45948422
19,1,11,0,220,14.88916334
18,7,1,2,235,87.54189926
15,5,11,2,223,80.42477379
3,3,4,2,227,49.29738777
14,5,7,2,234,64.35319988
1,2,6,1,227,58.40572487
21,7,7,1,225,30.56691352
5,3,10,1,228,92.96368308
5,2,6,1,230,89.53195498
9,1,1,2,221,42.89225047
18,3,9,1,224,37.16968499
11,1,12,2,223,58.30287693
17,4,8,1,222,11.95905378
1,3,2,1,225,64.37122471
23,4,11,2,225,85.51297318
2,1,6,2,230,39.89468386
19,7,8,1,230,91.4841208
8,2,12,1,232,52.4081316
13,4,7,2,214,17.46617521
13,5,7,2,223,15.09003959
5,2,1,2,230,20.02521668
10,1,11,2,222,26.0752471
1,5,11,1,227,88.13632717
12,1,8,1,224,45.94287235
3,5,3,2,232,25.50450357
6,4,12,0,224,13.72437655
10,7,6,0,220,50.5346504
21,5,11,1,229,22.28203333
14,3,12,0,234,40.49307716
1,6,6,1,225,80.87387009
11,6,8,2,221,42.07367052
19,6,9,2,218,36.43799756
8,3,4,2,221,69.93001588
16,6,7,2,223,57.17013499
22,1,8,1,220,97.21220721
4,4,8,0,220,34.40610303
14,2,8,2,220,97.36698612
10,2,2,2,226,60.84470934
15,2,5,1,227,18.05733204
8,5,5,1,228,99.24532588
7,4,12,1,217,20.69780248
21,1,10,0,227,45.70856423
8,2,1,1,218,44.67144452
7,7,1,0,231,72.55504281
15,6,7,0,239,19.22753476
11,2,8,2,218,45.07680326
8,1,2,1,230,86.26880424
11,1,11,1,231,20.26430417
15,5,12,0,238,72.74706246
4,6,6,1,231,48.42069379
20,1,8,1,221,86.90794476
0,4,5,2,217,24.86254112
15,3,6,2,230,93.90151163
13,3,2,1,222,70.66502681
7,3,6,2,225,31.80565945
22,5,11,2,232,53.8918429
8,5,5,1,232,67.73340385
12,3,2,1,230,24.35058728
9,3,11,1,229,78.30908194
15,5,9,0,230,25.29845511
19,1,2,0,214,46.243273
13,3,5,0,214,52.43700962
16,2,9,0,215,88.05166201
21,7,10,2,224,58.74943831
6,1,1,2,237,11.47068651
10,5,7,2,220,24.52021668
17,1,3,1,234,70.77494136
18,1,2,2,221,36.05128104
6,3,7,1,226,22.11304047
13,1,5,0,217,94.18551073
3,4,10,1,231,91.07645791
7,7,5,2,225,26.4239159
16,3,7,2,228,98.80114381
2,4,2,1,231,73.16124639
19,3,1,1,219,82.64671924
8,4,4,1,224,58.52106031
14,2,11,1,227,45.09104093
20,5,4,2,228,49.55067471
22,5,1,2,228,38.48928296
13,4,5,2,212,92.83205421
23,4,1,1,230,41.04213788
8,4,8,1,230,14.74138749
7,5,6,2,235,45.02481238
8,1,1,1,219,66.58987901
8,7,10,2,231,32.53875783
18,1,5,1,214,73.07748136
7,3,9,1,232,36.00804322
9,6,7,2,216,53.793634
12,7,8,1,229,93.93386458
3,2,12,2,221,16.1815311
1,5,11,0,219,24.67018255
22,3,1,2,235,51.41796265
7,7,5,2,230,16.55498068
10,6,12,1,215,33.76429898
16,6,1,0,221,95.71038654
1,3,12,0,222,89.27446316
9,1,1,2,216,91.45940663
0,7,11,0,220,74.0074579
10,6,2,1,231,34.69236455
9,4,3,2,226,20.34000084
18,1,1,1,217,51.88713787
7,2,11,1,220,30.35913628
16,4,4,2,222,44.63070225
1,4,11,2,226,28.36104918
5,1,11,1,217,49.17534586
16,1,9,0,234,68.39286649
16,7,12,0,225,59.29251363
16,3,9,1,218,87.69630217
21,1,7,1,228,96.40292396
2,2,2,2,223,52.44627889
1,5,3,0,223,17.62469664
2,7,5,0,220,87.68226325
0,7,2,0,238,62.39910311
23,1,5,1,233,44.90051659
16,4,8,2,226,59.14249909
9,4,6,0,221,64.39325833
9,5,2,0,229,26.42550186
5,5,2,1,235,46.47639145
18,4,12,2,215,61.29184254
3,4,11,0,232,53.84220689
23,2,11,1,230,75.08169017
2,1,9,0,222,79.21036201
4,5,5,2,230,63.57962931
8,4,8,1,239,24.76532308
22,1,12,0,231,38.3225364
20,4,2,0,223,29.40128646
17,3,11,0,225,84.46032694
21,7,8,0,228,53.46322424
18,3,12,2,214,47.89478959
0,6,6,0,221,93.36736506
21,3,12,1,226,68.83425033
9,3,6,1,226,10.83752593
14,5,7,0,226,43.66983452
1,4,4,2,227,79.78898135
16,5,5,2,216,64.32020489
20,6,10,1,232,64.18474193
16,2,3,2,217,71.09479711
4,1,3,2,214,20.52393078
14,1,8,0,231,51.81019224
19,1,10,1,234,29.20599528
3,7,9,2,231,47.82238972
22,6,8,1,217,35.94128251
0,3,9,0,226,67.96129397
17,5,2,0,220,67.25379015
16,2,3,2,221,68.0688618
18,5,1,1,224,20.76469384
21,5,10,1,233,30.7429186
11,4,8,0,217,94.26561423
23,2,1,1,232,52.74563808
1,3,11,2,220,95.17132642
16,3,10,1,226,55.34085887
23,5,10,0,228,40.08142371
21,6,6,2,238,64.06259919
17,6,1,2,232,45.48535425
23,2,8,2,220,23.66857995
21,5,3,0,222,33.6827109
6,7,3,0,233,36.54626183
10,6,10,0,236,14.25316767
13,3,5,2,234,94.16475252
10,4,9,1,229,42.10584991
17,1,2,2,227,51.32250201
18,7,6,1,218,93.04462681
21,1,4,0,229,32.29477375
17,4,1,1,220,38.63289928
13,6,6,2,230,65.4657249
5,7,5,1,233,13.02464113
9,5,6,1,221,10.20003551
22,5,12,0,217,46.17300566
10,2,5,0,217,13.43118561
9,7,2,2,227,43.2001448
9,4,4,1,226,26.84918359
11,7,7,2,215,50.18548882
22,1,1,0,227,25.8251792
1,6,3,2,224,35.05412013
19,7,10,0,226,14.66522245
23,4,8,0,223,41.79691389
11,4,9,2,226,99.71533134
23,5,6,1,234,79.33518351
10,5,7,0,214,91.46293646
11,3,2,1,217,36.62265935
11,7,10,1,233,97.13899142
14,4,11,1,223,76.59855585
6,7,10,2,228,53.40019522
3,3,2,1,228,35.35950776
22,2,4,1,221,69.30859738
23,4,2,2,216,33.46322426
3,3,9,1,230,69.40582711
14,4,8,2,232,55.26363034
0,6,2,0,224,33.07587169
2,7,11,1,215,99.73664798
18,1,4,1,229,68.02755319
10,7,4,2,230,44.44097561
19,3,1,0,222,58.72419413
3,1,1,1,232,38.52732907
11,2,1,1,222,68.45544988
10,1,9,1,217,27.6466574
17,4,3,0,222,71.17417527
4,2,5,2,222,52.63331116
11,1,7,0,229,49.52289714
11,7,1,0,217,16.41187296
13,1,1,1,232,22.91739926
20,6,5,0,217,31.30619329
14,2,3,2,233,62.61532057
11,6,10,2,228,92.69703247
14,7,11,2,229,40.9962871
19,7,1,0,219,78.84052142
19,5,6,1,231,31.21170487
10,7,5,1,233,28.31135318
12,2,3,0,221,64.03761143
2,2,1,1,234,79.37188847
3,1,11,2,226,82.41586873
7,3,6,0,233,57.18344888
14,3,1,2,231,49.61440639
10,2,5,2,229,31.28879047
10,1,4,1,226,31.07667532
19,3,8,1,231,14.45434712
5,2,7,0,237,63.2198649
11,4,12,1,222,65.42262238
2,2,11,0,233,98.31438513
4,1,5,0,236,51.14652313
12,3,8,1,218,20.83736362
19,4,7,2,233,99.81155951
0,3,10,2,238,21.19124941
4,5,3,1,224,81.87613217
15,7,4,2,225,50.01316742
17,7,6,2,220,92.11971952
7,4,11,1,234,89.87672267
8,1,5,1,213,87.97546921
18,1,7,0,227,28.67269481
5,1,12,0,236,51.80109838
13,4,3,1,228,30.49019216
0,3,7,2,220,48.65183692
23,7,2,2,237,57.99959582
4,6,12,2,226,61.04666012
22,7,10,1,235,26.95414931
2,1,4,2,230,93.8105242
1,7,4,1,232,47.6611985
4,1,7,1,221,78.53995465
19,5,6,2,218,25.49689555
21,4,9,0,220,91.88793501
18,3,8,0,223,98.31939105
6,1,3,0,220,62.38531239
14,4,6,2,232,36.77557206
4,5,11,1,232,12.86567208
13,1,6,2,229,96.4675366
19,4,4,0,223,74.11299255
17,3,1,2,233,72.96770958
1,1,2,1,218,51.56993018
13,1,2,1,233,78.60250823
6,7,7,2,224,70.30250467
15,3,9,0,215,55.61915118
1,1,11,1,215,22.725754
16,3,6,1,220,27.39840127
9,7,4,2,233,59.69423795
0,5,11,1,228,62.86906781
13,6,12,1,232,22.82172171
10,7,11,1,235,55.50508998
14,7,2,1,231,56.20917323
13,7,3,2,219,39.25785836
13,1,2,2,216,58.6556031
17,4,8,2,221,74.01314512
0,3,6,0,226,27.94942222
12,5,7,1,228,27.01392959
4,1,2,1,232,12.61587105
19,6,6,1,229,90.05168015
12,1,2,0,222,81.0280978
0,4,9,2,221,43.44577403
17,2,1,0,219,85.46669888
11,7,7,0,224,84.93265824
9,5,12,0,218,53.29646781
15,2,4,2,229,84.7516582
5,5,2,1,234,99.11493476
20,2,1,1,216,81.88640905
16,6,11,2,225,81.22654549
4,3,9,2,219,80.14354598
18,5,2,2,224,82.18368331
9,7,5,1,225,63.84366898
14,7,3,1,236,56.12956238
9,2,11,0,228,93.35285314
17,7,5,0,225,63.12255933
14,1,5,2,223,33.30933725
2,2,1,1,228,36.66435262
3,6,7,2,233,83.94661511
2,3,6,2,227,87.31988649
8,4,5,2,234,19.13344671
17,2,1,0,226,96.75716744
16,3,1,2,232,85.03200717
2,4,4,2,233,59.46046917
17,4,10,0,230,94.39941667
21,6,9,2,235,36.51080604
16,3,1,1,212,73.30483061
21,5,7,1,216,97.12214686
13,1,9,1,219,26.52675317
21,2,11,2,230,33.36262986
2,6,1,2,219,75.9210941
20,3,4,2,230,58.01989654
17,4,12,2,222,71.49910838
22,5,1,0,229,16.7308995
9,5,5,2,220,24.90453652
18,6,10,0,222,85.26708854
7,4,8,0,227,25.49362424
17,5,1,1,237,46.15782242
16,7,11,2,223,47.23471612
2,1,1,1,225,67.91299292
18,4,6,0,214,44.31995643
5,3,6,0,230,69.13850148
12,7,7,2,225,37.78540618
6,4,4,1,224,69.84952562
19,1,2,2,221,99.42545424
10,7,4,2,214,67.98971777
3,2,3,0,217,32.3582775
1,6,3,0,230,78.75040552
10,7,5,2,222,23.66742468
18,1,5,2,237,42.11735324
8,6,1,1,217,67.30591129
18,3,6,2,227,32.36127354
0,6,9,2,219,35.190686
10,3,5,0,221,37.04596478
5,1,10,1,227,12.02579876
5,4,7,1,212,10.6022673
19,3,8,2,229,56.94429338
7,5,6,2,231,94.41394648
22,7,2,2,219,89.92731142
0,4,3,2,226,11.09523389
22,5,2,2,235,28.28767791
23,2,10,2,214,27.70057401
11,7,5,2,228,29.91055115
0,3,7,1,220,90.87804421
8,3,3,1,234,28.27336057
19,1,12,0,224,31.95889183
16,4,1,0,221,76.13659337
12,4,6,1,231,30.91488038
10,5,12,1,224,19.60222386
23,6,12,1,228,25.8524451
5,5,6,2,212,75.84202267
3,5,7,1,220,11.80354939
15,4,2,0,211,33.94558325
15,4,1,1,221,38.87037677
3,5,10,0,225,65.88193106
5,5,7,1,221,85.87600887
19,5,5,1,214,32.30302054
9,5,3,0,222,20.50096077
16,6,10,1,223,30.77906556
11,2,8,2,227,80.6305199
18,6,9,2,219,78.91018345
20,6,8,2,218,74.63451323
5,4,5,1,227,20.73574212
13,1,7,1,234,19.80871022
12,4,9,1,224,59.43705625
8,5,5,0,219,80.81022114
20,4,4,1,227,97.53814557
14,4,4,2,224,11.23247082
10,1,12,1,232,86.70950308
19,7,7,2,230,12.36774005
23,5,10,2,222,10.62429153
23,1,10,0,218,22.30848125
6,2,10,2,212,97.16883199
2,2,11,2,227,91.1702112
16,6,1,1,229,15.5783338
4,1,6,2,228,76.74177295
13,7,9,0,228,20.38689182
0,6,2,2,216,73.08536644
10,6,7,1,226,79.04967613
14,3,1,0,234,12.61787677
16,3,10,0,229,59.47502836
22,2,8,1,230,81.60318354
19,7,1,1,220,20.84878986
13,3,6,0,229,28.30833828
22,6,9,2,232,78.0302564
4,2,1,0,220,97.08574386
18,4,11,0,227,87.27186388
21,5,5,2,237,79.33548307
10,4,4,2,225,62.23737942
22,7,12,0,224,53.25733487
10,7,2,1,219,91.60938003
4,1,1,2,226,66.10491709
3,5,12,2,229,97.89828418
7,5,6,0,217,67.27795892
5,6,4,1,231,67.7601892
20,7,7,1,217,82.76628567
1,5,12,2,217,76.03780006
16,6,4,0,225,78.65627719
20,4,11,1,220,25.87774364
22,1,7,2,216,26.16235026
7,2,7,1,229,90.28364056
7,5,4,1,221,82.70824225
9,4,5,1,224,63.4596892
3,1,8,0,223,91.37980499
23,5,8,0,232,70.17929378
5,4,7,2,223,56.49642586
16,6,1,2,226,99.06093818
19,1,10,2,234,63.71233262
22,2,5,1,224,74.84522898
22,6,9,2,218,34.80700422
0,7,8,1,225,87.14864079
19,2,2,2,230,64.53977254
0,7,10,1,220,35.4165025
14,1,4,1,220,23.8186113
7,4,6,1,217,97.10091643
5,4,10,0,220,32.62582032
14,4,4,1,226,88.07174052
1,2,7,2,221,26.46047256
18,4,1,0,225,93.64240372
0,1,2,1,229,73.38523836
13,2,2,2,222,55.61218936
23,4,1,2,231,88.65317885
2,4,2,1,220,83.65529719
9,3,11,2,223,99.84438256
4,1,8,2,223,96.79007692
3,6,9,2,229,68.85307101
6,4,1,1,220,94.69496993
5,4,3,1,229,55.496233
19,3,8,0,230,52.97067683
13,5,4,1,232,21.11808089
3,2,2,2,231,36.87961769
5,6,10,1,220,54.04911294
0,7,8,1,224,83.4415873
3,1,5,2,223,22.50581483
15,6,1,1,221,77.75622067
12,2,6,1,215,16.08969781
1,5,10,1,219,86.59711005
23,3,1,2,225,93.23513878
11,7,1,1,223,60.47561016
14,5,7,1,218,86.4113652
20,3,10,0,230,82.55507217
18,7,10,1,228,97.52651176
19,5,12,1,212,80.09399167
15,6,11,2,225,70.82353307
3,2,7,0,214,90.27854658
19,3,7,0,216,62.8100154
0,1,7,0,219,54.73852599
22,6,5,1,231,79.19254248
2,7,6,0,221,71.76847977
0,7,5,1,216,19.54680012
14,1,8,2,222,64.56796567
5,4,1,1,223,61.93355004
16,3,7,2,233,26.84105401
8,7,4,0,228,51.53396965
6,4,11,0,222,77.45288216
7,3,8,2,226,75.11209844
7,3,1,1,222,66.4085807
14,4,8,2,228,14.50794102
14,6,11,1,238,61.72276136
16,5,5,1,221,86.22172624
12,5,6,1,215,90.24022716
23,4,5,0,234,52.03710901
1,1,11,2,216,27.6812657
18,6,6,0,218,68.85506666
18,2,5,1,236,67.71443824
1,2,3,1,220,69.10628643
7,3,8,1,215,58.21326598
6,2,12,2,227,11.36048238
3,1,4,2,231,10.16245696
5,3,10,1,229,34.75478163
11,1,7,0,223,48.09270234
1,3,4,2,225,27.20940321
1,1,10,2,222,76.1735353
21,7,9,0,227,59.38271904
4,6,1,2,218,23.00184894
12,7,4,2,224,37.01172566
2,1,7,2,214,44.55504097
12,4,12,1,226,44.96740435
22,2,8,2,238,30.16531017
21,2,4,1,230,90.85779732
15,3,4,2,215,33.28295399
18,1,3,1,220,25.44773132
13,1,11,2,217,70.56428351
7,3,7,0,228,54.84266728
5,2,6,1,224,15.96295558
13,6,3,1,226,53.36226257
13,3,11,2,229,79.26791376
18,7,6,2,232,36.2767532
0,1,6,0,218,61.58158755
14,7,1,1,214,67.46458092
16,2,6,1,216,99.2841829
8,7,3,1,227,41.31509229
11,5,8,1,223,18.61539551
14,2,10,0,228,59.10348281
1,1,1,1,226,13.84624686
23,1,3,0,225,28.62135467
17,4,5,1,216,17.18974544
6,7,9,1,235,21.2581218
15,7,3,1,227,85.43375471
10,7,7,0,213,36.83598745
19,7,11,2,235,82.98295731
5,2,6,1,217,11.87171596
4,7,10,0,221,95.72335517
5,3,11,0,228,73.54729513
3,1,9,1,231,56.79848585
2,7,1,0,221,28.18080572
7,6,5,0,229,31.15209297
1,1,5,1,224,76.85492796
6,6,7,1,219,78.71087448
11,2,9,2,229,93.26092596
5,2,10,1,225,84.80680704
13,7,12,1,217,85.63874216
20,1,11,1,221,39.72451846
3,2,8,0,236,50.24728662
2,5,5,0,230,60.61322638
12,1,6,0,222,60.44724052
20,2,5,2,234,30.84235205
5,6,3,0,214,43.9476532
22,5,12,1,226,51.34119183
20,4,6,0,216,32.61244729
13,1,2,1,231,43.78872357
17,2,5,0,235,28.74363472
0,5,3,0,229,28.66594675
5,4,8,1,227,59.21639709
14,2,6,2,224,40.10686131
15,7,11,2,228,70.08536534
3,2,4,0,221,68.6559973
15,4,4,0,217,81.18684938
9,6,4,2,226,73.1146632
2,6,6,1,219,91.04095549
19,6,8,2,221,46.12702564
16,4,9,0,216,84.31014297
17,4,7,1,235,68.00029048
8,4,3,2,225,25.16016298
16,2,1,2,229,62.60750775
17,6,3,2,225,43.73338982
11,6,4,1,219,97.54366566
10,5,6,1,235,96.00461796
8,2,9,1,221,30.40496239
2,2,8,0,231,87.52820721
23,7,11,2,218,25.85843109
2,2,6,2,225,70.12439685
17,7,1,0,233,20.2456123
2,7,9,2,220,45.85904528
1,6,12,0,221,77.37265249
19,1,2,2,223,61.50079685
11,1,9,1,225,63.03121468
14,2,1,0,215,26.41350791
5,6,6,2,232,13.10401273
10,2,9,1,227,51.29347368
11,2,12,0,216,95.39806804
10,5,4,2,224,50.83935649
13,3,9,2,223,35.79188464
4,1,4,0,226,83.10668108
19,6,12,1,218,10.06664999
21,7,5,0,235,47.46830424
16,4,8,2,233,88.40970023
15,6,10,2,230,10.01578949
6,7,11,0,231,92.43050471
15,4,9,2,234,59.30705917
1,5,8,0,230,82.13826441
4,3,8,1,225,72.77441538
7,1,7,2,215,13.10766551
13,3,8,0,230,20.09063816
0,5,2,0,216,37.34520077
11,5,8,2,219,41.41156397
11,4,5,2,227,92.09270435
0,3,3,2,222,52.06024401
11,4,3,2,226,21.11280781
22,5,9,0,223,53.98596181
11,1,1,0,218,96.15856384
12,7,10,1,218,83.03721828
23,4,5,0,230,49.32922947
10,7,10,0,226,13.92924016
14,3,2,2,216,20.90332153
15,6,5,2,218,53.32437826
20,2,1,1,235,59.03130481
9,4,3,1,235,22.06637184
15,4,1,0,225,57.43587646
9,5,9,2,223,92.05876746
21,2,4,0,229,37.66876328
12,2,10,1,216,73.68926831
15,5,3,0,226,99.18810586
22,1,10,2,217,69.65990882
9,7,5,2,231,32.96463467
17,2,11,2,223,81.01105345
13,3,5,2,218,79.57178026
21,7,6,0,230,58.84617417
11,6,10,2,232,34.29795855
5,3,9,2,222,40.58013787
11,7,12,2,229,58.26692884
13,3,7,0,223,53.97202685
12,7,6,2,222,79.74418865
9,4,8,2,230,94.54734143
6,6,12,1,216,92.4566508
5,7,7,0,235,65.88484604
19,7,2,1,213,58.07664386
7,1,10,1,223,42.09389741
21,7,4,0,216,37.2825193
12,4,12,1,236,51.44926067
16,4,9,2,228,69.67789936
0,4,12,1,225,31.3405645
18,1,11,2,229,46.50291267
7,5,9,0,227,90.42355602
17,4,12,0,221,12.90033824
0,3,7,1,229,40.62002427
6,1,12,2,222,52.90965994
5,5,4,0,215,97.44727012
18,5,1,0,212,17.49839805
23,7,9,2,219,75.42739608
15,3,6,1,239,86.31138606
13,5,10,2,230,72.52280174
11,3,12,0,219,95.94223819
12,7,6,1,222,27.72757953
14,6,12,2,230,90.34225738
16,5,11,1,222,66.17579913
23,1,4,2,231,56.93809471
18,3,10,0,213,72.2989861
21,4,10,2,231,68.42623095
13,2,8,2,220,13.45890798
11,4,9,1,227,95.0057563
8,1,10,1,236,77.0485724
8,4,9,2,213,30.33694741
5,5,6,1,227,33.62979122
4,6,8,2,225,17.48827922
10,1,7,2,219,13.92370913
13,5,7,1,222,45.56592804
0,4,5,2,216,76.2275661
15,7,5,0,234,77.61558957
16,2,7,0,223,89.94230089
23,4,7,0,226,36.36114266
4,2,3,2,237,41.85656141
17,7,10,0,222,88.49289494
18,1,7,1,232,20.21625923
20,6,1,2,227,63.9227422
2,7,1,2,222,61.46388878
8,6,11,1,225,56.90341828
17,1,9,2,237,73.39792109
0,2,4,2,231,44.29683538
21,6,10,0,218,65.39591805
3,7,11,0,232,84.87337052
2,5,3,0,234,97.68118048
10,3,6,2,219,95.90347431
20,3,10,0,235,51.85353369
5,3,5,1,212,28.81527595
14,1,6,2,213,66.87675628
0,3,4,1,220,97.72632745
12,3,1,1,232,56.56316213
18,6,2,2,220,77.9131832
17,4,5,1,226,43.52917482
8,5,9,2,232,80.94359402
0,6,10,1,232,94.35005978
4,7,3,2,226,51.84793593
2,4,5,1,238,88.90959144
11,2,6,2,237,16.40051325
8,6,8,0,224,33.35461843
14,7,7,1,219,26.93793764
20,1,6,0,232,75.96179739
21,5,10,1,232,53.76891589
19,7,5,1,226,11.32550178
7,3,3,0,233,58.96664112
19,3,3,0,229,26.66008142
9,4,12,0,220,46.01557334
0,6,11,0,239,88.25943603
21,2,5,1,226,12.68352948
4,3,10,2,224,72.40577917
4,7,11,0,230,49.62094683
4,7,9,1,228,19.0042551
7,2,9,1,215,44.33977653
8,6,8,0,228,98.78179483
19,4,6,2,217,70.12039343
3,2,5,1,215,55.26288668
23,6,7,1,221,93.4475105
9,3,2,2,219,37.00919148
23,5,1,0,214,10.24060427
3,7,5,0,220,81.73950812
4,3,3,0,225,47.19297831
10,5,1,2,220,89.48581792
3,4,6,1,232,55.71741302
5,1,6,2,228,32.57672319
14,2,5,2,221,27.99174482
6,1,6,2,216,40.23747435
1,6,11,0,234,52.55690782
14,6,5,0,229,45.10706498
19,7,1,2,238,82.87822148
9,1,10,1,220,34.3782904
10,2,10,2,232,81.35363404
23,4,10,0,218,39.99878804
1,6,8,1,221,35.8457973
19,2,2,0,219,61.48211757
22,4,5,2,231,65.44600995
11,1,1,1,229,82.35512956
6,6,8,2,214,14.54861516
12,1,11,2,233,92.44674159
1,7,9,2,215,81.25106081
16,2,2,1,231,71.92745602
3,6,9,0,231,30.22097379
20,5,5,2,230,55.2101016
13,2,7,1,231,67.87090573
19,1,2,1,233,15.14312397
21,1,10,1,220,31.33461853
12,1,9,1,218,68.80790998
8,1,11,1,238,52.30393991
6,5,5,2,222,33.18966148
14,6,4,2,234,81.36823146
7,4,12,2,229,48.09616256
16,2,1,2,238,62.77296609
13,2,9,0,234,37.01023864
20,7,5,2,218,52.89630477
15,3,1,2,227,30.81071292
16,6,6,1,229,62.94800801
22,6,1,0,217,21.85939158
2,4,11,2,228,20.411987
14,4,6,1,235,75.74831472
0,5,1,1,221,74.86548368
15,6,7,2,230,41.93692753
4,7,4,0,231,75.89843817
16,6,7,1,222,63.59429631
17,6,10,1,228,76.27250469
5,1,2,2,225,77.57309161
12,3,9,0,228,11.69045142
17,7,8,1,227,59.23860795
11,2,1,1,221,27.89487296
13,6,7,1,230,72.94836587
7,1,5,2,236,52.87628517
7,7,5,1,237,37.49895162
15,1,12,2,232,11.7551812
8,6,6,0,222,63.6912574
8,6,10,0,228,53.47203277
11,2,11,1,218,66.25875309
1,2,5,0,224,31.6375355
23,6,4,2,226,25.93190339
2,1,7,1,222,34.77147079
5,7,1,0,221,19.54008439
18,1,9,1,224,10.93768136
22,5,5,2,221,76.00516532
6,1,11,0,227,73.45907252
0,3,3,1,218,31.17403168
8,2,4,1,225,64.53032955
6,2,8,1,214,97.62535711
19,7,8,1,234,46.18112426
5,5,7,2,218,13.69770959
11,1,10,1,227,94.17990979
0,5,1,0,217,96.96353544
16,2,1,0,216,82.17123762
4,4,1,1,238,52.19296035
18,5,3,1,235,80.8359229
23,2,6,1,224,99.45592393
8,6,12,1,219,36.49709739
6,1,2,2,223,41.87406565
6,2,3,2,226,43.79949458
21,7,3,1,218,21.13821334
8,2,7,0,226,83.83033293
20,6,8,0,216,95.57300743
22,4,8,1,218,10.44808925
12,4,11,1,228,11.19018089
9,7,3,1,223,97.57241729
8,2,12,0,235,28.02541747
13,7,10,1,230,94.0688299
22,4,4,1,219,12.69242014
2,5,7,1,228,75.41187492
3,1,5,0,230,39.05857536
8,6,11,2,221,77.25517335
18,2,4,1,221,17.03060499
14,5,4,0,223,60.14575655
14,7,9,1,214,11.26515018
16,4,1,0,216,64.90710769
20,4,4,2,224,43.68279406
7,6,12,2,223,62.60170748
20,4,1,1,217,92.74076739
22,3,3,2,236,45.42922541
4,6,9,1,228,30.55679203
20,1,9,1,225,63.25363973
23,6,4,0,226,86.32485597
3,1,6,1,236,49.14693081
6,3,7,0,229,12.94847055
10,7,2,2,219,60.1542265
15,1,4,0,225,84.80249781
23,2,2,0,217,76.31180814
19,7,4,1,217,72.0244114
22,2,8,1,223,90.84732721
17,6,10,1,225,99.72127859
12,7,11,2,231,89.56063298
17,2,10,0,224,39.51390011
22,4,8,0,230,65.47921844
12,3,6,2,217,18.59299741
13,5,1,1,229,75.32638727
8,6,7,0,227,84.4016499
12,5,12,1,225,97.73114222
10,7,6,1,223,19.52037093
12,4,9,1,212,43.17956324
22,2,6,1,212,40.63598766
12,7,10,0,234,83.81386227
22,4,8,2,232,60.1948345
6,6,1,1,215,47.19251042
13,7,1,0,236,47.82582322
8,5,3,2,223,56.36883929
8,4,3,2,213,29.08341909
8,5,5,2,232,48.27487813
4,6,5,1,236,44.54192883
3,6,12,1,217,63.23462438
11,2,2,2,224,34.15335091
4,4,11,0,233,53.84255785
12,4,10,1,225,49.21992896
5,7,9,2,236,91.75742127
11,1,3,0,212,87.12508123
14,2,1,2,222,65.83525033
14,3,10,2,235,10.16558733
13,1,6,1,217,28.12876054
1,1,8,2,225,22.9723408
16,6,10,1,232,60.9268506
6,3,9,1,223,34.38748826
6,2,7,1,239,50.11964185
3,1,2,0,237,36.44916514
19,5,7,2,222,84.35318642
14,1,8,1,222,52.87774756
18,6,2,1,216,45.23632095
2,2,1,1,223,78.19958118
4,4,6,2,219,62.56053981
6,7,7,1,228,45.31539104
2,2,11,1,222,18.35265354
3,6,6,2,222,30.61510738
22,6,2,1,221,24.26830458
6,1,12,2,231,67.14173517
15,1,10,2,220,37.56319785
6,1,10,2,232,81.91716348
20,1,10,1,230,51.67681458
13,3,11,2,224,34.2028045
17,6,3,1,232,53.19987464
21,6,2,0,226,69.33326912
8,1,5,0,222,88.5171745
13,3,2,2,237,76.54267163
3,4,9,1,233,41.20381267
20,2,8,2,229,87.65275263
19,6,9,1,235,28.13423964
18,2,3,2,218,82.81939619
14,7,1,1,224,88.06083969
11,3,11,1,219,40.67366394
8,2,9,0,214,60.11729414
17,1,11,2,237,87.55112648
13,7,4,1,234,56.92345043
1,5,3,2,233,24.13382575
16,2,8,1,219,23.39593229
10,2,8,1,229,72.81427267
16,6,1,2,227,96.88556795
4,6,4,0,238,11.74124279
7,6,5,2,231,46.91192959
2,2,8,1,216,58.35822448
10,5,9,1,230,19.69766587
18,5,10,1,214,23.30454711
5,4,6,2,233,34.36186971
1,4,12,1,224,29.52198981
9,4,9,2,219,90.58772612
4,2,4,1,230,19.81935204
2,4,8,1,227,68.00890689
13,5,3,0,218,50.6366264
1,5,2,1,222,50.42836243
18,1,6,0,236,58.45949507
17,5,5,2,228,79.25941178
8,2,11,1,228,72.05732787
20,5,5,1,224,77.9862153
0,6,9,2,230,43.14988284
7,7,9,2,220,62.93417606
5,4,11,1,231,40.81912376
2,4,2,1,217,42.73122848
17,5,6,1,233,38.92447795
10,1,10,1,227,42.3163947
11,4,7,1,221,85.81743769
16,7,2,1,227,79.02208735
1,6,11,0,233,89.72915421
20,4,11,2,229,36.46341631
1,3,11,2,219,27.04220804
11,4,7,2,229,16.9435093
21,4,2,1,218,56.01019224
7,2,9,1,228,78.48376543
10,2,9,1,219,87.22140368
12,1,4,1,226,29.07218862
21,5,8,0,227,43.45695124
18,6,10,2,223,36.05310461
14,1,3,2,230,14.4306458
14,1,12,0,215,76.30018918
14,3,7,1,225,82.77492665
3,3,7,1,223,87.82666452
17,5,1,0,220,89.46108282
0,5,4,1,228,93.64598347
22,7,2,1,216,39.59790593
12,4,3,2,230,79.9490839
3,6,1,2,222,15.11679732
4,4,1,2,216,53.49384199
20,6,10,1,217,26.7486156
2,3,6,0,220,21.52075058
17,4,11,2,226,81.74242936
14,4,4,1,231,61.73467105
1,2,5,2,233,59.32765321
7,7,4,1,228,37.83497612
9,6,5,0,234,88.8230432
18,7,7,2,226,83.48194254
0,5,12,1,226,85.01227828
4,2,7,2,213,74.0155457
10,3,5,1,216,89.05557254
13,7,7,1,217,63.74519371
20,4,1,1,216,25.01294579
6,6,11,1,219,25.398936
23,7,3,1,219,79.58889146
6,5,2,2,214,25.59525961
2,7,10,0,228,76.78488116
4,4,8,2,226,26.03049291
18,5,12,1,230,62.37950908
4,5,3,2,220,77.42863861
19,2,4,0,215,44.5194555
8,4,12,1,220,63.77859598
16,2,11,1,226,61.32092525
2,4,2,2,233,27.65521582
13,2,9,0,214,97.16699296
9,5,3,1,221,67.90462835
18,4,7,1,225,53.06889001
6,1,8,2,215,27.80594992
4,7,7,1,229,40.36143416
10,1,12,2,230,68.10166358
9,7,10,1,226,59.83299259
13,1,10,0,222,62.58400279
2,4,6,2,223,28.8394114
17,5,1,0,217,21.92735017
1,1,10,0,220,71.57836766
2,5,5,0,236,38.26620769
7,1,8,1,211,38.26089957
12,7,8,1,230,81.87420972
23,6,2,2,219,80.09493509
10,1,1,0,220,85.71242967
7,2,5,0,231,16.84303759
9,2,10,2,225,85.67047795
4,5,11,1,232,42.82262601
16,3,4,1,212,93.34319597
10,5,5,1,233,64.42983612
18,2,8,2,231,86.7437096
8,6,9,1,217,92.77715995
3,3,4,1,234,69.71905428
12,1,2,0,222,48.81987374
1,3,4,2,222,42.34370929
19,7,3,1,217,28.87989176
21,6,9,2,233,74.94688506
17,6,12,1,228,39.86870803
21,1,6,0,223,50.24028688
7,6,10,2,229,17.63575987
4,6,3,2,230,35.84567152
20,3,10,1,223,69.54998631
11,2,11,0,223,49.85971434
14,3,4,1,221,63.53562714
16,2,10,1,221,93.16283186
13,6,4,2,228,91.0358582
9,7,5,1,219,24.22511103
0,5,1,1,220,71.78396889
23,5,3,0,226,52.62485668
17,2,9,0,218,86.92918794
9,4,12,2,236,73.40723764
5,7,4,1,223,91.20561769
3,5,11,2,225,64.50018198
19,1,3,2,218,49.59613509
7,2,10,2,227,96.81752787
9,7,6,1,220,48.16695822
12,4,12,0,221,67.80551997
3,3,5,2,233,43.89901913
20,5,1,2,222,52.44529649
2,2,11,1,218,77.13233184
2,1,10,1,215,65.00733223
12,5,4,0,226,34.28414171
0,3,12,1,214,58.2405779
10,1,1,2,221,53.24336207
11,5,9,1,219,49.52758611
16,7,10,1,214,26.37427561
16,6,12,1,224,80.66264418
1,2,12,1,230,60.54810469
11,7,3,1,226,76.53221832
11,5,5,1,231,58.89341038
2,7,12,2,232,10.91266093
6,3,7,1,224,89.9341162
7,2,2,0,227,60.024082
22,4,6,0,227,49.08380533
15,5,1,1,213,42.26936832
2,2,1,1,227,52.20419344
17,4,12,1,228,70.86480289
3,5,2,2,216,54.05494957
16,4,11,2,222,62.6206486
6,7,10,0,217,15.25997878
11,7,7,1,229,91.40728337
6,6,8,1,233,74.26542882
8,4,6,1,223,47.93523836
20,5,11,0,229,20.38861342
15,1,6,2,218,54.59441651
14,1,2,2,222,34.35852244
11,1,2,2,230,49.2074052
11,1,6,2,230,64.72753151
23,6,4,0,216,68.43770133
14,1,11,2,215,19.81212871
1,5,10,0,229,71.44036577
1,7,6,2,229,26.301459
16,1,5,1,235,33.22978342
15,4,12,2,227,11.94188641
5,2,12,0,229,73.89992024
22,6,9,2,226,36.86552193
13,7,1,2,224,66.32474875
16,2,10,0,217,53.40090414
14,1,7,1,216,33.27204554
12,3,6,1,238,25.037417
22,1,6,0,226,34.71343181
12,5,11,0,230,18.75429056
9,5,4,1,214,77.01597385
20,3,12,2,232,84.58320788
13,7,3,2,230,45.22839271
23,7,2,0,226,20.5353772
16,7,4,1,215,74.80398817
8,6,9,1,232,44.31164175
11,5,8,0,217,97.78665486
8,3,12,0,219,64.01999072
15,2,10,1,238,59.17850744
12,4,9,2,223,34.8655915
2,7,1,2,222,97.32958935
23,7,4,0,224,80.50367846
20,5,8,0,217,10.05055099
14,6,5,2,224,91.82967212
4,6,10,1,237,87.70917643
8,1,1,2,232,41.72034475
3,6,7,0,223,94.57967255
22,4,6,2,219,94.68513719
12,5,5,1,223,10.45678131
6,6,4,2,236,49.66712805
13,2,7,2,222,59.67848256
2,3,8,2,233,81.34307267
6,6,1,0,224,98.20461659
10,7,3,1,217,79.79987019
15,3,11,2,233,23.48187093
5,6,8,2,228,19.55047073
8,2,10,2,225,33.18354848
3,5,5,2,224,27.047376
23,5,2,1,220,87.98199163
12,2,7,2,236,27.71216926
5,6,9,1,236,67.37022603
19,3,5,1,238,84.61547686
2,4,9,0,219,25.61776912
23,7,8,0,224,22.10563562
3,5,1,1,231,24.25067871
11,1,11,2,229,43.98142673
18,1,12,2,223,79.0844454
16,6,5,0,234,30.94816221
15,2,3,1,222,51.76675913
4,4,7,1,226,92.0735649
8,7,10,2,215,94.05475425
1,3,8,0,226,37.17698912
22,3,5,0,223,75.81448786
4,5,11,2,228,86.59762984
3,5,12,1,219,99.71466832
12,5,4,2,213,41.35181706
13,4,10,2,226,77.62995658
10,2,9,2,228,68.07666988
1,2,2,1,230,89.89148567
1,4,1,2,223,43.76861257
18,2,10,1,221,76.35489118
5,1,4,1,221,73.64683432
19,3,6,1,229,86.04867618
13,4,11,2,237,43.64693241
14,4,9,2,219,42.38828357
12,5,5,1,232,56.46470095
13,2,4,1,234,82.17827957
23,4,4,2,218,14.49486179
10,5,9,1,228,76.55651505
4,4,7,1,220,69.2244214
23,2,9,2,227,27.48547591
14,7,11,1,222,44.95635599
20,6,3,2,230,89.94816137
17,5,9,2,216,13.3614114
16,4,3,2,223,58.32970343
10,1,11,2,235,58.42200518
12,1,8,2,234,43.31266243
1,7,5,2,219,43.22772886
17,6,2,0,228,54.98034585
16,3,3,2,233,24.72633109
5,2,11,0,221,19.59555072
17,7,7,1,227,65.60426749
23,6,7,2,226,15.97461285
17,6,4,2,221,36.04002093
19,6,11,0,234,97.92448035
2,5,9,0,220,46.97270238
5,3,11,2,225,97.81200367
5,2,8,1,227,97.293295
21,5,1,2,214,93.35550684
3,3,11,0,222,92.62644061
5,6,6,0,222,32.9811358
9,7,7,0,230,16.93791789
20,3,11,1,229,33.55433673
22,7,10,2,213,88.62017667
22,4,3,0,228,19.77059249
7,5,6,2,212,46.65789251
22,7,3,1,230,77.46086675
6,4,5,2,229,94.57521702
15,6,4,1,227,44.69331279
2,6,4,1,220,35.47487852
4,3,10,1,229,39.42600091
2,4,12,1,234,57.19425371
21,6,6,0,229,97.77259087
19,4,7,1,229,71.94059389
7,3,5,2,215,30.65293006
16,5,7,2,231,62.89733232
22,3,5,0,212,96.72552837
18,5,5,2,228,24.32267693
6,4,1,0,232,12.96786742
12,7,1,1,237,19.65604991
12,6,5,1,218,53.39050928
6,7,11,0,230,64.15408146
23,1,6,2,218,36.16023612
10,3,12,1,227,76.39244124
3,3,6,1,220,52.05241785
5,2,11,1,214,87.51178822
15,6,8,2,221,56.20365477
6,4,2,0,219,94.34483818
6,3,1,2,225,80.07557931
9,5,6,1,229,46.01677297
0,3,7,1,213,87.33786823
9,1,7,1,221,25.28321785
23,5,10,0,230,33.12996852
10,3,2,2,216,21.38975697
21,6,6,2,219,66.2174532
5,6,1,2,222,90.81162711
5,2,3,0,219,21.06954755
21,4,8,1,224,50.99185856
22,7,5,0,225,94.02098948
19,7,1,0,214,69.96407952
3,3,9,1,216,90.10165434
0,6,3,2,224,14.56860495
23,7,12,0,238,95.04222204
12,5,8,0,235,59.05470259
20,4,9,1,229,96.74683355
9,7,8,2,229,88.69735665
3,5,3,2,225,76.7874233
2,4,8,0,223,98.11941634
14,6,8,2,233,14.85632969
12,4,4,1,232,24.66848254
4,7,5,2,224,80.74064694
20,5,9,1,220,48.35529234
18,5,12,1,230,38.22836965
17,7,12,2,222,73.5653193
2,5,1,2,223,84.44478199
1,6,4,0,220,45.62883111
0,7,5,1,224,88.76489233
22,6,8,2,220,75.03818895
2,5,4,2,217,31.3962206
7,2,2,2,221,32.96064037
20,6,5,2,231,78.20040672
9,4,12,1,215,44.92344925
21,6,11,1,230,22.15639728
8,7,9,0,223,39.70146741
12,6,9,1,224,72.96522566
2,7,5,2,219,20.75090517
4,7,10,1,226,34.78796637
2,6,12,2,220,71.08218553
17,5,12,2,232,81.7703171
15,3,11,2,232,60.66454635
15,2,1,0,218,27.64572445
14,6,7,1,230,69.72842851
17,2,1,2,214,93.31542313
0,2,5,2,217,70.09682365
17,5,2,2,222,73.93181756
10,6,3,1,226,63.6121579
15,6,9,2,237,80.21418325
8,6,10,1,230,22.94780538
3,2,4,0,215,29.93485304
19,6,1,2,234,45.10291946
17,2,11,1,226,37.9201929
8,1,4,0,219,38.66489972
0,3,12,2,230,19.48658487
2,1,12,2,219,76.05918889
22,4,6,1,222,89.08248901
7,3,11,1,217,17.68043714
13,3,5,1,218,59.05169235
14,1,11,1,223,87.16825413
23,3,7,0,217,15.59855553
13,4,1,2,230,58.86936045
13,7,10,0,220,92.61567804
4,6,1,2,227,63.02517719
23,6,5,1,231,59.66955172
3,4,9,2,222,46.74510002
3,1,8,2,228,40.22942579
10,6,9,2,219,60.80522013
17,1,1,2,214,41.81575491
7,2,1,1,225,10.47639825
20,3,4,0,226,30.62731761
9,6,6,2,223,41.04831685
1,1,4,1,233,90.73716299
16,3,6,0,221,68.74604081
16,1,6,0,230,54.08381258
8,1,4,0,236,49.45679873
7,1,3,1,224,68.94170428
13,4,11,0,226,26.73728486
19,2,4,0,225,84.18095446
12,7,2,0,229,52.35777125
22,7,4,1,228,80.34601739
2,1,9,1,232,83.66476991
22,2,2,2,219,29.95937115
17,5,6,0,220,77.31893316
8,3,8,2,228,38.47488945
0,1,8,1,221,11.93976746
18,1,4,0,226,96.18669092
17,6,9,1,225,19.31478146
23,6,10,2,218,55.44176713
5,1,12,1,214,87.74310546
8,7,3,2,226,10.84845638
12,2,3,2,223,35.60158977
3,6,5,0,229,34.46609067
4,7,5,1,216,14.69417412
18,6,10,0,232,13.01205542
7,7,10,1,229,67.57490325
5,7,3,0,219,77.52284754
22,7,1,1,223,91.53853425
3,1,7,1,238,39.24528937
12,3,12,1,237,14.38130688
8,1,1,2,230,21.78206178
0,7,1,2,217,73.17219502
9,4,11,2,227,93.29191229
22,2,5,1,212,54.41522028
23,6,9,0,236,43.51926984
4,3,6,1,234,41.26528835
0,3,7,1,234,53.65536695
6,2,5,0,224,23.3475624
22,1,10,2,225,68.02195716
20,6,11,0,228,10.30187092
23,4,6,1,221,40.63532804
8,5,6,2,235,99.93092875
3,4,6,0,216,10.41602477
0,5,7,2,225,26.6517189
12,4,9,1,228,38.89145426
23,2,7,0,231,80.56504584
12,3,8,1,225,43.81184595
17,7,1,2,217,32.78740364
23,6,9,2,214,15.51846337
23,5,7,2,214,47.80468205
19,7,12,0,219,96.7593647
13,1,1,2,221,16.94669174
2,4,3,2,217,75.80686545
12,5,7,2,226,36.41206774
22,2,1,1,223,52.29029589
2,3,2,1,232,29.96883149
11,7,9,0,216,86.55164662
17,2,12,1,228,73.07663929
17,5,3,1,235,79.08019269
10,3,8,1,219,81.54182332
20,7,12,0,217,74.29469042
10,3,5,2,229,67.75194826
3,3,7,1,228,43.14529449
21,4,7,2,233,13.71653268
20,6,9,2,226,78.43590284
8,3,6,1,227,36.29029003
4,3,11,0,217,77.71336203
10,5,2,1,230,93.25484309
19,7,12,0,238,31.35485813
19,6,12,1,229,10.24731015
13,7,4,1,232,24.01457435
18,2,8,2,233,31.87333517
7,6,11,2,233,44.90917164
10,4,4,2,234,75.96748723
12,5,7,2,226,40.15970898
15,4,8,2,225,68.14398623
17,2,2,1,232,29.38952513
23,6,9,1,218,96.90123299
17,4,9,1,220,62.56408061
14,3,5,1,217,27.48578533
8,5,7,0,235,23.52832147
21,5,1,0,219,85.23956322
2,6,10,2,221,82.72128086
9,5,5,0,236,13.97539869
21,2,9,0,239,63.65194341
7,3,7,2,231,85.80692266
12,4,3,1,237,49.30889849
2,2,8,2,213,87.98134751
18,2,5,1,225,95.7496308
17,5,4,2,228,35.52000673
10,2,8,1,225,76.4409858
4,1,1,2,235,68.70941373
19,4,12,1,223,49.35763522
0,5,8,2,225,67.21105491
6,6,11,2,228,26.27212384
9,6,12,1,226,98.4706118
8,2,5,0,235,48.1238444
12,5,10,1,229,53.12009475
17,3,2,2,218,24.51757371
12,1,5,2,226,16.87822157
6,2,4,0,217,87.18985859
11,6,9,0,214,58.21296797
4,4,11,2,225,31.10073754
23,1,8,2,227,62.98084054
16,3,3,2,230,46.99352822
1,3,10,2,233,51.10423261
5,6,1,2,224,51.57626237
15,4,3,0,226,98.93895236
8,3,3,1,233,74.4772421
23,6,10,2,215,85.17539839
20,2,11,0,225,63.21689547
1,1,1,0,219,32.39754148
2,5,9,1,223,91.21280614
16,6,12,1,229,15.26334571
5,5,11,2,222,82.00673873
4,2,10,1,216,41.05456599
15,3,12,2,218,95.42619746
7,7,11,2,213,87.08224493
5,6,4,2,215,58.61451559
11,7,10,0,232,23.30547179
11,2,12,0,220,81.56058143
12,2,7,0,213,72.70038943
19,6,8,0,221,71.53352267
16,7,1,0,214,46.52067652
3,1,5,2,229,55.43829788
9,2,1,1,232,54.20754856
20,7,4,2,231,13.40636935
2,6,4,1,222,78.46752784
5,5,5,1,222,25.19208901
23,2,12,2,220,33.76789981
19,1,5,2,236,26.06628398
22,2,4,1,217,45.66804887
15,3,8,0,222,85.78417404
3,6,1,2,233,16.33560806
0,6,3,1,229,69.7050659
19,2,6,1,228,58.64067883
17,7,4,1,217,66.8573056
10,4,7,1,227,98.32711752
21,4,10,1,230,94.17779671
4,4,4,1,235,28.19307452
11,5,3,2,228,44.69047345
0,4,5,1,224,58.25675761
3,2,11,1,223,72.0105635
2,1,7,0,217,46.20489354
3,7,7,1,231,81.09588431
20,7,8,2,219,90.41872158
7,3,5,0,229,56.34641713
11,7,5,0,235,97.58144434
20,1,5,1,225,32.20636804
20,3,1,1,232,76.7387521
20,4,4,1,217,49.3728648
2,3,4,0,219,56.47468061
6,5,9,0,233,94.54070497
0,1,11,2,227,18.43424451
15,6,5,1,222,71.40390899
10,7,1,2,214,27.52030814
4,3,4,2,222,23.76382202
7,7,12,2,233,94.22770542
12,1,5,2,239,32.92092188
9,7,8,2,212,91.33462776
14,1,9,1,235,23.73050141
17,3,3,1,223,89.83606786
0,6,6,2,230,76.09891807
22,1,3,1,224,46.66587724
0,7,12,2,229,53.69751026
13,5,4,1,215,13.79850731
7,4,3,0,226,63.30251806
13,1,2,2,214,43.32416566
14,3,9,1,222,48.386252
13,5,9,2,227,75.0517358
23,2,9,1,224,54.23346981
12,7,7,1,225,46.48542949
14,3,8,2,226,12.60388481
19,3,3,2,230,85.33649617
14,7,1,1,233,40.05213216
0,5,10,2,225,93.17733611
0,1,3,1,233,50.57004567
9,6,12,2,229,53.31738859
0,5,12,1,231,21.09695441
10,7,1,2,221,46.93690844
9,7,10,1,221,51.80270738
10,6,7,1,224,57.85797838
12,1,9,1,228,49.39923656
4,5,1,1,229,83.93925219
1,1,10,2,218,62.17476163
21,6,6,2,235,53.11325966
4,7,3,2,230,59.94781058
22,6,9,1,226,38.19622399
6,4,8,0,225,80.09319554
19,7,7,2,219,45.06331031
2,7,5,0,236,61.31892018
1,4,4,1,221,31.76132633
18,2,8,2,228,94.98767102
16,1,5,1,216,94.79673047
14,6,5,1,221,91.3084459
9,7,9,0,227,45.84244783
20,4,7,1,225,76.91825238
22,4,9,2,215,26.2205135
4,5,10,0,237,18.79917512
2,4,7,1,218,82.17537524
23,2,11,0,230,61.76698451
5,5,5,0,221,13.46277641
21,5,7,2,227,41.12952396
22,4,4,0,222,38.02286113
13,5,5,0,228,52.71823964
21,4,5,1,224,21.51687756
0,3,4,2,230,38.498656
20,2,9,2,232,32.21147332
21,2,12,2,211,60.52159052
8,3,10,2,234,77.69097191
3,2,8,1,229,68.56115646
14,5,5,0,231,13.44038741
23,4,3,1,228,26.56043541
22,6,6,2,229,85.49928534
7,1,7,0,219,14.6967095
10,2,11,2,226,16.68847943
2,7,8,1,234,69.7092472
18,3,4,0,214,68.59333583
4,4,8,1,229,76.56090253
1,6,4,0,220,36.42074954
6,4,2,1,229,22.91888118
2,6,8,0,214,52.62728242
20,6,4,1,216,64.47975554
23,1,5,0,221,63.15363049
23,6,8,1,221,45.10925117
16,5,9,0,223,60.86219301
18,3,4,0,225,33.1652525
14,3,9,1,225,36.15910973
3,1,6,1,228,61.01028228
18,3,5,2,218,10.92441209
22,7,12,1,224,64.05349814
12,5,4,1,213,54.63390906
4,1,1,2,237,40.79387028
10,2,9,2,232,36.70624156
16,5,6,0,225,13.53640717
2,3,10,2,214,42.07557999
8,4,1,2,224,34.09125462
14,4,3,2,232,73.38029032
5,2,2,0,223,82.33574121
2,1,6,2,227,41.58071776
2,4,11,1,224,87.34210976
21,7,5,0,218,39.58445207
21,5,8,2,220,79.742157
5,4,11,2,215,29.39031198
4,7,8,2,216,98.93361511
1,6,5,0,226,88.72052467
18,3,11,2,233,77.84833516
19,6,7,1,226,55.30397024
18,3,1,1,222,96.92609719
21,6,11,0,220,61.32704156
1,2,7,0,220,74.59455921
4,3,5,2,233,45.89074721
10,2,5,1,221,92.28634952
17,5,7,0,226,23.2700897
18,1,6,2,231,42.85082968
10,7,6,2,215,11.97942886
7,7,8,1,232,22.22169379
18,2,3,0,226,87.64549
19,3,7,0,227,49.89774066
6,7,5,0,218,45.16878008
15,2,1,1,231,36.28835225
14,1,5,2,215,14.67104984
9,6,6,0,230,98.06225713
21,4,10,1,226,80.3293418
13,4,8,2,227,13.62343712
5,7,5,0,217,48.65010566
19,7,6,1,231,14.68116629
8,3,9,1,217,68.58052851
15,3,6,2,230,34.55163431
9,3,8,1,228,75.22460771
19,3,10,1,220,92.18366095
19,1,1,0,231,74.6735501
9,3,3,0,227,62.34226704
7,4,7,0,218,46.3108708
0,2,3,0,222,84.43192883
23,7,1,2,222,88.36825507
5,2,7,2,219,29.62593279
14,3,6,2,230,94.83155363
16,3,3,0,223,29.97801934
8,7,10,1,230,77.17761988
5,1,6,0,230,75.46447679
12,2,3,0,223,70.59799419
22,2,5,2,225,64.91898065
10,7,9,0,229,11.39668444
19,4,11,0,230,23.75849592
20,4,6,1,229,97.27363353
14,3,5,1,222,33.01189326
8,7,11,2,226,31.61391046
10,4,9,2,233,26.28029724
18,5,5,1,232,56.34909502
13,5,11,1,227,84.12800603
19,5,10,2,221,92.68524427
13,6,9,2,218,17.29539211
1,5,7,2,228,44.66932885
19,4,7,1,230,76.13598066
9,6,7,1,221,17.8971899
14,3,7,2,215,44.17675566
1,1,7,0,229,15.02118161
19,4,6,0,223,14.3760224
14,4,3,2,234,60.72649976
5,2,2,0,222,30.89027175
8,6,10,2,226,73.65392173
3,5,9,1,227,95.60082734
1,5,7,1,221,32.24414494
15,6,3,1,229,18.63464628
20,4,7,1,222,45.4428094
23,5,8,2,231,68.60451425
0,6,2,0,225,97.65522417
19,3,9,2,229,76.02887232
14,4,2,2,212,11.51799877
10,3,8,0,226,82.853695
16,3,5,1,231,46.43854866
19,1,8,1,238,37.85251649
8,1,6,0,223,81.75967295
9,7,7,0,226,76.46584067
23,4,7,1,220,61.50347015
17,3,6,2,215,41.96785119
6,7,5,2,218,69.05506624
20,7,7,1,222,45.93163205
23,4,2,0,213,56.16984994
7,5,7,1,224,17.75079888
8,4,4,2,234,82.12632969
8,6,7,2,235,60.75216488
14,5,3,2,220,98.48167122
18,6,10,1,225,87.0025867
14,6,2,0,217,23.99243633
12,1,9,2,227,28.93814841
22,6,6,1,234,11.75297521
16,1,11,2,231,72.85960245
19,6,7,2,215,86.57375858
20,6,1,0,220,51.89265187
16,7,2,1,223,45.99036377
10,3,1,2,226,31.46806745
6,4,4,2,226,94.44969515
18,3,12,0,223,42.74551301
5,5,5,1,237,15.310899
23,7,7,0,237,36.50581268
17,7,3,1,228,99.21984313
13,4,12,0,227,55.05669627
15,1,2,0,221,46.79505006
15,5,6,0,235,43.24515361
20,1,10,1,226,94.57593429
12,3,9,0,228,41.53972361
19,1,2,0,233,90.73825524
21,4,5,0,223,32.38114288
14,7,1,2,221,73.60186842
0,3,7,2,222,90.16842268
15,4,9,0,219,96.22924874
3,4,8,1,223,36.25251782
12,3,8,2,214,44.49125054
11,2,8,1,225,69.79979886
12,6,4,2,219,86.00014226
7,7,11,0,224,11.47466996
3,4,12,0,232,92.06462067
15,5,3,1,220,96.26244661
14,1,5,2,224,96.98225685
3,2,3,1,215,87.09572196
20,5,6,1,225,87.51646133
4,5,12,1,235,49.30651823
10,6,5,2,220,82.85708154
3,5,3,2,221,93.2032797
12,1,11,1,230,74.90928685
21,6,2,1,220,84.95535792
0,6,6,0,229,87.93864759
13,2,12,1,220,21.28638623
7,2,5,0,231,54.86333476
5,4,4,1,214,92.43443565
5,5,9,2,227,59.68945766
4,7,1,2,223,51.38701631
2,1,11,1,213,56.51748984
17,5,11,0,228,26.68034982
5,3,5,1,212,60.37494907
11,5,7,1,212,71.1550086
15,7,9,2,228,95.66806816
21,4,12,2,232,52.4178144
2,1,3,0,218,62.72037163
11,4,5,2,229,28.46123386
23,6,7,2,227,83.99399466
18,2,7,2,232,41.61205386
5,6,5,2,234,59.21189293
22,3,9,0,216,52.43838034
12,6,1,1,231,26.31660199
14,1,11,1,222,70.05034439
22,4,9,1,222,52.6178553
13,7,7,1,214,52.08840878
19,6,5,2,237,26.16860351
17,3,2,2,217,73.50593323
19,2,2,0,211,50.24394714
5,1,9,2,223,96.26805343
1,4,4,0,214,30.56406973
19,1,8,1,219,99.67040435
14,7,5,0,225,57.54206834
4,5,7,1,216,26.94811165
15,5,3,0,227,37.17689701
14,6,3,1,224,97.12200276
20,3,11,1,225,97.87146422
23,3,10,1,230,60.84392366
22,3,6,2,219,22.28143934
12,7,2,0,234,10.60927134
15,6,3,1,229,51.01240128
12,3,4,1,224,81.24960782
17,2,5,0,216,31.36435728
4,4,9,0,227,45.83049131
14,3,1,2,221,22.91201017
3,7,3,1,219,36.52544196
10,7,1,0,224,33.49388633
2,3,8,2,225,61.87161148
12,1,11,0,218,69.00672633
10,5,7,1,226,77.77228193
20,1,12,2,229,19.99192372
21,5,10,0,231,33.55508048
0,4,3,1,232,60.00428712
18,7,6,2,218,50.56949163
15,7,5,0,221,45.0864358
12,1,11,1,225,91.42949161
21,4,4,1,223,87.06974687
8,3,9,0,215,49.4988892
11,2,5,2,230,56.16322416
9,1,1,0,217,68.28251974
0,6,9,1,234,33.43507637
12,3,10,1,228,68.33987749
15,4,2,0,225,62.54412957
11,4,2,1,228,66.07889042
20,1,2,2,225,86.04601411
21,7,1,1,227,40.01125328
17,4,1,0,224,40.19945612
17,1,11,2,219,96.4313051
14,5,8,1,220,96.55887382
5,4,10,0,229,84.50997931
15,7,9,2,229,99.78119271
15,6,12,0,216,18.94411154
20,2,2,1,224,73.28602232
17,4,10,1,227,93.62988434
3,5,8,1,228,41.44642924
16,5,5,1,230,35.98438814
1,6,2,0,230,91.82328828
23,6,5,1,236,33.82593045
2,3,12,1,217,60.98557638
2,2,6,2,226,35.77979504
21,5,6,1,229,25.83506329
22,2,3,2,237,15.99478956
6,4,12,1,225,56.56364751
6,5,8,2,236,51.83814334
1,7,2,1,237,69.5109465
10,5,10,1,224,92.13839604
22,1,5,2,217,16.6852569
22,5,10,2,225,70.01125249
11,4,3,0,219,20.33161175
21,5,10,1,216,43.65546983
20,3,9,0,230,24.30105963
10,3,1,2,226,73.56203009
17,5,6,1,221,59.07519604
21,5,2,2,233,85.56587343
13,1,3,2,231,84.36950661
4,2,4,0,233,98.76999576
22,3,5,1,230,52.52924152
16,2,5,0,235,90.17718754
13,3,5,1,224,61.07634228
10,5,9,0,220,92.48598011
14,4,9,1,219,66.46531485
12,3,9,1,219,20.9906679
1,3,9,2,223,12.98200173
19,7,5,2,236,83.6458085
4,3,7,2,220,18.89538321
19,4,9,2,228,49.63053422
1,1,6,0,216,82.0101481
10,3,9,2,228,64.6718271
20,4,3,0,228,58.64125831
8,2,5,1,228,18.41893836
17,7,9,2,231,59.30052748
20,4,6,1,227,57.32842867
17,1,6,1,220,61.34879836
2,4,8,2,227,85.23601551
4,6,8,0,230,60.77422938
14,4,7,1,221,63.34331681
22,4,4,0,233,60.99900085
4,6,7,2,220,42.05082712
7,5,5,0,219,44.32731509
18,3,2,2,223,82.10209504
5,3,8,1,234,79.49981173
14,4,6,0,231,45.70298317
19,3,6,0,223,18.63395797
7,2,1,0,226,52.63029986
11,5,3,2,217,81.02590225
7,3,11,1,226,91.94414121
7,4,5,1,225,38.80766452
2,6,1,2,230,40.54413204
20,7,6,2,225,47.01109261
21,2,1,2,228,53.28826663
15,5,5,1,224,72.84173168
3,3,8,2,235,17.27566472
1,7,8,2,221,16.03770714
21,1,11,2,232,69.97661721
14,2,6,0,227,62.52470788
7,4,9,0,227,88.75341584
19,2,1,2,226,20.48410792
2,2,10,2,222,88.98401561
15,1,9,0,219,65.62098243
7,5,4,2,224,38.42267722
3,5,9,2,228,32.0566022
18,7,10,1,222,24.81415027
16,3,8,2,222,53.07103218
0,5,10,1,220,71.62973508
21,5,3,2,227,87.42444031
5,5,3,2,217,25.62122833
5,1,3,1,228,74.46608734
15,4,9,2,233,53.0855956
1,2,7,0,236,53.98884669
7,3,8,0,221,18.64074037
8,3,8,1,220,14.42481023
17,2,1,1,236,18.03884897
15,2,6,1,220,66.13238872
10,4,7,2,225,69.08483656
15,5,6,2,229,98.31520723
21,6,10,0,229,70.14896443
20,3,3,0,230,80.44189035
17,1,5,1,223,51.33608333
6,7,5,2,221,47.95160064
23,4,6,0,218,49.72648436
6,1,8,1,225,18.82285574
18,6,7,2,232,88.26590969
9,3,9,1,226,56.98135469
14,6,2,0,225,49.70250157
3,6,10,1,238,48.62929559
4,2,1,0,220,94.93650833
22,7,9,1,228,99.71957975
10,2,1,0,232,49.72173951
6,5,4,1,225,11.68058188
3,7,8,2,237,65.73161447
0,3,2,1,231,95.79388249
21,4,3,2,228,58.66258939
4,3,8,2,233,44.76301871
9,2,9,2,232,94.87839736
11,3,10,2,230,94.29565877
16,3,3,1,238,85.12456758
12,1,1,0,226,63.61781713
1,2,1,2,229,74.27543172
5,6,6,1,230,63.26269718
21,4,1,2,228,75.78791423
15,5,3,0,236,72.7681901
10,6,12,1,218,93.26725911
14,7,6,2,211,35.890258
2,5,6,2,220,34.83885209
21,2,9,1,229,21.06650095
18,6,5,0,224,60.50104088
0,7,12,1,220,26.02959309
21,7,2,0,220,54.58350332
3,7,7,2,222,83.64397982
8,4,9,1,225,22.45195679
2,6,6,1,228,80.75429525
15,5,7,1,231,50.71559625
2,2,4,0,236,38.10876196
11,7,8,0,226,97.81873555
17,2,1,0,230,71.19314668
16,5,4,1,212,83.93456556
3,4,4,2,234,22.8257273
4,5,5,2,220,58.35345163
1,2,4,2,217,73.58797295
12,6,4,1,230,48.01860557
0,7,4,0,222,80.20976333
13,1,12,1,220,74.24467943
2,7,12,2,228,99.8615453
13,3,11,1,231,68.77852947
12,4,8,1,219,70.07337826
8,3,4,1,229,87.58059326
17,7,8,2,229,50.19012924
7,2,11,0,224,66.54782559
11,3,4,0,212,38.72924975
8,3,4,0,230,59.62477325
19,6,9,0,224,90.50618583
13,6,3,1,235,25.41917118
21,3,5,2,216,35.57140707
9,3,11,0,224,38.74195877
8,7,11,2,223,37.50109004
23,3,10,0,230,96.81095011
22,4,2,2,236,34.40250591
3,7,5,1,234,17.22418502
20,5,12,2,234,89.99559148
11,5,8,2,220,55.14556743
10,5,3,2,219,95.90640926
1,7,1,2,229,10.36718191
6,1,6,2,228,99.44241358
6,7,6,1,225,67.07695159
18,5,3,2,229,51.66768087
11,3,1,1,238,20.5859893
5,6,5,0,226,57.83333708
11,5,10,2,214,21.51951602
22,5,2,1,227,91.18647322
18,3,4,2,223,86.26672218
9,1,4,2,222,76.43552603
9,1,8,1,213,39.71295022
14,5,4,2,220,18.01730718
17,5,3,1,229,43.04325886
21,2,7,2,221,99.9601274
12,1,6,0,224,30.61135128
20,1,2,2,231,38.6647873
16,1,7,1,215,90.82507564
5,2,4,0,232,45.29496326
17,2,10,0,225,42.81823985
9,7,12,1,218,10.57134601
3,6,5,2,219,21.93853072
17,7,10,1,228,40.57706573
12,5,5,1,220,23.37808416
16,1,8,1,214,51.73749478
18,5,9,2,219,23.37063046
17,6,3,2,217,68.4429115
12,4,1,0,230,87.53329599
11,5,7,1,219,20.23541687
9,7,5,2,229,29.31990895
0,2,4,0,228,58.04789062
21,6,6,1,219,81.48721483
22,2,1,1,213,17.42420444
11,6,10,0,235,65.711788
17,1,4,0,225,40.48215945
8,5,11,1,220,17.68757818
0,5,11,1,223,89.81937199
13,7,1,2,229,45.03767282
12,2,3,0,230,76.23578962
14,6,9,0,230,77.02304412
5,1,7,2,226,11.71291877
13,7,2,0,213,53.09431098
22,7,4,0,234,86.08969243
17,3,2,2,215,46.89466604
23,5,5,1,211,24.8698934
22,1,2,1,224,87.28692553
18,5,9,1,230,48.58081721
4,5,8,0,220,91.40149005
8,1,4,2,230,77.39543006
2,2,1,0,222,29.04469635
9,5,8,1,217,83.84088705
0,1,8,1,225,26.11099435
23,7,10,0,233,53.1560627
8,2,1,0,227,40.56265559
10,7,12,0,220,98.93785935
19,4,1,2,219,45.24500687
16,1,6,1,217,45.2763547
18,1,12,2,233,45.20861834
5,5,9,2,220,70.81688957
20,7,4,2,227,97.27954271
20,3,6,0,220,11.26011895
0,6,9,0,221,43.62118916
22,4,3,2,229,31.50065804
23,6,1,2,218,50.98942825
21,7,12,2,216,95.73171222
12,7,3,2,235,61.82135143
21,4,1,2,225,39.7156248
14,3,3,2,219,81.20035848
2,2,1,1,216,99.47564552
19,4,4,0,222,57.89272369
0,5,3,1,238,86.13276434
3,7,6,1,215,29.98381647
3,1,8,0,234,70.20696857
8,7,11,0,227,86.80392687
10,1,12,0,218,48.39725061
3,5,10,2,223,73.70076231
2,3,12,0,229,52.46369062
20,3,5,2,229,74.06697426
18,1,4,2,237,69.00674339
5,4,12,1,226,99.6050644
16,3,5,2,218,71.21400027
13,1,6,1,222,88.24057013
19,6,7,0,226,47.35007628
12,7,12,1,216,70.78360423
7,5,9,1,233,20.68656502
10,7,10,0,211,84.76431864
17,2,11,2,228,38.91710872
17,3,2,1,225,78.30467296
5,1,8,2,230,42.41368995
5,3,7,2,223,52.67428683
22,6,7,1,234,80.89430376
4,6,8,2,221,78.73106317
7,2,1,2,237,99.81865839
12,3,11,2,219,36.39971018
4,1,3,0,218,20.51524312
13,7,3,1,221,12.51704432
3,6,5,1,213,55.6843111
16,4,1,2,216,45.87982016
21,5,4,1,229,33.21701019
17,3,10,2,234,29.89553367
15,4,3,0,221,80.22225306
14,3,4,2,216,25.67025054
16,5,3,2,233,47.88277602
21,4,7,1,225,99.63568148
19,1,5,1,221,37.56431604
1,1,1,0,225,58.19143468
10,4,2,1,224,73.8631008
23,4,10,1,220,24.06498517
13,2,9,0,230,57.78979559
14,7,8,1,225,78.54487369
15,1,2,1,219,69.54221798
3,4,3,1,219,45.40578596
13,1,4,0,235,63.13895506
13,1,10,1,227,64.64879034
6,6,3,2,219,25.93936183
6,7,8,1,224,28.22029183
3,6,7,1,237,30.35629851
12,6,2,2,213,81.18477606
23,1,4,1,233,98.16080582
15,1,1,2,233,97.1442732
4,4,9,1,232,61.00084143
0,1,2,1,229,16.23979908
16,6,5,2,229,95.25110061
13,3,8,0,234,75.17238417
10,1,9,1,231,27.66629346
3,5,5,0,222,32.7772328
9,1,1,2,233,54.92985746
6,4,6,2,228,17.19505487
22,6,8,1,219,68.34943409
13,1,7,1,217,61.77096014
23,7,5,2,225,68.32589626
11,7,6,1,224,43.37524186
2,7,4,1,229,53.50094521
11,6,11,0,216,62.29843145
6,6,2,1,232,19.49686641
17,3,4,2,232,26.89988817
22,1,1,1,230,58.15432222
22,1,10,1,232,50.0941124
20,6,8,2,233,70.65864923
6,6,8,0,226,93.83601383
8,6,8,1,236,66.87889576
20,7,9,0,221,71.36023325
19,6,7,1,217,86.04933388
12,1,5,2,236,35.43051549
19,3,5,1,219,77.01484363
17,3,1,1,228,29.42344672
13,1,7,1,211,39.64715415
23,1,6,1,230,59.19656355
21,3,8,2,233,66.632054
12,7,4,0,234,35.20703087
0,3,10,2,220,44.00289908
16,4,8,2,220,33.67089991
17,2,4,1,223,82.33977829
2,6,3,2,226,42.85213373
18,1,2,1,222,62.14371707
0,1,12,1,231,40.38692796
12,2,5,0,232,26.89494392
7,6,3,2,225,48.75889977
20,4,7,2,215,19.10022276
0,7,11,2,226,85.35709727
22,4,10,2,236,40.86193568
6,1,3,1,218,83.52004053
18,3,11,0,230,96.00022349
5,6,3,0,239,20.59808268
16,5,5,1,234,25.1983976
5,2,4,1,228,20.99805546
5,5,4,2,236,35.86160412
7,4,7,2,226,81.58372919
5,5,10,1,225,51.11495822
3,1,2,2,236,15.43089778
19,2,6,2,218,33.54334414
1,7,9,1,237,63.70976568
3,7,7,2,226,83.19694514
12,7,7,2,218,23.48430036
20,1,3,2,217,65.25836831
9,1,1,2,230,96.28449582
8,1,2,1,215,74.38294795
23,6,2,0,225,15.48721182
6,4,10,0,227,57.97718772
9,7,6,2,226,30.46910496
17,5,2,1,237,91.49474497
19,6,4,0,231,65.68991641
0,7,7,1,215,32.4793135
5,3,1,0,220,93.29347647
15,7,9,2,235,89.57369333
2,2,5,2,223,22.30349995
1,7,10,2,220,92.08785456
14,6,4,0,227,99.18414278
23,1,6,2,223,32.40544742
7,3,10,2,233,45.80088757
8,2,5,2,220,66.56218746
7,7,11,1,236,16.61548315
17,1,12,1,227,27.23033167
22,7,5,1,229,26.70875278
5,4,3,1,239,19.07973481
15,3,8,0,223,30.55441084
0,7,1,0,230,64.18009513
13,4,1,1,218,94.29098396
12,6,3,2,234,80.89004127
2,2,4,0,222,33.95024726
4,4,3,1,219,30.50464338
3,4,4,2,213,10.40157482
9,7,11,0,222,49.4481296
18,5,5,2,231,82.0743438
2,6,2,1,213,16.33917366
9,3,4,1,229,41.3415867
15,4,8,1,231,51.10114816
15,1,9,1,213,99.48034844
18,3,5,1,216,25.07377508
4,3,5,2,218,57.98274621
12,7,2,2,226,27.13494152
7,3,2,1,230,20.08143856
4,3,2,2,211,99.66593848
7,5,10,0,229,58.83056353
2,1,1,1,233,15.37642282
7,7,6,2,221,46.677826
7,4,6,2,228,81.36738165
14,2,2,0,224,48.5222912
5,2,1,0,231,62.97135783
18,4,7,2,225,28.36091207
20,5,7,0,214,28.53011635
22,2,3,0,235,95.88222371
18,1,1,1,227,43.06022039
19,6,10,1,231,76.37932847
1,1,1,2,227,56.58826719
10,5,12,0,223,21.21893201
22,2,2,2,213,63.51830417
5,6,4,1,217,30.03962046
14,1,4,2,216,91.46549163
5,2,10,2,217,65.31026714
18,3,9,1,231,72.57177504
3,6,7,2,213,59.65501018
23,1,1,2,231,62.32576346
9,3,10,2,224,87.10056257
13,3,1,2,222,85.31209619
14,1,7,2,232,46.33557632
11,6,3,2,220,89.43098403
13,1,4,2,231,45.34323969
17,3,10,2,231,95.48268732
16,4,11,1,230,93.89179116
12,6,3,0,222,28.97545724
18,3,2,2,234,68.93156445
14,6,5,1,221,83.47203156
7,1,5,0,231,80.03872346
23,6,11,1,219,85.77909311
8,7,12,1,231,81.80169546
3,2,5,0,234,59.09415891
12,1,11,1,223,85.95013777
2,5,6,2,230,94.55857342
0,7,2,1,219,51.31156658
7,1,8,1,226,46.09755423
18,5,2,1,230,52.84959939
2,3,10,2,224,39.83648311
10,6,6,0,225,28.11332785
18,4,5,2,221,92.54710391
5,6,7,0,237,56.18056243
5,7,11,2,214,41.27311607
3,6,6,1,223,42.18855673
13,5,1,2,227,73.77047079
17,7,6,2,221,14.28964971
2,6,8,2,226,63.10566605
22,6,4,2,223,69.05948702
12,1,9,0,234,18.81264386
10,2,1,0,220,22.26115253
15,4,7,0,228,36.11522631
22,6,4,0,231,79.03469157
6,2,9,2,213,56.60416029
4,5,1,1,215,84.47448834
9,4,8,0,212,17.63918932
3,2,9,0,214,91.26762778
18,4,12,0,229,13.23187557
20,4,6,2,217,35.32280739
23,6,11,1,235,43.00023734
9,5,4,1,230,86.93467277
22,1,10,2,235,86.72861056
10,1,7,0,223,49.23227444
1,4,1,2,223,39.55616385
19,2,10,1,236,54.25482112
1,1,7,2,217,97.5879845
13,1,5,2,228,69.55999493
21,1,6,2,226,20.69509638
8,2,4,2,225,47.3941138
2,7,1,1,224,94.86590671
10,1,12,2,226,17.5477368
13,4,7,2,237,76.01154589
21,3,3,1,229,48.33375794
0,3,7,2,219,94.26590871
15,1,3,1,230,23.63907798
3,4,1,0,227,71.506988
21,1,1,1,227,11.15878323
12,3,12,2,225,63.51612485
23,1,11,1,222,56.29232124
4,7,5,1,229,66.84243909
20,5,5,1,230,47.11118117
18,3,9,1,233,85.19023053
11,6,5,0,237,14.89786669
2,3,5,2,226,66.65503701
2,4,7,2,219,49.25874404
17,1,5,0,229,13.31309716
0,2,9,1,226,25.84616052
8,6,1,1,230,52.86784283
16,2,10,0,235,31.4878282
13,2,1,1,221,81.44042699
12,7,1,2,227,73.80247115
9,5,3,0,228,33.9093078
10,6,1,0,233,75.37551745
3,3,1,2,218,93.44890638
18,4,5,0,234,95.79046643
19,4,7,0,231,64.33296559
22,3,8,2,230,47.80453547
21,6,6,1,232,22.34598867
0,3,4,1,238,13.55647951
0,7,7,2,236,84.05739078
13,5,9,1,223,43.02236973
5,1,12,1,216,88.35987888
4,2,6,1,220,35.64719675
11,6,1,2,227,77.66911335
16,4,3,1,218,55.26438104
11,2,4,1,236,92.48817778
1,1,2,0,229,39.8687795
0,5,5,1,212,79.40969668
13,5,6,2,222,33.82279409
5,4,4,1,226,35.19599379
2,2,4,0,228,93.91660726
9,5,4,1,225,44.63126959
16,3,12,1,218,14.92652663
15,7,11,1,229,75.34127309
7,1,11,0,214,72.80250367
21,4,3,2,232,31.91515419
20,3,9,0,231,69.58073356
6,7,3,2,231,64.60134916
2,1,8,0,228,78.62463082
4,3,10,0,220,99.21840793
15,3,5,2,212,43.94745483
16,2,9,0,220,34.02826103
6,2,1,2,222,90.80555287
6,4,9,2,219,99.15168993
8,7,10,2,226,83.50510877
22,7,3,1,231,51.0791645
15,4,6,0,234,27.84505903
5,6,2,1,234,59.87272265
11,2,12,0,231,82.06887677
6,6,6,2,233,78.86068002
12,6,8,1,220,91.66966757
0,1,8,1,211,39.80281683
7,3,1,0,220,20.93298876
10,4,9,1,239,24.08862122
0,6,7,2,229,32.36789414
13,2,6,1,232,73.37319905
6,4,3,1,221,32.19026572
7,6,1,0,232,47.22422257
9,4,12,1,234,88.73466912
5,5,7,2,218,96.17660903
18,4,3,2,222,23.20326683
0,4,8,2,218,83.38124799
10,5,2,2,232,57.92297476
18,6,9,0,214,84.42022433
12,4,9,2,227,42.38247163
8,3,12,0,227,17.37845653
1,1,3,0,236,55.09282617
9,1,7,2,215,43.15376629
11,7,5,2,217,28.14728914
0,1,12,2,225,61.35233472
17,2,7,1,221,84.21895867
2,5,3,1,223,22.43352168
21,6,9,1,219,24.39172205
5,7,7,1,212,57.59099114
5,1,9,0,226,14.03318246
21,1,5,0,222,37.02402208
16,1,8,1,224,29.01867177
7,6,10,1,229,10.27217312
22,1,2,0,222,65.39009814
8,3,5,1,229,85.07990538
16,3,1,1,219,60.5981425
8,4,9,2,234,28.02383902
16,1,3,1,221,99.86021892
16,5,1,1,222,29.68441347
6,7,7,2,223,73.49464172
9,7,3,1,234,49.97824277
15,4,11,2,220,80.06234463
21,3,4,0,222,63.77921537
8,7,1,2,227,53.26703289
21,5,9,1,229,77.1136377
15,4,8,1,230,12.4361769
15,4,1,0,220,30.94396157
12,4,10,1,215,22.11856375
4,6,10,2,234,92.51455594
11,5,5,0,226,77.36804845
4,2,10,1,228,34.36878105
13,2,9,1,225,17.43155418
9,1,3,1,230,32.04729758
16,5,6,2,227,47.27770392
4,7,8,2,233,72.90113774
16,4,2,2,224,77.19678737
13,2,12,2,234,78.84077454
17,6,7,2,223,35.8535855
2,7,7,1,228,10.01908438
5,2,6,2,224,26.1618571
4,5,10,0,213,50.32779806
6,5,10,1,220,85.74564687
9,4,12,1,228,46.45320335
19,3,2,0,223,33.83738259
1,5,2,2,238,11.69955876
18,3,3,0,230,88.31594987
12,7,1,2,227,69.97694736
13,3,7,0,223,66.7667745
21,4,2,2,234,32.44639683
12,7,10,0,230,96.39074265
16,5,3,0,225,68.73938041
5,6,5,0,228,95.81101107
10,2,7,1,237,17.9143546
2,1,8,2,217,18.71522832
10,3,6,0,218,11.23316824
5,5,6,2,214,10.43009634
9,5,11,1,224,39.39327026
15,6,1,0,227,14.45235778
18,2,3,0,213,16.15301865
2,1,5,2,229,15.22589475
19,4,3,0,230,36.63982159
3,6,12,2,221,69.74248139
13,4,7,1,220,31.14166447
4,5,8,0,223,76.50038471
4,6,7,2,223,93.20614669
6,2,9,0,215,72.34467639
21,7,6,0,233,84.98749464
0,7,7,2,223,88.8008035
10,1,12,1,227,58.91400144
9,5,4,2,222,22.58183112
13,6,2,2,230,19.40621056
2,6,7,2,216,73.76500193
1,4,2,0,223,31.32583647
22,1,9,1,220,68.64419577
0,7,12,2,230,68.17873686
17,6,7,0,215,28.05630651
15,7,10,1,216,80.33463592
9,2,5,1,216,41.59851688
7,3,5,1,224,82.30517101
20,4,12,0,238,32.67729513
19,1,1,2,226,20.71953723
2,6,11,1,212,94.00408631
4,7,1,1,233,20.57299137
13,2,3,2,235,16.19326511
17,1,3,2,226,56.10614099
20,7,12,0,220,41.38803913
22,3,10,2,221,37.01845273
16,3,8,1,228,34.34250425
16,2,5,0,215,89.2641542
8,3,4,1,227,51.60249207
6,2,1,0,230,55.57773228
3,3,9,2,223,46.64692228
18,7,9,2,224,93.05012692
19,3,4,2,223,51.99533854
3,2,11,1,220,15.81837915
15,4,11,1,230,11.94640685
17,4,11,0,220,32.2274491
14,7,9,1,227,96.93954924
12,3,12,1,219,27.65976212
5,4,6,1,223,61.9793372
5,7,7,2,234,23.71060605
12,7,8,1,226,65.79069943
20,1,3,1,228,16.04085867
21,6,4,1,227,30.5826683
2,7,1,0,220,81.4436253
12,4,6,1,235,44.9800144
21,5,9,1,232,89.63039963
2,1,7,0,222,36.76664175
8,5,3,0,231,84.14339686
10,4,6,1,227,71.60011631
9,1,4,2,217,63.80259518
3,5,8,2,215,33.27650607
4,4,9,2,220,61.56761353
14,5,5,2,223,95.46207947
4,7,11,1,227,98.41505531
9,7,4,2,223,55.07457437
2,7,3,2,227,52.2454065
3,1,9,0,225,69.06903698
21,4,2,0,216,64.54945886
20,6,12,1,227,39.66933549
21,5,1,2,230,67.95304144
8,2,10,0,233,45.90809009
9,3,8,0,230,29.05147593
3,6,10,1,223,41.08909711
5,6,6,1,220,56.37569118
0,3,5,1,234,85.69136581
8,6,8,2,237,45.8981109
0,1,11,0,220,93.26311663
7,6,8,2,233,73.84848466
0,2,8,2,225,20.41553209
16,2,2,0,229,84.65141008
15,1,6,0,225,35.42158197
11,2,2,2,232,63.86046744
1,1,9,1,222,38.42378675
13,6,3,2,219,47.70506984
9,4,1,2,220,91.4793132
12,1,2,2,215,54.47549653
0,4,1,1,228,73.75924383
21,5,11,1,234,16.26547609
11,6,7,2,233,67.00170044
1,7,8,2,223,44.23255933
14,3,8,2,230,55.11412016
17,6,2,0,220,29.93146843
11,6,7,2,221,26.31217416
11,2,1,2,228,94.22039725
14,4,10,1,217,68.67692649
9,7,6,1,236,51.12055178
0,2,2,1,239,76.18136568
19,4,10,2,235,31.22646974
22,1,5,2,229,88.99613735
7,3,4,0,230,98.3916933
6,4,6,2,222,27.27095356
21,3,10,2,213,96.32350152
9,7,7,1,219,31.73916544
20,3,7,0,224,93.46348656
17,4,9,2,232,38.21429853
23,1,7,2,227,94.61304486
13,5,5,1,214,11.19943157
20,3,8,1,230,62.434941
7,5,3,1,217,58.2026056
23,3,4,2,233,12.04529241
16,7,6,1,215,33.98527111
7,5,1,2,222,94.17723412
0,4,12,0,230,59.55682327
6,3,2,0,229,79.89870551
19,1,5,1,220,15.71960048
3,1,7,1,234,29.1465629
10,5,7,1,224,54.74978814
14,1,8,0,216,74.54443581
21,4,9,2,218,56.65089143
8,1,1,0,227,27.62685688
16,4,5,2,236,67.03173629
9,2,5,2,233,99.16716349
7,1,3,1,228,63.6464166
16,5,4,2,217,70.8918104
15,4,3,1,224,35.48491292
0,5,10,0,227,84.99931535
9,5,8,2,238,49.82586522
8,5,1,0,224,95.98157798
3,4,5,1,233,19.7020575
16,6,11,0,213,77.01994424
15,5,3,2,211,84.71410049
21,1,7,0,213,73.53578183
22,6,5,2,230,51.49933295
4,5,4,0,232,80.8557383
2,7,6,1,236,22.17586917
13,6,6,0,215,71.80059588
9,7,10,0,233,28.03223902
7,4,7,0,221,13.09836747
7,4,9,2,222,28.32693841
4,5,1,1,212,96.78794591
21,4,11,1,223,22.55958269
16,6,4,0,221,70.91786929
14,1,9,2,232,37.45253063
6,3,9,1,234,84.58557878
14,3,9,2,230,11.77046747
21,3,4,0,232,75.23340491
7,2,12,1,222,69.86924168
5,5,9,1,233,18.18265592
23,5,7,0,234,89.24777278
16,6,11,2,232,39.86225633
19,1,12,1,230,62.9194077
12,1,1,1,227,31.09541836
11,1,9,1,231,94.95888098
21,5,6,1,220,80.56338111
18,2,7,2,222,68.13168688
16,4,12,1,234,66.07277388
22,5,10,1,218,93.84734699
2,5,4,1,221,47.83194968
3,5,9,2,223,57.75798596
14,5,4,1,230,53.00758447
23,4,8,0,228,73.96079145
12,3,7,1,226,47.81798263
16,6,9,1,226,28.81786301
16,3,10,0,228,86.90405115
22,7,11,2,217,64.55253662
14,6,3,2,233,46.79360113
11,6,1,1,234,88.73348416
13,3,12,0,218,48.26768418
14,1,7,1,216,58.06857815
18,4,5,1,224,49.44261714
6,4,10,1,235,51.27325154
21,4,11,0,217,96.43460719
4,5,8,1,238,70.38550352
18,6,4,0,230,50.34680395
20,6,6,1,227,62.98794533
15,2,2,1,230,39.71501858
7,1,1,1,225,32.91147525
10,2,2,1,223,77.71214806
13,4,2,0,225,72.49516074
14,1,1,2,216,94.90141413
11,6,8,1,227,71.38193166
20,3,5,2,222,33.69535757
11,2,2,1,218,86.18394164
4,2,9,1,231,76.00378999
23,7,2,1,220,62.81787772
4,5,10,2,229,77.81357226
14,7,3,1,227,64.16888048
5,4,7,1,231,78.36570066
16,2,3,0,212,54.2276118
14,3,11,0,214,81.76154765
2,7,4,0,226,62.11172222
1,2,7,2,221,80.34723142
17,6,5,1,232,40.68480737
3,4,10,1,219,58.84230175
21,6,8,0,221,38.46553346
16,4,10,0,221,99.03824568
13,2,8,1,224,69.23038224
0,3,4,2,228,41.29137897
3,6,11,0,218,13.7578996
9,3,12,2,221,84.52368146
11,6,12,0,221,47.31498819
15,2,2,1,222,47.39139171
16,6,11,1,231,27.57273189
23,3,5,2,223,91.56208553
11,6,7,2,230,20.18601419
13,7,6,2,228,95.86257424
3,1,11,2,237,69.6254905
20,3,10,2,228,78.50009128
7,2,8,1,230,67.54165221
1,6,4,1,227,60.58324887
4,3,12,1,224,24.55332474
18,5,8,1,224,29.04830214
22,7,12,2,229,16.58918464
12,4,12,0,219,26.2865649
2,4,1,0,218,40.36191647
6,4,3,2,221,79.99747001
15,7,10,2,221,38.11291882
17,6,5,0,222,12.41506121
10,1,5,1,221,11.0305314
14,7,12,0,229,46.05544202
12,2,2,1,221,53.63812036
13,4,11,2,225,96.34994224
11,6,11,1,223,46.66414366
21,5,2,2,221,24.19417918
8,6,3,1,229,15.04350445
14,7,3,1,220,79.62375428
23,1,3,1,234,68.95782094
1,6,11,2,224,39.83079211
20,3,11,0,226,19.0429254
19,6,1,1,228,37.49966714
18,2,8,0,228,48.85889733
17,4,8,2,224,26.26993373
17,5,12,2,222,42.42195541
8,7,5,1,228,88.78017924
12,4,1,1,234,38.60945808
1,6,4,1,227,57.58607755
9,7,9,1,224,33.76319744
23,6,7,1,229,81.74598315
6,4,9,1,222,30.6092047
10,4,6,1,215,10.04166827
13,5,11,0,235,53.26671626
7,1,7,1,235,25.7840535
4,2,11,1,227,95.97446613
3,5,9,0,232,62.47899177
2,5,6,1,224,97.65356631
11,5,5,0,238,11.833316
13,6,11,1,221,78.57291646
18,7,2,1,223,96.00476876
8,7,5,0,232,98.96876212
14,6,10,0,222,25.72042056
1,1,4,0,232,23.3537564
13,1,11,2,221,71.68693634
4,5,11,0,221,18.49353808
19,2,6,2,237,86.28035953
23,6,11,0,218,33.17028036
2,7,10,0,223,15.27327362
21,3,9,2,218,29.26600452
18,5,4,1,220,57.19647055
12,1,3,1,229,98.01614932
2,5,10,1,225,89.64000372
19,7,2,2,220,93.77152731
17,2,5,1,228,45.87958467
13,1,10,2,230,15.69850062
1,6,4,0,227,82.13721694
21,3,6,2,225,26.60176933
16,5,11,0,219,10.71298595
16,4,12,0,228,40.98927997
23,4,4,0,223,59.50069671
10,7,5,0,222,82.95108253
0,7,1,1,231,42.67107027
17,2,4,1,231,59.36587613
19,3,6,1,219,32.47461211
23,6,5,2,228,80.90814622
14,4,7,1,221,85.92373027
18,4,3,0,220,97.70806696
13,5,1,2,227,97.93907244
0,6,11,0,227,11.39759588
1,6,9,0,228,66.35412685
21,2,1,2,232,59.31420717
18,5,3,2,224,23.71922833
3,4,5,1,232,88.32421055
20,3,6,0,220,24.38858717
13,1,10,2,233,29.47545864
20,1,2,1,223,77.95054944
5,6,8,2,218,67.01522566
10,3,6,2,231,75.7424781
9,1,3,1,227,23.65689128
20,3,5,2,227,16.63842449
6,6,6,0,224,76.66757229
23,3,10,0,233,82.0335464
13,2,2,0,225,55.07433716
9,7,10,1,228,35.67553811
15,2,10,1,217,68.2673319
23,6,4,1,229,25.55842985
13,3,1,0,214,41.33653778
22,1,10,1,214,17.96583582
0,1,1,1,217,70.46326685
23,3,3,2,228,84.58590346
23,7,7,0,226,21.9614179
12,4,10,2,216,78.35887258
4,6,1,1,223,18.18802312
0,3,3,2,226,58.64512786
14,3,5,1,214,24.8895295
23,1,1,0,223,32.34417781
11,5,10,1,228,94.20911074
6,5,10,2,221,75.07197658
1,1,6,2,229,81.28112979
8,7,4,1,235,84.02474939
6,2,10,2,224,31.51844934
21,7,6,0,221,43.45340625
15,5,11,1,216,47.96517566
13,2,11,1,217,81.48278175
22,5,9,1,231,51.10291405
23,3,7,2,231,19.69814559
22,2,3,0,237,18.71731887
4,6,4,2,218,69.32745532
13,6,3,1,229,99.64535842
19,6,9,0,218,21.22655497
12,6,11,0,229,52.36148402
1,2,6,1,221,47.55340639
19,5,1,0,229,65.38326524
15,2,3,2,215,97.2757239
23,7,2,2,235,19.90636958
3,7,10,1,222,71.52172989
7,3,11,0,221,91.50002747
12,2,1,1,231,54.84221349
2,3,6,1,228,12.51674199
20,4,7,1,226,61.62344035
14,3,8,2,220,26.09626664
8,6,8,0,226,97.97289983
15,3,5,1,220,59.7724548
18,2,10,2,227,87.66629086
22,1,6,2,234,82.00004899
18,2,12,2,228,93.0442106
9,4,4,2,222,77.50883833
14,7,6,1,227,61.13630009
1,4,5,0,222,48.53904345
2,7,11,1,230,65.67807886
8,4,2,2,228,17.08126905
7,4,5,2,229,25.15953111
18,5,8,2,214,53.95202877
5,2,6,0,219,58.53342581
19,5,11,2,219,26.45820042
13,3,8,1,224,70.45839108
0,5,7,1,231,65.82538755
18,6,4,2,222,35.37296427
0,4,12,0,223,67.84105135
4,2,11,0,222,31.99872164
6,5,3,1,230,91.94575449
14,6,5,2,221,93.10664077
21,2,9,2,233,70.95196645
5,1,2,2,220,77.59536079
23,7,4,2,227,24.24170079
22,1,5,0,222,82.15422785
7,4,1,0,236,63.23140112
11,4,2,2,224,17.88760584
9,2,8,1,229,57.95666732
12,3,11,0,230,49.95059393
15,1,6,0,215,26.21205659
4,3,9,0,216,20.03127033
15,2,9,1,227,63.40864374
20,3,1,0,218,33.06055069
22,1,9,1,217,35.29759344
3,3,2,2,219,19.30097165
21,5,2,1,228,17.42504394
9,5,1,2,225,35.93088529
3,5,12,2,219,92.56949158
15,1,7,2,221,46.436335
0,2,1,1,228,70.19517115
23,5,9,1,227,96.94550232
19,1,4,1,217,42.55255903
16,3,4,0,226,13.17020709
9,6,9,2,220,21.08132194
17,1,1,1,235,15.03241142
3,6,7,2,222,14.3106079
20,4,1,1,225,68.07448676
20,1,8,1,219,31.11227017
13,5,7,0,215,70.97206505
7,3,12,1,220,22.85309015
22,4,3,1,224,52.25845221
14,5,9,2,229,51.09388032
13,6,1,0,221,20.47925636
18,7,9,1,226,54.40788893
16,6,5,2,221,98.07825583
12,3,4,1,225,71.66149692
10,5,3,0,223,12.37948018
13,5,12,2,223,73.62724323
10,6,5,1,223,66.65248186
22,4,1,2,225,86.891721
11,7,5,0,218,62.06345109
3,1,8,1,235,69.53472331
8,5,1,0,238,81.39857588
12,7,6,2,228,59.0387676
2,7,10,0,219,83.79154003
14,7,9,0,233,30.56233317
2,4,10,0,229,62.52793211
13,2,6,2,230,24.79065926
22,5,11,2,232,23.71378369
2,3,8,1,227,83.33362451
21,1,6,2,231,78.91066066
2,5,9,0,233,70.63862079
19,2,2,2,223,43.08163429
14,2,5,2,225,51.53747865
7,2,1,2,212,54.47801297
3,6,11,1,233,35.78617781
2,2,1,2,218,47.61301401
15,4,8,1,238,64.5080559
19,2,6,1,217,79.62133151
11,5,2,1,221,82.18433116
2,7,2,1,227,79.38265368
1,3,9,2,232,92.77790689
10,3,8,1,222,86.98334357
19,7,2,2,236,43.09166113
4,6,6,2,217,52.24568032
15,7,7,0,220,15.51311207
21,6,3,1,221,43.09307384
20,4,4,0,219,64.34441962
0,5,6,2,222,67.54262436
13,6,9,1,232,76.07246878
8,5,7,1,227,53.44168065
22,3,4,1,232,15.94914296
13,7,8,2,232,49.57201059
1,2,1,2,231,64.44645994
5,1,5,1,217,41.15825049
20,3,11,1,222,80.32710984
6,6,6,2,212,76.95892123
22,2,1,1,234,38.23043329
6,2,6,2,229,41.52507986
17,6,7,1,237,86.18897683
15,3,8,1,231,22.04282807
10,1,2,2,224,74.22299346
15,6,7,0,222,32.73095861
6,5,2,2,229,35.10626388
16,2,1,0,235,70.57917748
14,2,5,0,221,74.97864971
3,6,6,1,221,57.60476487
17,3,11,2,212,21.7106201
8,5,7,0,233,96.65077016
9,3,9,2,234,48.17260859
20,6,10,1,228,50.12340652
11,3,5,1,238,92.4211805
0,3,1,2,211,60.11599622
6,6,12,0,227,75.8264204
22,6,1,1,231,84.44887038
21,1,1,1,226,79.78650574
0,4,5,2,237,55.12898174
13,4,9,0,220,87.85220538
7,4,12,1,227,31.80918537
1,1,5,1,224,39.76567979
9,5,8,1,232,56.62317153
8,3,4,0,222,76.48331456
6,2,11,2,234,67.58124141
2,4,6,1,219,55.76026808
13,3,2,2,225,37.29235906
1,1,11,1,238,94.19506523
2,2,7,2,232,35.08725538
23,1,6,1,227,19.0793086
5,6,2,2,223,27.54187755
20,6,6,1,225,47.43596179
20,6,7,1,214,89.5232204
23,6,11,2,231,60.35213198
0,3,1,0,220,47.98411605
13,7,7,1,215,10.86979494
8,1,4,2,223,13.10185506
17,6,4,0,228,63.86703038
12,7,11,1,226,52.93259094
16,6,7,1,232,10.96192806
20,1,12,2,232,66.3031269
3,4,8,1,222,34.38272333
10,7,11,2,226,36.70224793
10,6,9,1,220,10.62727018
22,5,2,2,227,58.31585926
15,4,7,2,225,26.25665111
20,2,11,2,232,49.93932397
15,5,1,0,224,49.08677078
13,6,12,0,235,57.28044506
5,2,3,0,233,54.27020238
23,1,8,2,226,69.97741501
7,6,6,1,236,26.42452689
15,2,7,1,228,48.82961256
3,4,7,2,220,98.16929077
9,5,12,0,223,50.76597331
12,4,6,1,238,28.31561782
7,4,6,2,220,71.22555102
23,3,3,2,220,56.04668912
16,5,3,1,222,39.70902691
22,6,4,1,220,76.77755355
21,4,4,0,219,85.74743529
19,7,3,0,226,56.67014037
2,6,2,0,228,64.27991451
19,5,11,0,230,81.81545366
9,3,8,0,235,36.73478393
4,3,7,2,222,92.17418931
20,4,6,0,226,65.89747492
15,7,3,1,236,50.70461129
12,1,5,2,218,36.71502701
16,1,4,1,227,45.50763857
14,3,8,1,230,61.55506493
11,2,10,0,217,88.073938
15,1,9,0,224,10.89864796
9,7,8,1,233,61.97361314
3,3,7,1,221,60.75342046
15,6,1,1,224,94.5867734
7,7,3,0,224,14.42729697
4,6,3,2,235,43.40654202
1,6,10,1,238,66.7285424
7,7,3,0,237,23.8784246
22,1,10,1,231,94.55815611
10,7,11,0,221,51.31167304
5,1,10,1,220,67.82548199
17,3,6,2,235,18.10188483
14,4,4,0,220,40.59338715
2,5,8,0,230,69.13868591
7,1,12,2,225,58.88523788
7,5,2,0,212,45.50172637
20,2,8,2,226,72.1276835
11,3,3,2,227,49.52875131
8,1,10,2,215,54.51044782
11,7,10,0,234,22.39485776
12,2,1,2,216,52.10345707
21,7,11,2,226,86.79150841
0,2,4,0,232,71.19162233
20,4,5,0,220,28.07574658
23,4,1,0,236,18.2155536
23,1,5,2,217,87.10996028
21,6,5,1,219,59.94611031
22,5,4,0,219,66.06121252
2,2,7,1,219,58.05234459
18,2,4,1,232,21.43401628
18,4,11,2,231,48.60934746
20,3,3,1,220,32.14192652
9,6,2,2,233,34.5086573
16,5,5,1,226,20.76975593
4,5,1,2,225,61.08479118
0,4,9,2,220,40.61537022
19,6,10,1,231,30.19359764
18,6,5,1,222,17.09510755
14,1,5,1,232,21.97054228
2,4,6,1,228,18.48274635
10,4,8,2,220,87.53478603
12,4,4,1,238,75.73489212
16,2,12,1,216,18.0339649
3,4,8,0,223,97.78758448
6,6,2,2,235,34.56258218
8,4,11,2,231,76.48595502
20,6,8,1,224,11.96999198
0,2,5,1,230,94.95799503
13,3,12,1,233,37.63824936
18,4,8,1,214,32.16195224
18,6,1,2,215,26.43666805
11,4,1,2,227,61.33659646
12,7,2,2,222,97.32574295
3,7,5,2,236,21.06702678
21,4,6,1,220,23.10873957
12,2,7,0,226,71.37504134
22,4,9,1,222,83.56807059
10,2,1,0,226,67.71583976
9,2,8,2,239,93.42732929
8,1,11,1,218,34.86310297
12,5,1,1,224,73.48596565
1,4,9,1,223,87.18274628
15,5,2,2,215,26.67463586
22,5,6,0,233,14.84251265
22,2,12,0,225,72.86872906
20,5,10,1,234,43.48322834
16,1,3,2,217,69.0261658
18,2,1,2,229,23.44266223
14,2,2,0,219,58.20126333
4,5,3,0,212,80.36871684
9,4,4,2,233,24.52430245
14,6,1,1,216,28.57780683
2,3,6,0,226,34.10175414
0,4,6,0,221,63.88130166
15,5,11,1,231,10.99450279
0,7,4,1,221,51.72451421
17,5,1,0,224,62.85458686
17,2,6,1,236,49.75411652
18,3,5,1,222,55.63349954
4,5,11,2,225,48.0960564
20,3,12,2,234,43.07228498
23,5,4,2,216,55.87715116
15,3,11,2,218,89.74335163
21,1,10,1,237,60.60774359
12,3,10,1,217,85.6183653
12,5,1,1,222,44.15260317
1,6,10,2,230,68.42265866
23,7,5,2,222,37.40519042
18,7,7,1,223,48.65416035
3,7,5,1,216,44.03788491
13,3,6,2,234,86.60766617
6,5,7,2,216,64.4879286
13,4,5,1,228,93.30525369
14,5,2,0,218,13.47605302
16,1,3,0,228,70.89146899
1,4,11,2,223,15.4193981
0,3,9,1,211,75.96795688
16,6,6,0,227,67.26155398
0,4,12,0,219,34.28359405
5,2,9,2,228,18.42975177
0,4,11,2,228,21.33632563
23,6,4,1,226,85.32556228
11,5,6,1,233,51.73089197
15,5,5,1,223,43.26187033
3,4,2,0,223,75.6451214
3,1,11,0,221,89.07554957
17,1,5,2,222,15.1995288
14,2,4,0,223,62.38316103
14,2,5,2,224,11.21185464
1,1,11,2,225,86.67475956
0,7,3,1,234,10.46605025
10,3,12,1,217,79.080434
12,3,9,1,231,91.78852465
3,6,4,2,229,41.56989719
15,3,9,2,225,23.46050259
5,3,12,1,234,53.29559072
11,7,10,1,214,97.36981358
23,7,5,2,213,47.52293544
17,7,11,2,216,67.7630808
5,6,3,1,230,87.33575803
5,3,6,1,223,65.78102076
4,5,6,1,220,83.33585362
10,2,8,1,221,14.75453137
23,2,11,2,222,31.15485031
1,5,4,1,228,30.04575533
18,3,4,1,222,74.26615007
16,6,7,1,225,90.14181637
10,5,12,0,219,51.6944046
8,6,11,2,231,71.08500242
3,6,1,1,234,24.40606873
18,1,2,1,220,30.17375344
19,1,4,1,221,60.10101893
21,2,1,2,212,69.18715604
1,7,8,2,231,30.01576971
23,1,11,1,227,92.93421126
3,7,8,2,226,48.44480938
10,6,6,0,226,99.82422736
12,4,11,0,213,64.13443878
16,7,3,1,219,60.14028083
15,2,6,1,221,36.23417984
2,1,9,0,237,43.72922728
9,5,5,2,215,24.89212291
22,6,4,2,222,28.98735031
9,6,4,0,226,80.8655465
5,2,10,2,220,98.12827446
13,6,2,2,220,74.45515491
10,1,7,2,225,13.6069747
12,2,2,2,212,59.410761
4,5,1,1,213,15.98834852
17,2,7,1,225,10.7469904
7,2,10,1,230,45.92583227
5,7,11,1,221,99.20208169
1,3,3,1,217,32.66039006
13,7,2,1,214,86.95671103
5,4,8,2,239,78.62117506
23,3,12,2,236,84.0410366
13,7,11,1,218,63.09994105
2,6,11,2,214,28.0909712
18,5,5,1,215,46.03150246
7,1,3,2,235,67.77612198
4,6,4,2,216,52.79049791
19,1,9,1,230,24.54495546
17,4,10,1,227,54.71240505
8,1,5,0,230,30.90900173
15,1,7,2,221,23.83450514
21,1,10,1,217,55.71808856
8,4,3,1,227,66.36399411
18,4,2,2,236,96.97509874
10,1,2,2,235,14.8694746
10,5,4,0,217,73.7101832
12,7,9,0,216,94.47947512
9,3,5,2,230,85.07369616
19,4,7,1,232,75.59132236
13,2,6,1,228,60.56092628
13,4,11,2,219,91.66350282
8,6,12,2,219,34.82149888
4,7,5,2,220,93.53997036
16,6,12,1,234,99.79014047
19,1,9,2,219,86.21557557
11,7,1,2,223,69.15378831
7,5,5,1,232,11.07242738
18,3,3,2,216,16.03787894
18,5,5,2,220,37.68862863
9,6,7,1,224,85.43972567
17,4,10,2,230,30.95678737
17,1,11,2,219,55.96539264
21,6,8,2,227,64.30335478
5,2,11,0,224,15.27043457
7,6,5,1,237,95.79355016
19,7,2,0,220,15.52671327
15,5,8,2,211,85.3499056
9,5,1,0,221,77.32903192
22,2,7,2,234,13.42511291
12,7,3,2,227,67.90349759
2,6,6,1,229,54.46271666
22,5,11,2,227,35.93016227
20,6,2,2,221,42.93119994
19,1,8,0,232,85.84878145
15,2,7,1,225,83.47963999
0,6,10,0,225,76.09766096
17,6,1,2,233,19.53250746
16,3,1,2,230,32.53405158
3,5,6,1,230,43.8972577
19,7,1,2,224,31.50396801
16,1,3,1,214,66.41610382
16,4,10,2,228,29.88354076
17,5,10,1,226,35.63487858
6,3,9,0,230,88.89832915
2,2,11,1,222,86.69173137
1,6,1,0,212,27.13225811
7,7,2,1,230,28.54526437
8,5,4,0,226,24.77625089
15,2,8,2,213,70.80159794
10,1,9,1,223,44.77519066
11,3,4,1,232,16.77344515
22,7,10,1,234,28.22786547
2,7,5,0,222,57.26600057
10,7,8,0,226,22.43992305
5,6,8,0,238,21.98986053
15,7,1,0,221,86.49466069
5,4,10,0,214,47.71343431
8,3,6,1,222,24.85950893
4,5,4,2,222,96.19967632
16,5,1,0,223,81.86976028
7,1,12,2,238,85.21664125
9,3,5,2,216,52.50983258
16,6,3,2,233,30.06654552
3,6,5,1,223,83.28690583
15,2,8,2,215,60.76912499
5,4,12,0,213,17.67470601
20,4,1,2,217,12.61190708
0,1,1,1,216,69.87512162
20,3,1,1,219,27.158663
22,3,11,2,222,10.95208314
17,6,9,2,229,10.24415674
8,4,6,1,219,85.61976259
22,6,6,1,217,91.50304067
1,5,9,0,218,65.60490818
5,1,5,0,223,40.29066194
16,2,7,0,229,50.86771006
21,4,10,0,233,80.13916979
1,2,3,0,224,89.49960107
7,7,7,1,224,17.50161456
15,4,3,0,220,36.16707544
12,1,7,1,226,84.40895085
18,3,6,0,232,68.75572054
8,6,1,1,229,95.37113461
20,7,4,2,233,22.11110878
15,6,6,2,214,65.59646154
1,7,8,2,223,84.99304917
7,1,4,0,220,93.71754011
19,2,11,2,220,47.31870939
12,1,2,2,223,14.18434772
21,5,9,2,232,31.631097
12,4,5,2,221,15.76774907
18,5,4,0,220,13.77140266
18,1,9,0,220,14.3251428
22,7,3,0,222,10.51186617
1,5,11,0,227,85.75812302
22,3,1,2,227,39.91541479
8,2,3,1,215,59.2203727
22,4,4,2,228,28.12909411
11,4,12,2,229,51.65419259
17,3,3,0,225,22.23697308
17,6,4,2,215,31.5506834
7,2,5,1,224,78.8231417
18,3,1,1,218,65.46565553
11,5,9,0,219,12.16187437
21,6,8,0,218,77.47090064
15,4,3,1,219,76.89286017
7,1,7,2,218,99.15113109
13,7,9,2,228,84.87874796
17,2,7,2,228,46.06559879
15,4,6,2,229,18.70815333
13,4,7,1,221,59.04698582
17,6,10,2,228,33.38523106
19,7,2,2,227,13.54385468
21,5,1,1,223,52.61439435
0,3,5,0,233,22.00865346
4,4,5,0,222,38.12560734
4,1,8,0,230,72.04130282
19,6,5,2,222,71.8954878
19,5,5,2,223,10.8807542
1,3,3,2,230,92.47451873
3,6,2,1,219,34.32328288
10,4,4,1,216,98.17394469
8,6,5,2,235,87.19188208
9,4,8,1,226,10.89619129
5,1,8,1,223,41.04591476
18,2,11,0,215,48.56433227
15,3,1,1,225,65.30829754
19,4,1,2,222,22.88439413
3,4,12,0,224,92.07822168
2,5,9,1,228,55.83335511
15,3,11,2,214,95.46484033
7,7,2,0,223,22.58455307
19,5,6,1,221,14.66847303
2,7,7,2,217,86.98219114
4,1,6,0,238,56.4830851
9,5,8,0,215,92.73297579
17,5,4,0,213,38.78847336
23,7,2,1,233,69.55423276
21,6,5,1,223,97.42538405
20,1,8,2,230,53.94116138
23,3,10,1,233,29.02283279
6,1,11,1,216,35.3086815
1,5,9,0,223,16.30212884
5,3,9,2,230,31.87966675
16,1,1,2,217,31.31619215
8,6,12,1,217,72.94940352
19,6,2,2,215,63.4275518
13,6,2,2,222,96.6793689
3,1,7,2,229,98.98772943
4,6,9,2,219,29.74666692
15,5,6,1,225,16.79132825
16,1,10,1,232,57.77305452
9,4,11,2,229,81.39225529
9,6,9,1,226,68.04601734
15,1,6,1,228,49.47781248
3,1,9,2,215,14.22243609
2,6,6,0,231,13.76649521
4,5,10,1,230,42.21924542
4,4,9,0,216,75.05986359
10,5,4,2,229,21.07707333
8,2,11,1,226,99.02157364
16,5,5,2,218,59.41809653
10,7,2,2,236,85.8791724
2,1,11,2,225,70.77440927
23,4,10,1,216,79.78830014
15,5,11,2,230,79.30981563
12,7,1,1,227,79.75389015
21,6,5,2,225,13.08739424
14,4,5,1,235,68.80268276
2,7,6,2,235,55.57338896
6,1,6,2,231,40.05679751
6,1,2,2,233,17.28203289
9,1,9,0,220,87.88175429
7,5,10,1,222,73.05466092
11,7,12,2,231,14.01872308
4,5,5,2,226,81.77610051
5,5,12,0,237,85.50330518
6,2,5,0,224,98.77452358
21,2,4,0,225,10.99804891
17,6,10,0,218,35.5573409
10,7,4,1,220,79.17027914
5,1,2,0,228,81.48349124
8,3,1,1,222,33.92203744
10,7,11,2,220,92.01540104
17,5,12,0,223,18.75838328
15,4,6,1,217,43.51837325
20,4,3,2,218,80.73190315
14,5,11,2,238,57.52911813
21,1,1,0,226,93.33379282
22,4,9,0,223,72.33946426
12,6,7,0,217,47.55882441
1,7,2,2,217,97.28479762
20,1,3,1,220,86.52050745
1,3,10,2,223,48.21428787
18,6,2,2,215,18.4610345
12,7,4,1,221,10.93436807
4,2,8,0,213,10.97432805
12,3,1,2,213,80.36597687
6,2,2,0,213,81.93628596
6,3,12,2,223,67.86678008
5,1,7,1,218,74.68255306
17,1,3,0,218,31.96916218
9,5,10,1,217,69.96556107
12,6,2,1,220,42.17146116
2,1,8,1,219,91.37503261
12,5,5,1,213,87.27628515
0,1,6,2,223,94.84960308
18,7,8,0,227,42.7124466
0,6,7,1,222,40.31278205
1,2,11,0,232,20.0559272
20,7,3,2,213,14.78196272
8,1,11,2,218,37.59873393
11,4,8,2,233,93.20045566
11,3,4,1,231,85.40910333
21,6,1,2,217,28.7474154
5,1,5,1,233,88.62701827
13,4,5,1,226,96.43768512
14,7,1,1,229,45.13671596
8,5,12,2,223,74.61170882
13,5,10,2,221,88.01379244
7,2,3,0,215,10.81399967
15,4,10,2,220,33.58897735
1,2,7,2,214,66.42396518
16,6,1,2,225,81.0714913
20,2,7,1,226,54.65055097
22,7,8,1,227,43.40981712
21,1,12,1,230,92.27949171
10,7,2,0,228,69.52146797
6,3,12,2,224,30.0956945
15,4,12,2,233,21.15335171
2,6,9,1,233,38.2403409
21,7,11,1,235,44.492965
9,5,3,2,226,78.63756664
5,1,10,2,220,62.63202056
19,5,10,2,231,41.85681658
4,5,6,1,220,65.80391804
17,3,10,1,224,47.87579726
13,3,12,1,225,42.75511668
10,3,2,1,226,92.49461935
10,2,11,1,216,56.28210376
13,5,6,2,219,29.45304861
12,4,10,0,227,90.95278394
19,5,9,0,225,27.32889586
0,7,4,2,220,20.9281251
8,2,5,1,217,97.96117186
1,5,11,0,228,78.77920694
12,5,2,0,225,19.58504042
13,1,1,0,231,15.48228885
12,6,3,1,229,36.70307866
17,7,5,2,226,63.53210092
19,5,7,2,226,78.68073937
10,3,7,2,221,26.14143033
10,2,10,1,235,51.32504204
5,3,3,2,237,64.70377706
0,4,7,1,222,98.76589999
4,1,9,1,213,98.62725554
19,7,10,0,229,25.07467008
15,7,1,2,227,60.6836496
20,1,7,1,231,21.09290727
8,7,10,2,217,24.72683866
23,3,10,1,217,67.01516133
1,1,11,1,215,26.72929667
0,5,10,2,226,11.67804042
18,7,2,1,211,98.56693948
4,4,9,2,228,70.1278402
15,2,1,1,219,66.9975485
4,7,5,0,227,52.55093215
14,4,10,2,218,78.3328466
19,5,12,2,226,27.75649695
22,3,4,1,230,87.20963793
0,5,1,1,221,59.73318205
9,4,8,2,235,64.24411817
4,7,11,2,224,89.30185299
1,4,5,1,226,16.7881963
20,7,9,1,214,92.34052932
3,3,8,2,217,58.84841844
10,3,5,2,232,90.1001416
4,2,12,1,220,17.89606283
5,3,5,1,227,40.91218815
1,4,3,0,217,13.17751368
5,7,9,2,222,23.89151994
1,6,12,1,226,99.93208227
8,1,3,0,239,66.17433013
10,5,4,1,223,58.31951086
15,7,2,1,222,98.86708992
22,7,3,2,232,14.66434232
4,7,5,0,230,48.40077701
5,7,1,0,224,46.69236099
10,5,3,1,217,15.10598601
7,7,7,0,218,76.16428021
13,5,3,1,224,41.07314721
5,6,4,0,239,30.42565761
12,3,9,2,229,55.81042937
15,4,11,0,225,64.48787479
6,5,6,2,217,22.77907228
12,4,3,1,214,47.14470258
15,3,5,2,236,47.83771706
3,4,2,1,215,99.29994862
22,5,12,0,232,91.38624947
3,3,9,0,230,73.46547691
13,5,10,2,234,80.2320656
16,4,8,2,226,61.54453378
13,6,5,1,217,77.48261082
3,5,2,2,223,50.5626323
18,7,10,0,214,40.16931057
9,6,10,1,214,18.75288797
9,7,6,2,216,40.45743181
7,6,7,2,218,82.28673767
5,6,8,1,215,72.96150474
9,4,9,2,216,57.69557034
23,1,8,1,229,56.02758422
3,4,3,1,233,76.78637663
12,5,1,1,218,28.24003664
22,3,12,1,223,88.76157486
17,7,8,2,217,33.66370067
16,1,2,2,221,26.86280607
10,1,5,1,221,79.76379353
17,3,9,1,219,97.75350888
8,6,6,2,228,58.13132769
5,6,4,2,237,97.16424312
17,4,8,1,225,79.59468283
15,2,2,1,225,73.86927627
13,7,6,2,223,41.30472119
12,1,6,0,225,41.42314682
4,7,10,2,234,11.64615153
3,4,12,1,222,44.29947134
16,2,10,1,229,69.52732327
17,7,1,2,220,22.16125777
20,6,8,1,225,69.61071997
13,6,9,1,225,85.75247236
21,2,6,0,222,83.46058643
17,6,9,1,231,89.7550726
22,6,5,1,221,51.4587709
22,3,3,1,231,80.87499912
16,2,12,1,219,85.22151998
4,3,4,1,225,34.91442399
14,6,8,0,230,23.65324756
3,4,11,0,222,16.74483462
23,4,7,2,230,25.78762205
2,6,8,2,220,95.85299052
10,5,5,1,218,54.76379364
9,4,6,1,212,97.80169134
17,4,7,1,236,29.79405767
16,7,12,2,220,55.45216456
12,6,12,1,232,82.10551928
9,1,2,2,214,65.60230672
10,3,4,0,218,76.88412412
21,6,7,1,217,38.31711732
19,1,3,2,228,18.99404927
19,4,6,0,219,89.90825909
11,1,4,2,228,53.73598685
16,7,10,2,217,92.396058
15,2,2,1,233,31.17112068
1,6,6,2,223,27.72886745
20,1,11,2,225,43.5321005
5,4,8,1,233,48.7694919
8,7,12,1,213,75.79542318
13,4,3,0,238,71.45046946
1,3,3,2,237,73.81032726
15,6,8,1,233,38.40743359
7,1,10,2,220,13.57223299
5,6,12,1,236,54.4793612
21,6,2,2,224,55.79046837
13,6,10,2,227,47.60121757
6,3,1,1,226,19.8138825
17,4,1,1,219,58.59415206
9,3,5,1,236,68.33134844
21,2,9,1,213,67.83293825
8,5,11,1,232,21.8378319
11,4,5,1,218,89.57070963
13,3,12,2,222,72.33455125
10,2,6,0,228,47.90069491
11,4,3,2,237,78.48659801
23,6,12,2,216,22.48099272
13,4,11,1,226,73.75012257
23,2,4,0,231,95.68614105
8,7,7,2,231,68.8681647
8,3,8,2,223,67.82174907
23,5,9,2,224,23.07899254
13,4,2,1,236,27.09646218
19,4,4,2,224,89.49534135
14,3,8,1,225,65.240138
1,7,1,2,215,61.06955522
6,3,5,1,226,45.06633035
13,7,2,2,230,34.01755237
18,6,7,0,225,84.99526092
16,6,3,0,232,67.61910536
13,6,1,2,225,21.39683585
10,7,5,1,230,10.07369261
18,2,5,1,225,55.73905391
19,6,1,1,217,86.72084551
5,6,9,0,227,34.64196362
13,1,6,1,223,68.82956621
10,6,4,1,221,13.93410097
20,6,2,1,221,99.78692944
15,1,1,1,224,26.08799754
9,2,12,0,239,33.05771519
13,7,9,2,212,17.2810884
16,3,5,1,229,71.50654887
5,6,5,1,227,69.54389145
6,3,3,1,220,18.31999129
5,3,7,1,222,69.21605364
15,1,10,0,213,94.24690605
23,5,11,1,215,35.1454156
20,1,9,1,232,34.52596634
4,5,12,1,222,24.92181424
8,2,4,1,226,62.41487245
10,1,5,2,220,66.05384215
6,6,4,1,231,13.13647999
19,4,4,0,226,70.09135579
8,5,1,2,221,71.1466431
8,1,4,2,227,86.7819832
5,1,1,1,230,18.32882248
23,2,7,1,223,97.46860998
6,7,1,1,228,49.1627183
14,1,10,1,231,79.84359852
12,1,11,1,223,71.48319545
7,2,8,2,214,17.40075185
4,6,7,1,224,15.18438724
6,7,12,1,230,25.5374519
23,2,4,1,216,32.41812379
8,2,3,1,228,66.49657813
5,5,8,0,227,25.58236426
0,5,6,1,212,34.90993485
1,7,6,2,225,95.5694031
1,2,1,2,217,33.53927746
21,4,3,1,228,29.45377058
0,3,7,2,223,17.37647769
3,2,1,2,216,79.7138356
2,2,10,1,212,80.43143235
13,1,7,2,230,60.19176603
19,4,9,1,238,33.83377452
1,1,10,0,224,72.255169
4,3,1,1,226,25.29116219
23,4,3,1,230,97.13913012
21,5,1,2,222,95.71331115
10,4,4,1,215,29.17980107
4,3,4,2,228,47.44702859
13,3,1,1,229,13.88499485
0,5,8,0,221,99.64835617
10,2,6,1,232,91.4053732
7,5,8,1,215,10.35972625
10,1,8,1,238,70.41759551
19,5,2,2,219,35.46972313
13,7,9,1,237,72.89538716
7,5,2,1,223,47.08840639
14,1,11,0,227,73.15547027
5,1,1,1,232,57.85852474
5,2,9,0,229,70.71791563
7,3,3,1,223,19.78752106
16,7,6,2,223,26.71087049
17,2,1,2,231,42.00625704
12,6,7,1,237,77.24009127
10,7,10,1,229,19.62672144
5,5,5,1,217,78.88286396
11,6,3,0,232,14.54797383
10,2,11,1,229,35.93461506
10,2,2,1,218,95.96109167
19,6,2,0,227,46.12666061
8,3,12,0,220,53.48450501
4,5,1,0,219,27.99221868
10,1,8,2,229,94.48305553
17,2,9,1,230,37.56113743
22,2,12,1,225,20.0109143
12,1,6,1,218,34.80291772
7,6,7,0,225,85.23495465
4,6,7,0,217,67.03563523
4,3,11,2,230,87.73027925
8,1,10,0,220,17.09249891
14,3,10,1,223,15.23633994
1,3,10,2,224,11.46765329
20,3,7,1,231,93.58989219
2,3,3,1,226,13.77241856
10,6,5,0,217,64.38929337
23,2,3,1,221,78.65941319
9,4,2,1,237,46.2691937
9,6,1,1,232,19.8927979
22,5,7,2,223,16.77608214
7,7,7,1,222,21.47422612
17,3,11,1,228,83.94786663
23,5,1,0,221,38.22079394
16,6,2,2,224,76.05720117
22,1,3,2,218,84.44995015
9,3,1,2,218,51.7526748
5,2,10,1,214,96.76804202
11,7,8,2,230,65.75413061
4,2,12,2,221,80.06150998
1,2,5,0,226,18.92313993
12,1,7,0,219,18.50718053
18,7,11,0,218,62.81051024
1,5,11,0,228,58.52454586
6,5,4,1,224,58.76302075
8,7,6,2,222,43.71967083
2,2,11,0,227,57.30151993
4,7,2,2,219,72.01551595
6,6,10,1,233,54.26822421
9,6,11,0,225,89.77922567
11,2,9,0,231,51.42761242
16,3,8,0,226,48.47702909
2,6,11,1,223,55.23139342
14,3,9,1,228,68.25787876
15,4,5,2,218,44.17371879
1,6,1,0,228,48.82493386
21,1,4,2,222,75.27836008
23,5,12,1,227,47.67705948
7,7,1,1,217,21.62954538
18,3,5,1,232,37.52208845
8,6,4,2,223,81.43217597
14,3,11,2,219,28.89712556
12,2,5,1,223,50.95940646
23,7,9,2,223,16.07067191
11,6,1,0,219,33.58819105
19,4,8,0,218,66.17511398
20,4,5,2,216,62.31184489
0,4,10,0,216,66.38212494
9,4,10,1,214,25.80192211
7,3,12,0,226,99.07515651
4,4,4,0,218,35.81680373
12,7,9,1,223,75.61126975
22,3,8,0,219,54.66040128
15,5,9,1,218,25.391311
18,7,5,0,225,13.90065321
23,7,8,2,229,39.6270392
8,3,3,1,224,89.20184868
9,5,3,0,225,83.11887864
15,3,9,1,223,38.8885494
17,4,11,2,217,51.62573822
22,4,7,2,217,43.06769766
8,2,5,2,222,32.29550167
14,3,7,1,234,24.78822116
10,5,6,0,235,60.22771008
1,5,6,1,237,77.48387582
12,3,3,2,212,18.03940639
6,7,7,2,220,70.31824934
3,1,7,1,221,41.51008235
23,7,9,2,231,45.65171678
23,6,8,0,218,71.90828098
16,3,2,2,216,54.33623494
11,5,4,2,235,92.73189409
16,1,1,0,230,84.51936801
18,6,7,1,232,99.72719473
0,7,11,1,232,74.85749664
19,7,8,0,219,53.65847056
0,1,1,0,220,21.0526122
13,2,5,1,223,58.09465559
16,5,5,2,227,57.57376662
4,7,4,2,232,83.5238656
5,2,12,0,233,51.90522226
5,5,1,0,229,29.3927088
21,4,2,2,228,95.28599572
20,7,1,0,225,74.90655477
19,5,8,1,214,44.2101278
0,4,8,0,232,75.80499416
6,3,4,1,231,73.39838539
20,7,8,1,222,76.53412403
9,6,5,0,224,66.88139431
5,4,8,1,224,49.75106902
14,4,9,0,235,78.18976175
0,5,4,2,226,19.83159265
11,7,4,1,225,29.83564447
4,1,10,2,233,14.69648939
21,5,4,1,228,67.36361175
21,7,11,0,224,38.15657118
5,4,9,1,231,51.80559658
4,2,1,2,221,78.30561163
22,7,2,2,221,55.43828379
11,3,5,1,216,84.70863633
13,2,2,2,225,97.12381065
6,2,12,1,224,96.77110344
13,4,1,1,229,23.96501515
17,4,12,0,229,37.68373094
3,4,12,2,220,48.94537594
13,6,6,0,238,80.50319266
3,1,4,2,219,35.58209403
1,6,7,1,222,49.17559627
5,6,9,0,222,33.40086401
22,1,9,2,226,22.30604647
1,2,9,2,213,93.05828078
16,5,3,0,232,20.71104555
23,7,8,1,226,85.47538338
17,5,3,2,229,24.09033935
3,1,7,1,220,39.02489257
11,1,3,1,220,83.23984283
9,4,3,2,216,91.06562159
11,3,3,0,225,87.50207003
19,1,10,1,222,31.42232661
9,1,6,0,230,86.41162366
2,5,7,2,231,64.18623943
23,1,10,1,220,27.06999608
23,7,1,2,232,30.3772209
18,1,1,1,223,62.07751716
3,6,1,2,233,78.27821783
1,2,4,1,219,17.3079331
1,1,7,0,230,15.83359395
0,4,3,1,234,74.6312504
14,3,10,2,220,52.19501975
19,3,4,1,227,31.56725712
2,2,12,1,235,94.51602066
11,1,10,2,219,11.97455536
5,1,3,2,228,97.23244488
22,1,10,1,221,88.7142586
22,4,10,2,219,88.08661631
14,4,11,2,233,13.75734892
5,3,3,0,228,14.10034749
2,1,2,2,220,69.43905384
22,3,11,0,232,22.59774091
5,3,6,2,223,48.48194695
2,6,6,1,230,88.68509122
0,5,2,1,223,14.28622235
16,5,8,2,214,50.73839143
21,1,12,1,213,81.96435163
14,2,10,2,221,91.26008017
9,5,9,0,216,36.80113277
9,3,2,0,231,97.49163296
6,1,1,1,238,16.04909212
21,6,11,0,229,47.72391726
20,1,6,2,235,41.61100309
9,5,12,0,228,69.05765579
11,1,12,0,215,86.42196901
17,1,1,2,211,80.06266716
11,5,1,0,221,51.70614169
0,4,8,1,228,95.45577566
10,3,3,1,224,89.24351008
1,2,4,1,230,98.83333348
19,5,12,1,223,31.80172254
11,1,10,2,229,78.67385751
7,5,12,2,230,37.50003362
20,4,12,1,215,30.68302029
0,5,2,1,219,44.59663106
1,4,9,2,219,42.03674839
15,3,4,1,229,78.27108752
13,2,10,1,225,47.30586173
7,7,9,2,233,36.37118665
4,6,12,2,229,98.13970121
9,4,10,1,219,82.7664745
2,7,10,2,234,55.77446328
2,2,7,1,231,18.35643968
8,6,9,0,226,80.78584871
21,6,10,1,220,69.99735847
19,7,12,0,222,76.01162964
18,1,4,0,230,62.11461006
15,3,10,0,219,96.85052201
9,3,3,2,228,47.2183217
11,6,6,1,221,18.07304994
20,3,10,2,220,23.72346015
11,7,5,2,226,48.48707104
15,7,11,1,220,31.70137776
6,7,10,1,236,63.59424062
10,5,9,1,218,91.88067034
4,2,7,1,230,38.86778792
1,1,4,2,227,46.25440907
3,7,8,2,214,75.2950153
19,1,6,2,221,28.37225993
3,6,10,2,234,33.6081571
4,5,5,0,225,27.70523886
3,6,2,1,223,32.35370558
8,3,7,2,230,92.55176358
5,6,1,2,233,40.42946798
17,7,10,2,235,83.71194432
12,1,2,2,230,57.85334357
16,5,7,1,230,73.41689183
1,6,3,0,230,26.62148429
19,5,11,0,225,58.6189672
23,6,2,1,225,48.6555193
15,2,4,2,221,70.53734621
3,5,12,1,221,15.60341006
15,2,11,2,229,21.08094329
15,4,2,2,226,77.72053479
8,4,1,1,225,94.56574371
7,6,4,2,211,57.87440006
9,5,8,1,219,35.57318374
10,5,1,1,232,30.13626881
22,4,6,2,216,73.52564393
14,4,11,2,227,92.96077951
13,6,10,2,236,28.80455403
19,7,8,2,217,33.93441093
10,1,6,2,213,12.98485913
9,2,5,2,224,43.65860091
16,6,1,1,229,49.29784704
16,5,2,0,220,27.06631643
9,3,3,2,226,56.20390027
13,3,11,2,237,38.05704044
4,1,6,2,223,10.2702482
11,3,1,0,229,75.5659149
1,1,3,1,219,25.6886447
14,2,10,0,228,63.5361991
13,6,12,2,239,20.10527951
20,3,9,0,225,26.18279809
16,4,5,2,218,25.05638774
22,2,3,0,230,15.52916708
1,6,4,0,230,86.96774503
20,1,5,1,226,43.64137819
4,1,5,0,232,32.72744179
5,5,4,2,232,96.84318279
6,3,8,1,215,87.36745083
22,5,7,1,217,52.22007309
16,6,2,1,213,67.46700362
2,7,3,1,224,50.18328585
9,4,10,1,224,62.66877394
5,7,7,1,212,30.55754865
21,4,6,0,215,81.496708
17,1,5,2,215,31.28593247
19,2,10,0,227,38.95067885
21,3,7,0,229,69.24835958
13,6,5,1,227,21.77539077
22,2,12,2,221,72.94256481
8,3,10,1,238,46.36640935
7,3,2,0,232,64.51235529
19,3,8,1,220,79.93511468
20,5,1,0,226,29.24504186
22,3,8,1,222,60.08315401
23,6,2,1,220,33.65254515
0,1,3,0,214,35.42034661
1,6,3,1,227,23.92670041
10,6,10,2,222,74.36019203
8,6,7,0,220,78.31896737
0,2,10,2,228,58.75411741
20,3,7,2,214,21.39865653
15,1,1,2,222,89.982926
15,2,2,0,228,28.98482914
0,2,7,1,228,81.8797323
21,6,11,0,213,41.96973295
22,6,5,2,223,87.86909761
15,7,8,0,235,90.72005664
17,2,1,0,225,13.69724012
18,2,3,0,230,41.54354017
10,7,7,2,222,29.67797846
17,4,6,2,223,61.60308228
15,4,4,2,224,22.84017528
4,2,5,2,225,42.77567579
7,5,1,1,233,87.73289274
13,1,1,1,231,51.4272699
9,3,5,1,218,38.15815575
8,1,5,1,230,48.2836885
6,4,3,2,227,57.77381987
19,3,11,1,229,31.74698063
9,1,7,0,230,15.91548177
9,5,2,0,221,78.16024083
0,2,8,2,219,17.52458021
1,3,6,0,213,58.7948194
9,5,9,2,228,95.5029008
5,7,7,1,221,19.36767543
6,7,9,1,232,77.52843553
16,2,10,1,224,55.31786828
23,3,6,2,216,50.25716575
10,1,6,2,230,20.11835554
21,3,11,0,225,26.24204796
1,3,3,2,237,48.98808603
21,5,11,1,226,57.31665546
21,4,4,2,217,54.2093931
21,5,11,0,216,35.74680555
1,2,1,0,220,62.35841641
10,1,6,1,221,64.26307888
0,2,12,1,221,24.1590566
0,6,1,2,219,55.26048672
5,5,9,2,227,46.49434845
11,3,9,2,215,65.49796829
20,3,2,2,233,56.39401236
5,3,10,1,234,97.658182
22,1,12,0,232,19.03262791
16,1,7,0,219,13.56575615
6,2,5,2,231,84.50384241
5,4,9,0,217,70.24520646
7,6,5,1,225,83.86277238
21,7,2,2,238,51.55760745
21,1,3,1,233,64.99499542
21,6,6,1,225,59.23373159
10,6,3,2,224,26.9227514
10,7,8,2,217,67.75414428
5,2,5,2,225,12.48692491
21,7,10,1,223,50.86966637
6,1,7,0,215,66.8639995
6,5,1,1,227,47.1033486
5,4,5,2,222,41.84522052
22,1,2,2,228,91.5642292
16,7,2,2,225,30.80313333
12,6,6,2,235,55.70717204
5,6,7,1,224,34.81894493
4,2,3,0,219,62.62952645
23,2,10,1,212,38.47744606
13,4,7,2,217,44.36287061
19,5,5,0,220,73.42046872
0,5,6,1,230,27.98157371
16,1,8,2,222,41.40968739
19,3,7,2,222,53.14882349
16,3,8,0,228,10.36051213
21,1,4,2,236,72.45948255
16,3,5,1,227,46.82319985
4,6,5,2,218,60.79772673
9,2,7,0,232,87.96231184
10,4,1,1,222,45.35429352
16,4,4,1,216,23.62189528
23,2,12,1,228,12.87942181
9,3,3,2,229,80.79140192
14,2,9,2,236,42.22393838
23,7,2,1,219,41.57175913
4,3,11,2,218,77.64865666
7,7,5,0,224,10.08175082
9,2,6,1,220,52.31694081
13,2,11,1,219,51.47810469
21,2,2,0,214,97.36487234
11,1,10,2,213,93.08641348
6,4,2,2,233,87.02872463
9,3,11,1,215,94.24588535
10,2,1,0,230,53.3281222
5,5,3,1,225,45.04672219
19,2,6,1,233,56.85302645
1,2,3,0,229,37.1522383
22,6,10,1,221,16.79562076
1,2,12,1,235,48.43774791
2,7,7,1,215,48.29431668
21,6,12,1,219,39.9096294
7,2,5,2,216,85.36632253
18,6,1,0,220,46.48530015
17,6,7,1,231,10.17467508
7,1,8,2,218,35.65245332
14,4,7,1,234,30.29307803
6,5,4,2,224,35.28964991
5,7,4,1,224,61.17787795
12,7,9,2,228,51.67376715
3,2,7,2,224,56.63665658
20,5,7,1,218,41.55119181
15,3,11,2,232,33.76610215
7,2,7,1,219,60.9082265
22,1,8,0,216,68.00380137
22,2,2,2,231,64.00949253
8,1,9,2,226,34.19339166
1,1,11,0,232,32.69268009
16,1,1,2,221,67.60690773
4,4,10,1,219,22.01170052
6,4,8,2,236,88.42743611
10,1,9,0,231,56.86093553
21,6,12,1,229,25.78237811
19,7,2,2,227,49.23103767
13,7,4,2,236,32.91691439
7,3,4,2,225,11.34268159
12,3,11,1,217,65.91756467
18,2,7,0,225,48.62999073
11,1,9,2,237,66.89910827
6,4,2,2,223,21.74054296
22,7,11,2,234,88.60148721
11,5,5,1,224,63.38737264
1,3,8,2,217,23.457955
9,5,12,2,226,13.19020141
5,2,11,2,220,58.93187546
9,3,2,2,223,49.76304099
9,3,4,2,225,89.69533135
7,4,10,2,226,16.18293496
3,5,1,1,225,66.84240665
5,6,9,1,233,29.88936555
9,5,10,1,222,85.4499224
22,6,2,1,225,10.54253673
15,3,5,2,237,47.27970291
4,5,4,1,226,51.26300788
1,4,8,1,219,76.84071081
16,2,12,0,232,61.58301436
7,1,5,2,235,86.45190607
11,3,9,2,225,95.34932049
5,6,3,0,215,67.24345633
19,4,12,1,221,55.09297967
3,2,8,0,216,31.69946472
13,7,9,2,224,62.25015706
3,5,7,1,212,84.18604044
9,5,10,2,218,15.87523274
10,7,12,1,230,91.23266793
18,2,2,1,230,94.59229298
9,7,3,0,223,39.25730113
22,6,10,1,214,24.41921881
16,3,2,2,229,68.58146898
1,6,1,2,231,58.23568195
23,3,3,2,223,76.75920213
15,7,4,1,223,34.98956644
11,3,11,2,229,50.47633174
10,3,6,2,215,88.42296109
2,3,3,0,225,58.1219428
17,6,11,1,231,62.78257972
21,5,12,2,224,45.70084484
23,2,2,2,215,89.86849433
0,2,10,1,223,59.74406066
7,7,2,2,228,83.28949307
10,6,12,2,226,39.70200532
2,5,10,2,224,74.43854294
14,5,8,0,228,75.56658834
10,2,6,2,232,90.83319474
22,5,10,1,226,71.61810631
7,2,6,1,219,80.91932433
23,7,2,1,216,76.14349331
15,4,5,2,223,90.62605349
3,1,6,1,227,94.40042666
16,6,8,2,220,68.09018922
17,2,7,0,215,33.43347572
2,3,10,1,228,61.0637296
17,1,10,1,228,40.32488743
4,2,5,2,230,59.14225309
19,6,2,2,228,61.46399654
15,6,4,2,216,71.35800643
3,1,10,0,219,16.80573973
18,2,2,2,213,33.3156297
15,6,9,1,214,12.23068476
16,2,11,2,226,43.88363953
6,7,8,1,228,81.4582995
1,6,8,1,211,96.76887987
21,2,10,2,219,73.49123602
12,5,9,2,224,48.91646417
22,1,8,1,228,88.22677557
6,5,1,2,219,19.88223507
21,4,5,1,227,98.28090544
8,2,7,1,229,12.37106234
18,5,7,2,219,51.58253324
11,1,4,0,227,13.76177491
23,5,7,1,223,18.44753873
1,3,7,2,235,40.04796468
2,5,7,1,221,54.59342889
11,6,4,0,233,53.16640802
17,3,7,0,216,32.45966137
14,3,11,0,227,46.43355938
9,4,7,1,219,13.71353522
16,5,1,0,229,77.2710562
16,4,11,2,215,94.42123547
1,4,5,2,227,83.98878751
15,2,1,1,230,15.17083971
17,2,7,0,233,88.22783795
9,1,6,1,231,57.77442075
9,6,4,0,238,34.59364665
15,5,2,2,220,82.26322915
11,4,9,2,226,35.18557961
5,3,1,2,220,59.26468474
23,2,1,1,222,13.74750027
2,4,3,1,217,97.02165768
18,6,10,2,230,37.21505516
13,1,6,1,213,67.43524001
9,4,11,0,232,67.57969709
20,7,7,1,233,77.68501794
2,2,10,2,237,88.98822354
23,7,3,1,228,48.23531713
21,3,3,0,234,71.21198407
12,4,2,2,212,24.76202734
8,7,3,2,225,63.98468326
14,5,10,1,219,38.15489647
12,3,4,0,234,67.39514984
4,3,5,2,228,46.32206854
16,1,1,2,221,19.73776493
11,6,11,2,216,65.66466216
21,3,8,1,228,74.20588474
4,4,7,0,231,20.23894405
5,4,4,1,228,22.5705795
2,7,9,2,229,82.48365306
16,3,4,2,215,16.04553659
19,4,11,1,236,47.93960099
13,5,11,1,234,71.30149323
23,2,6,1,225,46.61571483
7,2,10,2,235,50.67952343
0,2,9,2,229,24.54481517
12,4,1,1,220,82.4471319
15,2,5,0,228,96.44594738
9,3,6,0,219,68.65830481
0,6,6,0,221,70.91364839
13,2,1,0,230,11.26864836
9,7,1,2,227,65.91134057
16,1,5,0,229,11.49583712
15,1,10,0,220,77.94138591
4,4,11,0,214,89.33149432
19,4,9,0,220,70.81983474
13,3,7,0,227,95.79503237
1,7,10,1,231,83.3058078
19,6,1,0,234,30.47727186
13,4,7,0,226,18.81668127
22,3,4,2,230,17.11603233
19,4,7,2,231,23.42362015
21,4,11,0,216,27.89154532
2,1,1,2,224,89.06538478
8,4,4,1,228,73.61030239
14,1,5,2,234,10.59192739
1,4,10,1,231,87.72453794
4,3,1,1,238,76.17655151
1,1,7,1,221,62.93009687
17,4,7,0,214,64.58123373
10,2,7,0,222,33.13507777
13,7,7,0,227,28.94219033
0,5,6,0,223,82.13847016
2,5,1,2,228,60.17372209
19,7,11,0,219,41.11572216
20,1,6,0,226,66.14868568
8,7,7,1,228,20.80858506
4,3,5,0,231,85.51846755
14,6,4,2,225,79.97444356
15,1,12,0,226,55.63112984
5,5,8,1,227,59.32098037
12,2,8,1,224,67.21134866
8,3,2,0,221,65.50744424
11,5,7,2,238,76.24051191
7,2,6,2,219,18.12466038
14,4,2,1,216,90.79980424
8,3,7,2,234,36.35081226
7,4,4,2,224,92.03809079
12,3,1,1,228,24.07970286
16,6,1,1,225,64.63248984
13,7,11,1,234,37.66373334
15,3,8,2,232,49.10073858
21,2,4,2,222,38.69015801
16,6,10,2,218,58.72114688
23,5,8,2,234,56.21939754
9,6,7,2,225,16.41200662
12,6,2,0,233,22.77817807
22,1,2,0,219,60.94834025
20,6,2,2,226,34.70034909
15,3,8,2,220,15.02771746
7,6,4,2,217,54.35571634
11,2,9,2,224,94.38149996
2,6,9,2,215,94.80898902
18,4,6,1,222,45.78389984
20,5,8,1,224,20.66698319
17,3,6,2,217,71.57916506
13,4,10,2,231,66.49720775
1,4,4,2,228,93.02984337
12,7,1,0,214,45.56660667
5,1,5,1,235,78.55218836
8,7,8,1,215,33.8213394
9,6,7,1,236,60.75263313
16,6,2,2,235,30.15135122
5,3,3,1,213,72.04877464
2,1,12,2,225,71.72879963
14,2,7,1,228,46.65904712
4,6,4,2,217,18.47762364
20,7,12,0,221,62.24191493
14,6,5,0,228,60.09841955
20,5,1,0,225,30.7886755
16,4,6,2,228,37.14128521
8,6,2,2,220,32.75534526
11,2,8,1,221,37.51625013
20,5,3,2,221,95.96694269
20,7,6,1,239,63.23389233
6,4,9,1,211,80.44990799
8,4,7,2,228,62.97957883
21,3,4,1,224,75.21876875
1,7,3,2,234,62.9647516
19,1,8,1,218,70.60344878
23,2,11,0,225,34.80381341
17,2,10,1,223,79.20917441
9,6,5,1,218,52.04650471
17,1,7,1,227,69.97838521
1,1,9,0,211,37.62716866
18,1,5,1,223,32.78394301
21,1,9,2,226,77.74672859
17,6,1,0,238,86.57339411
5,3,8,0,220,71.41195693
7,5,7,0,215,24.24141956
9,7,4,1,213,40.2672695
9,6,8,1,224,80.98446785
11,6,4,2,215,88.34186377
11,7,10,0,230,74.87655987
14,7,3,2,224,98.12266547
15,1,12,2,226,50.35552399
4,1,7,2,220,27.67684339
9,6,12,2,231,38.9188439
18,3,2,0,232,20.90480509
21,2,3,2,226,23.86495465
16,3,7,1,230,35.73805868
11,6,10,0,231,23.93225672
0,5,1,0,222,59.41942106
22,3,2,1,230,53.72807154
4,1,5,2,225,27.86136352
8,3,11,2,230,47.85393945
23,1,7,1,226,66.74135143
13,3,3,2,234,18.31914245
16,5,9,2,220,53.8883825
17,1,6,2,231,84.34309276
13,1,10,1,234,74.71455242
17,2,12,2,229,34.19429059
18,4,12,2,226,11.85562632
18,1,11,2,229,58.39770807
4,5,4,1,225,99.11747627
22,2,10,0,235,32.02573107
4,5,6,1,227,99.27241314
16,5,7,1,220,61.21451111
0,2,9,2,231,15.36816417
15,1,3,2,233,92.85651848
4,3,3,1,223,82.17284291
7,1,7,0,220,58.06072753
19,2,9,2,228,46.20856224
9,4,5,1,229,34.49666004
17,6,6,1,227,96.95011872
5,6,1,2,224,25.30891859
6,5,8,0,225,52.06226175
10,2,2,0,230,71.83098736
6,6,10,1,223,62.75594696
21,4,9,2,220,10.10214492
0,4,5,1,215,81.00246873
22,5,8,2,215,54.31404173
23,6,6,0,227,78.26793393
14,5,10,1,216,64.88819773
9,1,8,0,216,17.41179652
8,2,9,1,229,63.52685954
15,1,8,2,226,65.91930953
10,4,6,0,231,35.66039973
22,3,8,2,231,98.1285366
8,4,4,1,238,52.13343141
16,1,3,1,232,69.40358027
5,7,4,2,224,95.09536855
20,4,3,0,228,51.08643248
22,6,11,0,217,13.67077113
11,5,10,0,228,31.87184515
14,5,9,0,218,37.37330449
5,7,8,0,216,74.94586459
6,7,10,0,221,71.92308413
9,1,10,2,230,41.57963125
3,2,5,1,227,96.10163543
9,5,12,1,224,59.96567565
9,5,10,2,237,11.35897129
14,4,11,1,229,30.02972532
12,2,3,0,234,77.08156885
11,5,7,1,226,61.73523869
5,3,4,2,232,96.09212974
15,7,1,1,235,99.36139278
14,6,4,1,224,89.42215699
6,7,8,0,222,24.07691189
3,2,7,1,222,95.78337738
16,7,1,2,218,53.03003746
9,7,11,1,224,16.72829681
1,6,5,1,228,50.9487139
10,4,8,0,223,75.02166152
22,4,9,2,226,22.53229966
13,7,9,1,232,64.51596
7,2,11,2,236,81.17902263
15,2,2,2,232,17.36000653
8,1,8,0,229,42.40867308
22,2,1,1,234,38.39946008
18,5,6,2,230,64.47825874
11,6,7,1,220,13.7785429
17,2,3,2,226,12.56585124
21,5,2,1,216,74.52134025
12,6,7,2,238,48.09600248
18,3,10,0,233,25.41861688
13,7,12,1,230,27.53740008
18,2,2,2,217,78.13721346
20,3,10,0,225,14.18314143
7,4,8,1,228,53.25869418
12,2,9,2,217,36.17325181
9,5,10,2,230,38.88686018
1,1,12,1,216,33.56738449
16,3,9,2,222,77.03473065
8,1,4,0,220,49.69217016
1,1,12,2,217,62.75811578
12,4,7,2,221,30.09328725
5,4,3,0,219,82.81737233
3,5,11,0,237,71.17732467
0,3,2,2,231,81.51721884
11,2,5,0,221,21.95611033
4,7,2,0,228,16.91307688
3,1,5,0,236,24.47962245
6,4,12,2,220,91.46092542
12,7,5,2,225,47.26417784
19,6,1,2,220,84.18156963
6,5,9,2,222,73.26444008
15,6,4,1,226,32.21570888
13,5,8,0,222,43.76228241
5,4,6,1,239,15.04458396
10,5,12,0,217,67.93670768
12,1,10,0,217,53.58063549
10,1,8,1,237,70.83836241
1,4,2,1,228,54.13504239
5,3,6,2,216,70.93037158
4,5,10,2,215,85.73285872
3,6,3,2,231,81.80957656
10,7,8,0,221,50.88570331
14,5,9,2,236,64.55607977
10,5,6,2,224,38.23377085
8,1,3,0,229,21.54477108
2,6,10,1,219,82.79405187
15,7,4,1,221,20.60263708
1,5,5,1,222,79.81557989
9,5,10,2,223,65.80193526
9,5,3,2,211,78.1998849
9,1,4,0,233,17.07978862
18,4,4,1,216,68.30152328
21,2,1,1,231,48.25898779
3,1,5,2,221,82.14930082
19,3,9,2,227,13.20975156
23,4,11,1,227,38.24632431
23,5,5,1,214,63.40949982
9,5,9,0,223,73.20913806
16,6,9,1,235,92.20855934
15,6,6,2,232,57.05935475
7,1,2,1,224,40.27027241
13,5,9,1,233,46.92059994
6,6,3,2,219,41.38877951
16,2,11,0,239,41.32744201
13,1,4,0,235,31.24456765
3,5,5,2,214,55.25966154
17,5,4,0,216,79.88633827
23,6,6,2,222,86.03357838
4,4,7,2,230,76.4753277
6,7,12,0,215,35.2628826
16,6,10,2,219,77.70754105
6,3,4,1,212,11.72832168
1,6,8,2,233,36.6714278
18,5,9,0,227,67.05115781
14,3,6,0,219,36.15061995
1,7,12,2,232,66.91252113
7,5,7,0,230,56.99408781
16,4,7,2,219,94.4767223
22,1,11,0,217,15.02495632
17,6,1,0,225,45.27730833
0,2,10,2,218,98.56867822
11,4,5,2,228,91.95993467
6,2,4,1,213,67.44302168
10,5,8,1,233,84.63450519
23,5,3,0,231,28.23179811
1,4,9,0,230,87.29607932
22,1,10,1,228,41.55164595
17,1,4,2,225,45.03329353
13,4,1,1,223,95.81498994
12,6,4,0,221,11.59808228
14,5,5,2,223,23.8571037
5,6,12,2,222,51.53259971
20,3,8,0,232,46.04083385
11,3,12,0,230,67.66135823
5,1,11,2,224,67.17075946
10,1,6,1,232,93.50021239
2,1,2,1,231,17.94096128
10,3,10,1,224,13.26477111
0,2,11,2,230,46.18097571
13,7,2,1,235,37.64603336
13,2,12,1,224,25.70566682
4,7,6,0,222,65.31127677
7,4,7,1,215,99.60046055
0,7,4,2,224,87.6216262
14,7,9,1,224,92.90963534
1,6,7,2,222,89.77521579
15,4,6,1,234,57.70272507
5,7,2,1,216,45.53747629
21,3,8,1,222,14.23418101
20,6,4,1,221,87.80925271
14,2,3,1,231,74.07443078
6,1,5,1,215,53.14070148
21,4,7,1,228,85.57540347
1,6,1,2,219,29.21215514
15,7,4,2,220,70.23408473
20,7,5,2,225,16.06570867
5,5,1,1,226,39.48384333
5,4,1,2,230,92.39393262
21,2,8,2,229,73.86754205
21,4,9,1,220,77.37805851
15,6,2,2,222,64.22631372
21,1,7,1,215,95.34076095
8,4,3,1,221,54.20326875
18,3,10,2,220,66.42892489
0,7,10,0,231,70.54024777
16,2,10,2,233,16.13287371
6,5,12,1,236,89.24362861
21,6,9,1,221,67.08971105
19,1,8,1,219,87.73714644
23,7,11,2,231,68.11783314
0,6,8,2,221,35.5559368
21,3,12,2,223,65.56022711
21,7,8,2,221,81.52888842
18,7,3,2,225,77.74237503
17,7,2,2,226,83.90106798
4,4,8,1,231,43.87651497
21,6,1,2,218,68.6737333
18,2,3,1,227,96.00784656
15,1,4,0,219,16.11627298
13,6,11,1,233,33.92582789
3,4,9,1,230,19.11259503
3,2,12,1,237,36.42640286
20,4,3,0,233,96.1736618
8,6,8,2,233,21.12767701
6,4,3,0,224,65.66135611
21,3,9,2,222,33.39509749
18,4,3,0,219,59.40400357
18,5,11,1,223,60.04454709
5,7,6,2,238,93.10576243
10,2,4,2,223,77.15498229
9,5,7,2,226,98.6675596
12,6,9,1,233,42.7346588
5,5,3,1,231,51.21625489
9,5,1,0,228,38.12968091
13,4,6,2,217,64.83886845
19,7,10,2,231,18.17273048
3,6,11,1,233,84.56504682
9,1,10,0,222,60.93283094
19,5,10,1,219,54.28814753
17,6,10,1,224,92.29849947
5,4,1,1,235,82.14023402
1,4,3,2,230,60.77283264
19,6,7,1,222,91.07132663
13,2,5,2,227,85.55217534
9,5,10,0,230,89.254478
16,6,6,2,224,32.52521063
6,3,5,2,229,89.63881109
18,1,4,0,222,59.50385662
5,1,8,1,230,66.5187969
3,3,12,0,237,71.11295553
10,4,7,1,216,56.27460396
21,2,11,2,231,32.77491321
16,5,1,2,220,18.77914429
14,2,2,2,232,33.78643565
22,5,4,1,228,71.53053067
20,1,10,0,211,62.91013615
2,5,6,1,222,87.696691
9,1,5,1,232,32.79633695
18,6,6,1,230,50.01574376
19,1,1,1,218,66.14533061
11,7,9,0,227,41.01592152
3,4,10,2,221,47.6788996
0,4,10,1,231,44.70297765
8,7,4,0,222,68.03241996
14,5,6,0,222,37.04439914
3,3,6,2,237,60.43209274
2,3,9,2,219,59.36056179
8,3,10,1,219,44.08402982
2,3,9,1,223,92.69458041
13,5,2,1,221,91.25537317
18,5,10,1,224,39.44981394
14,5,2,1,226,19.21513781
9,7,9,2,220,13.45071855
13,3,5,2,227,55.44476703
15,1,4,0,222,76.99556868
13,4,4,2,233,27.60958867
22,1,7,2,230,89.70888452
6,7,3,1,233,81.4472204
8,5,8,0,225,59.18326954
22,2,6,0,213,80.895772
16,2,5,1,225,38.22280256
11,1,6,2,221,28.9861018
13,1,8,0,230,64.50868222
0,7,9,2,217,92.78799668
16,4,8,0,231,62.02169525
8,2,9,2,221,55.72271518
23,3,3,0,227,87.7861214
17,6,4,2,230,36.20808849
20,6,5,1,229,66.82908178
5,4,5,2,220,39.29037986
21,3,3,0,223,38.27156687
19,3,6,0,232,65.44138577
12,5,10,0,221,94.91923659
4,7,4,0,227,40.26105078
3,3,1,1,217,87.01530758
23,3,6,1,227,46.13295073
2,7,10,1,224,79.93896172
3,1,12,0,227,61.37854956
18,2,8,1,227,96.57246383
19,3,10,0,213,77.76042647
8,4,2,1,227,19.31693335
23,2,10,0,229,20.1301287
4,6,3,1,217,53.21235299
0,6,3,1,230,13.36957833
6,6,9,1,234,80.34223723
7,2,11,2,228,29.41819965
13,4,1,0,219,84.5730199
15,3,8,0,230,59.30991642
9,6,10,0,218,92.42942055
3,4,11,0,235,94.9035762
10,7,3,2,219,68.84384748
19,7,5,0,219,58.28484872
3,5,7,0,228,55.73272601
7,1,12,2,232,40.99856665
19,1,10,0,226,63.96680332
15,1,4,1,230,47.55345665
18,5,5,1,220,84.93313653
8,5,6,2,222,91.24341539
19,2,1,1,223,11.15362346
22,5,12,2,219,37.54394962
5,5,8,1,227,27.63714405
12,5,4,2,228,46.40153611
1,3,5,1,220,94.78471384
21,2,4,1,224,61.50574991
5,2,7,2,229,76.29115768
22,3,5,0,230,69.62043522
1,4,7,1,222,16.46164378
11,7,3,2,221,97.43899139
8,1,10,1,227,30.74407815
11,6,7,2,230,66.10030904
18,5,8,2,215,71.627034
0,2,6,1,233,73.30733354
5,6,3,1,230,87.56914203
9,1,10,1,223,86.54270403
11,1,12,0,221,74.74127833
7,3,6,1,233,65.18583364
10,2,11,2,223,81.0867287
14,3,3,0,218,79.89121953
16,7,8,1,234,23.38794674
8,6,9,2,229,59.33067742
5,6,10,2,224,71.15426931
4,6,2,1,218,98.78441875
15,5,1,0,216,83.64018336
19,4,2,0,230,56.0473331
12,2,7,1,222,99.88412251
23,2,8,1,224,23.0766566
20,7,2,0,216,57.25015451
23,7,6,2,226,60.68886603
15,3,10,2,225,47.38325696
20,2,11,0,235,82.08111558
5,6,2,2,239,13.68390445
1,6,4,0,222,46.87848426
21,5,5,1,230,15.39170228
16,1,5,2,236,11.84045853
2,3,7,0,234,60.02873662
17,1,1,1,238,10.46240194
13,5,11,1,214,75.08000726
6,6,9,1,227,66.74947902
23,2,9,1,221,44.91093546
9,1,1,1,219,25.97563264
0,7,11,1,214,45.60238117
8,6,11,1,222,61.75691359
5,2,2,2,228,46.07627604
0,6,12,2,232,50.96970206
17,3,6,1,231,32.06081047
17,4,4,2,225,54.26727431
3,3,5,1,224,21.34767273
2,3,11,0,216,16.41505172
9,4,9,0,228,38.41997214
11,3,10,0,221,33.40080753
5,4,6,2,221,61.74187157
3,3,1,2,226,75.64592469
9,4,3,0,223,67.59653271
2,4,9,0,216,44.95705394
6,4,5,1,225,49.6345368
20,5,10,0,233,61.38827883
3,4,6,0,225,23.71778432
18,6,4,1,229,72.61774342
2,4,4,0,216,38.43193751
10,3,9,0,224,47.37661403
23,1,11,2,225,28.01998274
23,7,5,1,231,26.75743526
22,7,4,0,225,29.23001553
8,3,8,2,228,78.61605112
2,4,10,1,229,46.7267363
20,4,12,1,219,88.48628691
14,6,4,2,219,47.81958245
3,2,5,2,218,11.90649189
4,2,6,1,226,36.43125697
13,2,4,1,228,67.0536768
1,7,8,1,227,52.35420336
0,7,4,2,235,26.62340632
22,4,4,1,224,93.87793165
1,3,9,2,221,83.28950065
13,7,3,1,229,73.26832795
2,7,3,1,225,93.04031037
18,3,11,1,220,21.91997366
0,6,9,1,212,87.54577302
21,7,11,2,235,83.52509094
6,5,7,0,232,79.77450917
6,5,7,2,225,15.10301265
15,5,11,2,217,81.31066743
6,1,2,2,219,40.57281797
15,1,10,0,217,15.7616036
10,5,2,2,213,65.49766649
21,1,5,2,212,59.24601131
5,4,2,2,228,64.53690527
8,4,7,1,225,38.25145919
1,3,4,0,229,89.5088308
17,4,3,1,231,27.89379908
11,3,9,2,216,20.00022302
17,6,2,0,222,61.65141897
5,7,7,2,213,43.71329439
1,5,4,2,225,76.56493815
7,6,3,0,222,16.88899052
12,3,5,2,217,30.93241411
20,5,7,0,232,31.80125033
17,1,2,0,223,57.48450207
12,2,6,2,224,37.74007429
14,1,7,1,224,90.56084725
8,5,12,2,224,69.48894517
4,4,7,2,223,29.05456218
19,1,7,2,217,92.33209054
6,2,1,0,216,33.85196628
4,4,8,0,221,94.98769458
12,4,12,1,220,45.94348401
22,2,8,1,215,63.07953214
0,6,1,2,239,14.50238468
17,7,3,2,220,27.55741431
9,2,12,0,219,63.68635021
9,2,8,2,236,84.00772552
3,3,10,2,235,43.07357054
20,7,1,1,215,46.71912024
16,5,8,1,236,74.10524976
7,5,7,1,228,75.41188411
3,6,12,2,212,28.72975006
20,3,7,1,223,86.83583006
1,2,11,1,234,36.98804962
5,2,8,1,229,73.66396013
7,5,12,1,223,17.06462863
4,6,11,0,232,51.98868756
18,1,7,1,219,72.09943698
22,3,8,1,222,84.58741108
7,4,8,2,230,28.80994964
21,1,1,1,227,32.54054369
18,1,7,1,237,26.12320962
1,5,12,1,222,99.87989511
19,3,3,2,221,43.85076191
19,2,11,0,231,25.02941225
10,1,7,2,238,47.58902301
20,7,3,2,235,97.5289628
3,1,5,2,227,19.36805908
15,6,9,0,228,52.37128159
14,4,7,1,231,91.24300024
16,2,12,2,225,21.91374854
23,3,10,2,211,71.80999193
20,6,12,0,228,44.4024918
6,1,5,2,220,49.95120376
4,4,3,2,219,19.61501232
16,3,8,1,226,55.24885704
20,3,4,0,222,69.37422137
23,4,8,0,217,62.47034149
3,3,5,0,221,99.27384853
12,4,1,2,231,22.56735641
4,5,4,2,227,28.50560579
12,7,7,1,229,51.57500023
15,7,5,1,229,53.31336865
2,2,5,1,238,26.27398788
10,4,12,2,223,33.49330897
14,7,2,1,221,18.3235529
19,1,3,1,212,63.5814941
18,6,1,2,223,40.33590123
6,4,7,2,219,77.59421042
4,7,4,1,226,86.86118295
14,5,11,2,235,67.07854925
0,6,10,2,223,11.0832093
18,7,1,2,231,59.785299
19,5,4,2,239,36.18262476
13,1,6,1,220,41.30684826
21,2,4,2,232,59.69701299
0,7,4,2,230,16.93768432
0,5,10,2,236,42.98504018
17,2,9,2,222,28.5947366
10,2,4,1,225,24.21368984
3,2,10,2,220,76.8653379
9,2,1,1,223,76.99750274
19,4,6,1,218,33.83872906
20,3,1,2,216,75.99003186
9,6,10,2,227,34.73987058
1,4,1,2,217,86.93734021
12,4,2,1,230,49.13634059
4,7,8,1,234,20.37645509
23,2,11,1,236,90.79714576
16,2,9,2,231,48.81170098
6,2,1,1,213,74.09776277
16,3,9,0,228,38.45505885
6,2,7,1,230,55.86716222
16,6,5,1,218,81.05546575
0,3,5,0,221,68.50659756
4,5,10,1,222,91.67925096
15,3,11,0,221,85.22600426
11,4,7,0,224,74.1269154
4,6,4,1,232,31.45634255
10,2,6,1,234,66.16161917
8,4,8,2,218,79.20294562
0,1,12,1,223,42.1583561
11,2,8,2,236,15.01944704
12,1,4,2,224,93.20317419
23,1,8,1,231,38.6034366
5,1,3,0,216,98.920287
18,2,7,2,226,35.06896256
16,7,10,0,223,97.45000456
13,7,8,0,229,62.7411777
1,2,5,0,225,52.04701383
11,3,8,2,222,61.93552644
12,1,3,2,224,11.67579519
8,5,2,1,226,20.13745534
0,7,12,1,220,51.26671768
11,1,11,2,226,87.58338499
5,5,8,1,229,73.4913359
20,1,8,1,226,63.28125753
8,7,1,2,223,69.86690676
1,1,5,1,229,96.25142665
2,3,7,1,211,26.34742251
20,5,4,0,226,59.96209588
15,5,12,1,223,15.79335157
11,3,7,1,215,38.55740668
5,2,6,1,238,95.54352675
8,5,4,1,234,39.32571231
22,6,6,2,217,86.78426124
20,7,6,2,230,78.87085018
20,6,2,0,231,77.55754207
22,1,7,2,230,79.64429558
22,7,1,1,222,68.06879286
18,6,7,0,228,45.61798655
23,6,12,2,224,83.30273272
15,3,6,1,235,66.56088002
11,2,1,1,230,54.49530814
3,2,12,2,215,75.67114023
17,6,7,1,227,93.04925703
14,3,9,1,233,68.02485438
12,4,3,1,229,41.51200923
6,2,1,0,236,78.52179876
7,2,1,2,220,38.25886149
15,1,3,0,220,19.76371579
2,4,10,1,235,66.76035307
10,4,6,2,227,71.77393972
13,6,5,0,235,91.71549982
8,3,5,0,229,99.36941279
13,7,5,0,219,38.54061604
15,5,5,1,227,14.03718624
4,4,2,2,223,79.14950766
18,2,3,1,229,73.25283377
0,6,7,2,238,47.47935118
17,7,3,2,230,42.42089891
1,6,6,0,223,79.25763159
23,7,12,2,223,82.98954082
16,3,5,1,228,12.76831331
5,3,8,0,220,27.42909537
13,4,3,0,221,18.23174058
2,2,10,2,215,80.92515366
9,3,8,2,219,75.75154896
11,4,4,1,213,25.78970335
5,2,10,2,233,89.15859777
22,3,11,2,218,74.45410381
17,6,2,2,217,54.45939038
20,4,7,1,222,84.00359891
16,2,6,1,232,43.15698977
8,6,1,1,228,27.97177257
6,6,8,2,223,83.87209155
14,6,4,0,232,30.27164343
17,6,5,0,223,44.51878574
7,2,10,2,231,12.99639074
7,7,7,0,224,73.60653922
11,7,6,1,235,26.59081013
18,3,10,0,229,95.30127153
8,7,7,1,228,70.98284019
13,3,8,1,220,11.07899193
11,2,7,1,226,78.74402936
3,7,9,0,222,40.91394048
0,2,11,1,221,83.5146909
14,3,5,2,219,81.54946614
23,6,12,1,231,28.40191172
0,7,5,2,235,14.50810729
22,7,11,0,213,37.30387829
17,2,4,1,221,79.11402136
8,7,9,0,224,42.57383939
0,1,9,2,233,56.53764737
12,3,3,1,229,52.7139573
7,5,12,1,221,20.51885978
22,6,11,1,219,61.88359749
2,4,6,1,225,74.03025053
1,4,8,0,233,40.60996439
16,7,5,2,222,20.24083837
13,5,8,2,222,59.36792642
5,1,4,2,228,93.56130909
14,1,1,2,230,73.91460782
6,2,5,2,216,41.39228275
5,3,1,2,227,60.43171212
22,3,10,1,229,57.589229
1,5,4,2,237,49.43552159
19,4,9,2,229,23.52108456
1,4,3,0,224,49.76678327
23,6,6,0,228,38.72465443
14,2,3,2,229,16.228754
8,7,6,1,226,36.57530025
22,4,12,0,231,70.53754267
17,3,3,1,225,43.61494508
19,3,2,2,232,63.82896338
11,3,12,2,220,52.11464826
1,7,3,1,231,75.73877906
9,7,4,1,232,11.13314146
8,1,8,2,224,52.68094098
17,5,1,2,216,80.24666441
5,3,9,1,232,24.65079306
15,2,9,2,217,27.59773964
9,7,8,0,228,79.63753942
1,5,2,2,232,29.35476524
13,4,4,2,221,39.70865421
2,1,10,0,226,67.3653789
7,3,6,1,211,40.08457909
0,2,1,2,219,35.34416673
4,6,6,2,229,71.52074783
8,1,6,1,235,45.25780591
13,3,10,1,224,21.89633436
14,4,12,1,222,60.6656458
23,4,3,2,232,76.22902667
22,7,2,0,218,49.37636274
23,3,7,1,224,19.19764817
17,5,6,2,227,32.53695055
14,3,9,2,233,78.62787717
16,4,2,1,216,88.02569354
8,4,4,2,233,86.35977992
23,1,11,0,218,35.77928747
8,7,10,1,223,13.16845107
18,5,1,2,218,98.72154047
0,2,6,1,216,52.76851825
19,3,3,2,218,22.01018196
9,1,11,2,237,35.13157725
18,3,6,2,236,90.19653811
21,7,10,1,221,70.04239383
16,4,6,2,226,36.24854129
7,2,5,1,218,19.35558866
8,6,9,0,231,27.91129523
1,4,9,0,214,63.04899858
20,1,3,1,218,94.59308792
2,3,3,0,224,65.55187301
21,3,12,1,219,45.92831425
21,4,8,1,222,78.43964229
2,4,6,2,223,26.45225888
15,4,8,2,222,39.80548572
12,1,10,0,231,74.342566
3,5,9,0,217,87.5880889
13,2,11,0,216,33.52996014
23,7,4,2,235,20.47909352
5,1,10,1,221,55.07789376
3,3,8,2,225,30.96265837
13,6,8,2,217,75.48152824
20,2,12,1,230,11.21364247
8,4,5,2,225,61.41767625
6,4,3,0,216,30.04225462
2,6,3,0,220,17.23433478
19,3,7,2,222,79.45830678
15,7,9,1,233,33.85008619
1,5,7,1,235,88.88416557
4,5,5,1,218,99.97491156
23,7,7,1,226,87.87884114
14,3,2,0,216,84.7177258
7,7,4,0,218,78.68794551
2,2,4,1,214,78.23321295
21,5,8,1,222,33.4828829
0,7,12,2,232,55.15545117
19,2,1,2,232,78.951497
1,5,2,0,227,37.88640421
10,1,3,1,225,63.7873478
7,6,3,2,218,39.21733068
17,5,2,1,234,83.17253542
0,7,7,0,233,27.11356279
23,5,11,1,224,15.96913288
17,2,10,2,223,39.31837663
17,7,9,2,220,47.60081246
10,6,1,0,220,25.613219
14,3,3,1,230,97.5739945
14,5,11,0,224,42.84981245
22,5,5,1,223,80.21828825
11,3,1,1,237,22.66714763
21,1,7,2,235,87.13265055
4,4,10,1,221,28.10101258
10,3,4,1,219,62.5647081
9,4,5,2,225,40.3587055
1,4,4,0,232,85.54354223
20,1,11,0,222,27.61381718
10,1,10,2,222,52.97307802
21,4,4,2,216,65.56952824
16,4,1,1,221,33.85830646
19,2,8,1,216,10.78699784
12,5,8,2,221,30.63435314
18,5,9,0,232,12.32412458
9,6,3,2,228,74.39342183
14,2,7,0,219,16.71708694
17,5,1,1,226,10.53428603
3,3,1,1,227,44.59667276
14,2,10,0,233,64.36317819
23,7,7,1,229,32.7182157
3,1,11,1,230,39.98179341
11,7,10,2,218,10.84353189
2,7,8,0,232,13.96407303
6,5,11,2,239,22.73255222
21,5,6,2,227,13.04986671
20,2,11,0,214,20.50594826
4,5,4,2,215,65.03802876
2,4,12,1,213,80.11389925
8,2,10,2,235,22.41238911
15,7,3,2,239,62.83691199
10,4,10,2,214,43.91323588
6,1,8,2,227,99.89585705
4,5,9,2,219,91.91780904
5,7,1,2,234,66.89361256
7,7,5,2,232,47.69738198
9,7,8,1,230,38.35027892
14,6,11,1,226,18.12964211
2,7,3,2,229,96.51493739
22,6,7,0,225,49.66406731
4,1,12,1,212,98.63736109
18,3,1,2,239,10.02706521
18,7,11,2,231,48.66868281
21,2,1,2,234,90.51597745
18,3,5,1,214,48.85832802
11,3,8,2,226,58.85167449
8,4,12,1,233,57.07252242
3,7,2,2,230,53.99251346
17,4,12,1,220,36.71246149
3,6,6,1,230,86.73843781
0,5,4,1,226,29.2206888
9,4,4,1,217,91.1719659
8,2,8,2,221,33.84961724
1,2,10,1,216,98.2342633
0,7,9,1,219,18.04380216
17,3,12,1,235,34.84185278
8,4,10,0,220,37.67317095
10,2,8,2,230,29.35637742
0,4,8,1,219,88.94905947
17,3,12,0,220,88.00382645
10,3,7,2,216,59.17159576
0,7,12,1,225,98.28088158
7,3,3,2,227,77.96611624
6,5,8,0,212,77.764754
21,5,4,2,221,90.92410053
9,3,8,0,223,37.86223041
9,6,4,0,222,49.69711451
22,2,10,2,234,41.85027858
7,4,4,2,221,40.72091128
13,6,1,2,225,72.61748758
11,5,2,2,226,21.41751967
12,5,3,1,219,94.42353194
3,7,3,2,223,60.47389519
7,7,9,2,219,87.00129842
10,2,8,0,228,34.90285746
9,1,10,0,226,42.95958329
0,6,9,0,231,51.3662826
6,7,11,0,224,18.03122105
13,6,5,1,215,82.6895228
16,3,1,1,232,30.1997725
16,3,2,2,226,23.38699593
8,7,10,1,225,99.30477
20,6,4,1,219,17.63457801
2,1,3,2,216,16.72411781
1,2,11,1,222,34.41212471
1,2,5,1,223,86.55709038
15,6,1,2,229,24.41361108
8,4,10,1,229,70.7431334
22,3,10,0,230,25.58443455
18,4,6,2,218,85.50306838
14,2,10,2,216,31.40448884
5,5,6,2,227,81.92361007
21,1,12,0,226,45.97802343
6,1,8,1,215,72.29662351
2,5,8,2,215,48.35345453
23,6,7,1,225,81.97351022
12,3,1,2,217,79.12325486
22,5,6,1,219,90.92449
17,3,10,1,224,15.44956813
5,7,8,2,226,80.07612668
5,4,10,2,230,69.91645836
13,6,10,2,218,26.7294942
7,6,7,1,228,33.9615951
8,5,11,2,233,64.77111606
18,6,9,1,232,75.82228138
22,5,1,2,223,67.11271478
6,1,12,2,231,86.08295904
1,4,10,0,219,14.10741973
8,4,4,1,215,39.09760015
2,7,4,1,230,44.50692162
4,2,1,0,236,84.04906743
1,5,9,2,225,34.88798784
5,2,8,2,237,88.28833574
17,4,11,1,218,66.61428359
6,7,6,1,219,44.56748905
19,3,5,0,237,86.28615636
10,4,6,2,230,36.27756717
15,2,11,1,227,77.98229812
13,7,12,2,228,29.36761078
1,3,8,0,225,81.37868625
4,5,11,2,230,52.626747
14,4,2,2,218,76.54867067
3,2,6,2,228,64.05898791
15,4,10,0,237,57.46362067
17,5,11,1,219,81.27800901
3,2,4,2,231,79.83517327
7,2,9,2,237,60.37360206
13,2,2,0,227,36.89257
16,1,6,2,217,17.70278482
22,4,2,2,226,76.47484344
22,2,4,0,211,11.20596177
18,3,8,0,234,26.52392702
0,2,10,1,229,68.80560068
5,4,10,1,218,81.12105656
14,5,8,1,230,57.76925155
6,1,5,2,231,10.87785442
23,6,8,2,239,14.72691442
8,6,8,2,230,18.36023736
8,1,6,1,230,82.98114976
6,4,4,1,230,92.78167469
16,7,10,2,231,43.18482928
3,3,5,1,227,56.97656518
20,1,12,1,226,86.05946429
21,4,5,1,229,46.48756203
22,4,12,1,228,96.21135577
15,5,4,0,236,40.38058772
13,4,11,1,224,97.92001575
11,1,8,0,214,74.24466131
16,5,8,2,214,22.74046034
10,1,4,2,229,21.61979106
11,3,2,0,227,39.02460559
17,5,10,1,230,69.18617113
19,6,8,0,227,83.9636444
23,4,6,1,231,61.45152142
6,5,4,1,228,52.02366993
17,6,3,0,219,80.71087409
21,2,12,2,216,56.78788636
18,5,9,1,234,67.16115835
0,4,3,1,230,58.37490585
10,1,5,1,216,91.54635788
15,4,11,2,232,31.67728928
4,6,6,2,219,39.89974298
22,4,1,0,235,21.46828544
14,2,5,2,236,84.8452609
9,3,10,1,219,64.92386453
22,3,9,1,232,56.70571774
5,4,8,0,229,64.79602021
10,3,5,2,231,17.95170809
0,6,9,1,229,29.8854246
15,4,6,0,224,19.75606013
12,4,7,2,220,31.87782049
1,3,3,0,226,92.79921494
20,3,4,1,221,11.01674999
21,1,3,2,223,90.03420083
15,1,9,1,218,83.0932211
0,7,7,2,229,95.60914002
17,6,11,1,223,92.75291334
8,7,3,1,229,25.94647922
12,3,9,1,226,86.2471105
5,2,3,1,234,14.8006392
8,7,2,0,219,95.20995517
16,2,11,0,231,55.62689576
5,2,2,1,217,46.38479216
3,4,8,0,218,61.52580217
14,4,12,2,221,66.00331861
5,7,3,0,223,32.15784701
6,3,5,1,218,59.91003962
18,3,1,2,226,58.8653567
20,4,5,1,229,78.15144782
0,1,8,1,220,41.15938113
17,7,6,0,219,59.9483879
6,1,6,0,226,28.06333032
10,6,4,1,239,21.53804181
15,1,12,2,227,44.62153383
7,5,7,1,237,97.09580335
6,1,5,0,223,72.02123084
17,7,8,1,221,64.72891584
9,1,5,2,222,71.3851344
22,6,4,2,235,50.11972324
19,2,5,1,223,61.13619978
3,1,3,0,224,63.29414342
3,3,6,1,225,58.6894444
6,2,7,0,218,52.10780009
1,5,6,0,221,77.39164741
9,6,9,1,235,75.3861703
2,1,6,1,217,76.20774091
21,4,8,2,218,57.20311452
16,3,10,2,233,84.38249747
12,2,5,1,217,24.43586124
7,7,1,0,212,56.60326257
3,4,1,1,220,26.69389349
1,4,6,1,236,49.09848877
12,6,4,0,232,43.47687818
3,4,1,1,232,66.57835301
0,6,4,0,236,77.68508087
4,7,4,2,235,81.41511
16,2,4,2,231,17.20508396
23,5,1,1,235,42.00408348
2,7,6,0,215,78.5451171
1,1,6,0,228,97.64852617
9,1,10,1,221,56.08957409
14,6,4,0,233,74.95407688
8,3,9,1,218,78.7706922
22,2,6,1,223,20.13611943
7,2,8,2,221,66.98371225
14,1,4,2,234,50.86499108
12,4,7,0,223,49.66085532
0,1,4,2,222,13.95395199
18,2,11,0,222,76.6087438
9,4,5,2,217,82.05083922
23,2,2,0,230,28.33930076
9,4,9,2,224,84.91139749
10,1,11,2,231,96.11250002
4,7,10,1,228,14.56891412
19,6,7,2,219,49.10041435
1,3,5,2,232,92.9277801
1,1,5,0,227,84.66835246
20,5,12,2,237,72.54737999
7,6,4,0,226,34.61315151
3,4,4,1,229,11.76734661
10,6,7,2,216,87.03020366
19,7,3,2,229,72.40807563
14,4,1,1,224,73.91875546
8,7,5,1,221,44.0617964
3,2,5,1,233,60.46643181
18,1,9,0,223,46.06460075
15,5,10,1,232,24.39416027
17,2,11,1,228,73.43530553
20,5,6,2,232,35.72464586
1,5,4,2,230,75.32353016
22,2,10,2,225,40.13479907
2,4,2,1,231,76.61830284
13,7,6,2,218,31.79724456
6,6,7,2,234,48.68806141
23,2,11,1,216,38.59764822
0,2,6,0,226,77.49031437
22,2,11,2,224,97.19887564
22,2,8,0,225,66.38650282
1,1,12,0,219,53.78455842
20,5,11,2,219,23.49856608
6,1,5,1,218,67.50693042
21,1,2,2,223,45.01334098
23,7,8,1,230,63.28076271
6,4,7,2,223,14.31836066
19,3,3,2,232,36.99087037
13,6,10,0,231,94.85817967
16,2,7,0,220,60.70367704
19,5,5,0,215,76.17158959
6,5,10,0,221,48.42881372
3,4,10,2,224,84.08312039
14,7,3,1,223,82.8527707
0,6,1,0,227,26.12993339
13,2,11,2,220,52.04360452
15,4,7,1,218,77.12197538
5,5,8,1,232,40.95228916
17,1,9,1,230,57.55905653
8,3,5,1,212,12.4946365
11,7,8,0,230,95.5928858
11,2,8,2,219,12.30031576
15,5,5,0,227,97.56117463
6,3,6,1,232,12.42873438
5,2,10,1,231,87.33169775
23,7,12,2,228,74.55023933
4,6,7,1,224,34.75022924
7,6,7,2,232,47.80371489
2,7,4,0,219,94.43626784
23,7,9,1,215,90.14275614
18,7,3,1,220,20.64193402
5,7,4,1,232,92.13652382
20,2,8,2,226,58.09788356
16,5,7,2,218,61.86229646
14,6,6,2,222,61.6466234
15,4,5,2,223,10.38683755
16,5,7,2,219,65.39126237
22,6,11,2,226,10.08443835
3,5,5,1,230,96.83509613
12,5,5,2,229,98.90555844
1,7,12,1,226,34.48042833
1,5,9,1,233,55.80254957
11,6,2,1,223,19.24564411
9,1,7,0,221,73.83544198
21,5,3,0,225,43.74278691
7,7,12,0,224,94.28115603
0,4,2,0,231,27.1692036
1,2,3,1,224,46.28387317
15,6,7,2,224,93.00194471
21,1,12,1,224,25.96182552
21,4,5,0,230,39.52633528
20,3,6,1,213,21.76466676
4,2,12,2,214,52.98572939
22,5,2,2,219,58.79336429
18,7,12,1,232,13.74644696
9,5,4,2,227,38.43835321
17,2,12,1,223,52.90600621
19,2,8,2,212,39.95629516
12,1,1,2,227,47.07620793
1,7,10,0,222,21.33840476
7,4,9,0,217,60.10546829
3,3,7,1,228,66.58986559
10,3,5,1,216,52.80438315
5,7,5,1,218,19.0013428
14,7,10,0,225,98.69275892
1,4,7,2,230,91.23791698
22,4,5,0,227,28.75371905
11,2,6,2,225,97.36385783
15,4,8,1,221,15.42205862
5,3,5,1,236,82.39108574
15,5,3,2,219,44.19218848
14,4,6,2,229,56.98226927
7,2,3,2,229,57.4184047
18,7,1,1,226,73.15114871
13,7,11,0,229,43.4103859
18,4,5,2,238,80.33602776
0,4,6,2,226,32.27715488
14,3,5,1,228,44.78420195
12,7,7,1,232,89.00111949
13,2,2,0,234,18.37357084
20,6,11,0,227,11.25832986
14,6,12,2,225,22.14271003
21,1,2,2,234,44.22565517
10,3,12,1,233,51.10229118
5,6,11,2,217,42.64799607
5,5,3,0,233,93.28808474
8,7,11,2,227,46.34662465
22,4,3,2,221,12.11496638
17,5,7,0,218,69.86483818
0,4,12,1,232,50.68473566
1,1,2,0,231,72.81698386
11,2,5,2,234,21.77001044
7,2,12,2,221,73.02995706
5,5,1,2,230,21.42793259
5,4,1,1,234,97.35792511
20,7,11,1,216,25.9241196
19,1,6,0,216,29.6647861
2,2,8,2,220,28.76506738
3,6,5,0,235,45.36705823
11,2,12,2,225,73.35475141
19,5,12,0,226,91.07258164
0,6,11,2,216,15.65718741
13,4,3,1,234,90.93661171
11,7,6,1,221,12.80484976
14,1,4,1,223,53.15370856
1,2,6,0,223,12.26169771
15,7,5,2,238,30.00023008
12,5,6,1,236,82.7652878
16,6,2,0,224,82.81066592
19,2,11,0,236,86.28677831
2,3,5,1,219,58.94157215
22,1,1,0,221,90.251392
0,4,3,1,215,73.44649391
5,6,4,2,224,98.35462457
0,3,6,1,236,92.26796279
10,7,2,0,230,62.43043274
22,1,6,1,221,37.11258876
5,4,6,2,233,52.78462006
13,5,1,0,219,74.52507058
22,5,10,0,223,89.85322314
8,7,9,0,217,58.28147766
20,3,5,1,225,89.52212243
18,6,6,1,222,73.68390929
2,7,7,1,214,36.206381
22,7,1,1,217,60.05753134
5,4,1,2,223,25.00311601
11,7,1,0,232,55.74248934
19,3,2,1,213,93.80932053
23,4,7,0,214,40.56156598
1,5,10,1,216,57.55540823
3,6,12,0,232,56.36250362
10,6,4,1,238,41.67733569
15,7,5,2,219,68.59417738
16,6,4,2,229,53.4315432
19,6,1,2,238,39.18631139
19,7,10,2,224,78.07618673
6,7,10,2,222,72.74480859
5,7,4,0,237,59.34838633
6,1,3,1,219,95.00900751
13,7,5,1,213,23.82936754
7,5,6,2,230,54.51948846
20,4,1,2,230,88.3532833
3,3,10,1,227,63.73465277
10,5,12,1,219,15.26215382
3,2,7,2,231,99.82912722
20,4,3,2,231,77.78329742
15,3,7,0,226,54.10442181
12,1,7,1,219,77.59575798
12,7,12,2,232,38.24478572
23,1,1,1,227,87.71375605
5,1,9,1,235,94.16276691
20,7,10,1,223,39.98766597
3,7,12,1,225,13.47504155
12,1,8,2,218,52.73609303
9,2,12,0,216,93.2865828
16,4,8,2,234,68.93498214
11,7,7,1,226,70.30042322
18,7,3,0,221,60.50047755
18,7,5,1,226,19.91843077
0,6,8,2,220,43.21436124
18,1,3,1,227,31.08642441
23,6,7,0,215,28.66343904
7,7,11,0,223,97.14836469
21,7,9,1,234,56.89250507
8,7,5,1,225,94.17326859
14,1,2,0,217,52.54555775
9,3,5,0,235,79.00325364
21,3,1,0,218,24.49864097
21,6,3,2,221,39.0010309
18,6,6,0,218,93.58042595
23,2,10,0,235,83.20650776
3,1,9,1,222,71.60986244
1,2,8,1,227,30.51857991
5,5,10,0,216,87.81849721
13,4,9,0,230,89.4470154
12,2,11,0,230,80.21254474
8,7,1,0,219,33.12854018
8,7,5,2,220,90.74768203
22,4,10,1,231,40.55444325
20,6,10,1,232,18.69080343
23,5,5,1,225,57.18913843
8,4,10,2,230,58.50279458
0,3,7,1,230,61.30292123
3,5,8,1,220,13.10112687
9,6,6,2,214,97.86672575
1,5,4,1,237,25.05412826
8,2,1,2,226,49.28097009
18,6,6,2,228,23.22529113
3,6,8,1,219,74.51376662
13,1,11,0,221,26.99294853
19,5,11,1,230,73.82891442
16,4,5,2,220,33.50006724
17,3,5,1,234,37.587953
9,2,3,1,219,18.9424028
13,6,6,1,229,76.27020215
14,2,9,0,224,66.12986487
10,6,3,1,236,93.20707693
15,1,9,2,221,38.07439315
15,3,5,2,227,52.37256664
18,7,5,1,217,58.75897716
15,7,7,1,220,37.78441836
13,2,5,1,221,98.23687521
1,7,4,1,230,81.26738838
14,7,5,1,225,26.37943057
18,5,1,1,228,19.80059677
16,4,4,0,217,89.700963
11,7,8,0,229,95.08300618
16,3,9,1,225,15.03096209
9,7,2,2,230,41.42033102
17,6,12,2,229,16.41403752
17,1,9,2,227,23.71831158
8,3,6,1,215,43.2180212
2,1,5,2,222,52.29914013
18,1,12,2,220,43.65030644
2,2,8,1,220,94.62428419
7,6,10,1,217,74.11342952
1,6,2,2,223,15.63742065
14,7,7,2,218,45.70500052
11,5,12,2,232,83.19831254
6,1,1,0,220,38.60348485
10,1,11,2,229,88.67032764
13,4,2,2,225,78.69215404
9,1,4,1,229,45.12273886
18,7,9,2,232,33.48899973
14,1,5,1,230,31.89533523
22,3,4,1,219,54.43334337
17,4,6,1,224,16.18397611
9,5,5,1,236,21.06290387
20,2,3,0,231,68.92144535
9,6,1,0,235,12.607886
0,5,6,0,220,97.12435703
0,7,5,1,228,64.07895835
6,2,8,2,233,26.59797481
3,2,3,1,231,20.96710667
10,5,4,2,232,36.88376189
6,1,1,1,219,71.03552698
7,2,11,1,220,66.57350524
21,4,1,2,225,21.0780573
10,7,9,1,231,88.46292914
16,3,10,0,232,40.6141333
10,4,6,2,226,39.7426416
15,7,10,0,217,81.67521906
16,6,9,0,222,95.82893923
16,6,9,2,220,52.07596713
3,4,9,1,223,84.34709354
20,7,7,1,224,10.25268843
10,3,2,1,230,74.41234487
19,5,8,1,234,23.86115157
20,5,10,0,220,51.49392725
4,2,5,0,214,50.42726604
5,4,1,1,226,50.80179981
1,3,8,0,232,36.53979818
22,2,3,0,232,85.49728646
21,3,6,0,236,23.62005712
20,4,8,2,223,10.93898413
3,5,3,1,228,35.62114082
18,3,1,1,222,79.55194771
21,6,7,2,214,49.80766792
21,7,8,2,222,34.33181854
18,7,1,1,222,18.60347301
4,5,9,2,233,15.58454352
4,3,9,2,237,47.01503593
14,7,1,1,225,67.01008353
1,4,8,1,232,23.80154394
8,2,7,0,223,39.96846256
2,6,8,1,220,51.68714092
1,1,7,1,217,43.43442686
15,2,4,2,232,37.25002024
15,3,11,2,216,55.92248009
20,2,10,1,216,48.35296043
7,4,6,1,223,92.60610415
8,3,4,1,215,53.88822466
4,6,6,2,233,75.05982465
23,4,10,1,227,52.91155441
15,6,7,1,223,69.01985521
23,4,7,1,217,51.75307866
23,6,5,2,235,49.42817866
23,7,9,0,218,84.10077295
3,6,7,1,225,30.74863552
11,6,9,0,215,33.78144065
7,5,9,1,238,20.70403645
16,2,7,2,229,68.55945262
11,4,7,2,233,18.05248082
7,3,8,2,231,96.65540282
12,4,8,0,223,22.31498491
6,6,8,1,222,65.33474704
1,1,10,2,213,38.7175906
19,5,8,1,220,32.27828952
2,4,10,0,235,17.50059566
9,7,4,0,225,51.51444233
2,3,3,0,235,60.82026744
13,5,5,0,230,70.09667799
1,4,8,2,226,36.58609036
5,6,5,1,227,16.91958074
9,2,7,2,215,44.99792936
20,4,2,1,227,43.56711515
2,2,3,0,230,57.30502614
9,3,7,2,231,15.1908225
23,4,4,0,225,90.92840346
0,4,1,2,231,54.1769241
13,3,7,1,235,52.66009007
14,6,2,0,228,11.18158967
2,2,3,1,234,91.21617682
0,5,3,1,237,64.82707479
12,5,12,2,225,90.00424212
9,1,10,1,231,15.09310862
12,1,8,0,227,45.70501592
9,3,5,2,219,75.45895752
23,4,7,2,230,93.28041297
2,6,3,0,225,32.59231316
10,1,3,1,226,78.66476654
18,3,4,1,229,61.96952468
16,4,1,0,223,91.80332259
20,7,7,2,230,18.55575688
19,4,12,1,228,56.59054676
11,1,12,1,218,99.59554953
20,3,10,1,232,15.37969925
7,1,11,1,221,91.42331522
6,1,5,0,238,88.05792031
17,4,5,2,223,97.24564608
0,6,5,0,233,82.38296766
3,2,3,1,217,31.61603103
6,2,1,2,225,45.2594131
12,6,9,1,230,80.72703282
19,6,9,2,234,12.54028316
10,7,4,1,229,40.59865432
18,4,3,0,229,88.64865297
14,6,12,0,214,33.75626144
5,1,6,1,217,94.00064856
12,7,10,2,222,79.93726362
23,7,9,0,239,45.05340229
14,7,2,2,227,48.26195967
4,5,12,2,225,33.88610899
16,3,10,1,225,78.81914818
7,4,9,2,214,65.47938705
4,5,6,1,237,61.80723811
17,1,11,2,226,43.95042485
18,7,5,1,231,51.0924
18,3,2,1,225,87.74654102
16,7,6,2,215,43.68436599
20,7,11,2,238,61.87766141
16,2,4,0,225,45.21262543
20,2,5,2,227,44.12931648
9,6,12,2,229,97.070795
17,2,2,1,231,76.4669686
18,1,3,2,230,61.32448396
3,1,7,0,220,34.25282549
5,6,12,1,216,47.19811858
23,7,6,2,230,38.84007013
10,6,1,2,228,41.3830018
4,6,10,2,237,99.96088025
0,5,7,1,224,46.74419267
5,2,11,2,216,32.35384393
11,2,2,2,226,11.97618485
12,1,3,0,234,67.18559693
19,6,10,0,216,37.27246768
3,3,1,1,230,93.65289847
2,2,3,1,231,68.21266122
12,2,9,2,229,34.27554163
15,4,5,0,223,13.68325261
13,3,3,2,223,46.00081235
5,4,7,2,234,83.75789992
21,4,3,0,225,13.77577214
1,4,9,2,231,85.53635095
12,1,3,1,233,55.00845648
14,3,4,0,234,90.12053978
17,6,10,2,228,12.24425045
21,3,5,1,222,40.79896867
14,2,1,2,225,52.73683249
14,7,6,1,227,72.07008309
6,1,11,0,223,61.92815193
9,7,9,1,232,80.46488032
8,3,10,0,226,40.70031124
15,3,3,1,215,65.31716464
4,3,7,1,221,80.39867255
2,1,5,0,229,71.1771666
22,7,6,1,227,22.37374742
3,1,3,2,232,85.47277323
18,4,5,0,230,97.6621883
11,7,6,1,219,48.53512655
11,6,9,2,226,69.651532
6,4,5,1,233,89.75697727
1,4,7,1,232,29.97185138
20,1,9,2,221,89.59805175
7,1,5,2,230,69.28266227
5,6,11,1,216,99.47379975
11,3,2,1,215,90.86812797
14,2,3,0,224,50.44578414
19,3,11,0,231,15.62649708
14,6,8,1,229,33.0575384
12,7,3,1,216,29.39676766
16,3,10,1,221,17.67888258
22,5,7,1,219,69.81332293
3,3,9,0,214,91.44436164
13,1,3,0,230,50.36251615
5,2,1,1,229,72.14224885
6,7,7,0,219,87.50518749
12,5,3,2,217,96.20338862
5,1,1,2,225,85.03089487
22,1,12,1,221,71.69226428
9,4,3,0,219,68.98238432
8,1,5,2,228,45.24834383
19,3,10,2,222,53.2594498
11,3,3,0,231,15.13171401
13,2,6,0,235,53.77143857
19,6,10,2,219,74.12828366
4,5,6,1,232,61.08202493
3,7,12,1,226,22.57583005
9,6,4,0,231,21.05312883
10,7,12,1,217,93.61600502
6,5,7,2,228,45.06854518
6,1,3,1,219,66.98588168
17,3,12,0,234,25.14034839
12,2,7,0,215,57.00211395
8,7,6,2,233,86.8173591
7,6,10,1,228,96.93172727
1,1,3,2,238,18.02742446
16,7,7,2,233,67.08139067
23,2,1,0,219,57.12833653
19,3,9,0,218,12.87980704
17,5,1,0,229,41.78489605
18,7,11,0,230,11.8657866
21,7,7,0,227,41.66417665
11,1,1,0,222,92.54694638
7,6,9,1,216,52.76029713
1,7,11,1,228,22.63719116
19,6,6,1,220,37.68730502
17,1,7,2,234,54.74263309
9,5,6,2,226,15.18549417
19,6,1,2,232,68.13458632
12,5,10,2,233,27.11153863
3,2,6,0,233,71.72438312
12,6,2,2,220,62.84308175
0,2,1,1,232,79.38667259
6,5,11,1,224,17.93077232
13,3,12,1,229,80.14729618
16,7,1,2,215,37.28424832
1,4,8,2,231,45.36675424
18,6,8,1,215,62.50444483
15,4,6,0,220,37.95010631
2,3,7,0,232,97.82748011
17,2,10,1,213,14.74569771
6,1,8,1,226,97.95197279
17,4,7,0,218,37.6516909
23,1,2,2,218,97.69357868
22,5,2,2,221,53.80826426
23,5,12,1,223,99.96871679
13,4,11,1,237,31.75616651
5,3,4,0,228,58.8876692
8,6,1,1,227,87.12340232
17,5,7,0,221,94.62642888
19,5,8,1,220,42.12262267
7,7,10,2,228,48.55531974
1,4,8,0,218,32.59322281
20,4,8,1,216,79.23747212
1,2,9,1,233,91.22415266
16,3,10,1,222,24.88414668
10,1,4,0,221,53.63948737
19,2,4,1,230,45.56783622
23,4,12,2,228,28.67965162
15,2,9,1,223,27.11188981
17,6,6,0,218,51.81155401
14,2,1,0,231,46.84923195
23,3,2,1,222,87.46022002
16,4,8,2,237,11.95753287
9,1,11,1,217,32.72689166
1,3,2,1,223,59.89140373
15,6,2,1,226,90.88646631
16,4,9,1,231,57.19043339
22,1,1,0,232,21.58386513
4,3,10,1,219,56.50194792
9,3,11,1,224,82.56125683
13,5,3,2,225,50.68984274
9,3,5,2,226,54.6218952
11,1,8,2,219,61.44414443
7,3,8,1,220,51.8875126
14,6,2,0,221,29.85102308
3,7,10,2,223,67.93323133
5,3,5,1,223,76.66356766
9,5,9,1,225,31.58123438
8,6,3,1,239,37.25966027
1,6,12,1,223,98.09469694
22,5,11,0,227,78.55914602
5,5,5,1,223,89.60899204
16,4,2,0,230,48.26184235
14,4,11,2,220,37.45969896
3,5,9,2,226,27.59390067
18,3,1,0,230,49.07655178
13,3,12,1,222,16.73965863
0,3,5,1,234,77.67985501
0,1,7,2,235,43.10683856
16,3,8,1,231,58.1715634
11,7,2,1,233,43.84248542
20,2,3,2,225,93.36975825
4,6,12,1,233,22.98278354
5,3,10,2,236,72.94862969
23,4,12,2,230,33.72747544
4,2,7,0,229,15.3453873
4,4,9,2,224,66.75170508
21,7,5,2,231,14.49316753
0,2,4,0,219,85.6740958
20,6,5,2,218,57.86634863
20,2,12,1,235,18.9182907
2,6,2,1,218,35.03333755
13,7,7,0,230,60.74033794
9,3,5,2,220,51.97782007
9,2,11,0,216,27.09345874
16,4,9,0,228,85.71517446
4,6,9,2,219,92.73613973
22,5,1,1,222,62.73689311
18,6,1,2,230,76.53399378
21,7,3,2,224,86.15446095
7,2,8,1,222,94.44673901
9,4,6,1,233,80.26385944
19,5,3,2,225,18.97841113
2,2,10,0,216,97.13575158
5,1,5,2,217,89.24236133
21,2,8,0,224,54.54150118
9,4,7,2,225,61.16395591
1,4,1,2,215,33.48401691
0,2,1,1,225,58.75701888
1,3,3,0,221,78.30659143
12,6,12,1,234,36.53275346
4,5,10,1,232,39.25596078
16,2,9,2,225,23.98541244
13,5,7,1,218,50.58306272
1,2,6,0,235,89.9691483
8,6,10,1,220,75.24661372
14,5,9,2,221,13.87183195
19,4,4,2,225,59.52553368
11,5,2,2,226,73.50228777
8,5,9,0,229,40.06111932
13,7,1,1,221,29.24109657
19,1,10,0,226,23.53180594
8,7,3,1,220,56.76476555
21,4,3,0,229,63.93574174
9,1,4,1,220,19.17968489
1,7,10,2,216,23.38532372
8,2,5,2,225,48.13387935
13,1,9,1,232,69.38394772
5,2,5,2,237,19.96602814
5,5,7,2,214,40.64570481
6,6,10,2,224,42.18170007
15,6,12,2,229,90.22004691
12,3,10,2,220,95.49870742
21,2,5,2,221,14.91057162
13,2,11,0,223,18.5405238
9,1,5,2,215,15.91491733
20,2,1,0,217,68.94815089
3,2,8,1,225,20.8631292
5,4,11,0,222,24.30178124
0,2,6,0,222,56.02031238
3,5,10,1,219,38.30880073
8,6,2,1,234,23.33908128
14,7,1,2,218,34.96322523
20,7,2,0,230,27.28822816
13,4,10,1,229,11.9273828
11,4,11,2,214,57.67671602
3,7,6,1,220,37.77502422
18,5,5,0,215,85.78864937
11,4,5,1,219,14.41553623
12,4,6,2,219,86.70759605
6,6,4,2,220,96.27083674
16,1,3,0,232,49.15493648
0,1,11,0,217,49.26394862
14,3,9,1,214,55.99910432
10,6,11,2,229,25.24292411
10,2,6,1,236,39.10401868
20,3,6,1,229,38.86314061
1,6,7,2,222,19.12602726
14,2,6,1,222,59.3985589
2,3,7,1,220,72.70414711
22,5,6,1,229,95.93175221
7,1,2,1,220,50.39289575
6,7,9,1,222,86.41116998
1,1,3,1,236,87.0322656
15,1,11,1,230,22.47490924
15,7,9,0,234,91.48931297
3,5,8,2,216,59.90920111
21,5,6,2,212,76.55582579
3,6,8,0,214,32.0522348
5,4,9,1,221,82.58483592
8,5,12,1,219,40.94645397
22,3,3,2,223,51.72633827
13,3,12,1,235,38.84098908
18,7,2,1,227,70.79135996
4,6,2,2,239,41.68066903
13,1,1,0,235,94.70208192
3,3,11,0,233,52.82473065
4,4,10,1,218,76.92320698
0,1,7,1,223,63.08339737
1,5,7,1,223,51.58180092
7,6,1,2,232,62.12614688
16,5,2,0,225,75.95917181
12,1,4,0,218,94.973378
6,6,1,1,224,87.01972618
22,1,3,0,226,39.99630627
7,2,8,1,234,40.79838083
1,3,5,0,218,95.74596758
23,5,9,2,230,85.85229233
7,6,2,2,219,72.82182812
10,3,7,2,226,10.70245458
22,6,4,0,214,68.29911934
19,7,11,0,222,50.23087429
6,7,11,1,222,71.67241096
0,1,8,1,218,57.56319558
12,1,3,1,222,13.40167582
3,7,10,0,228,21.65852355
19,6,8,2,229,92.66889221
2,4,8,2,214,82.73727109
15,5,7,1,235,55.46514694
11,5,7,0,231,98.78016259
1,2,1,2,235,31.57301448
17,3,2,2,221,80.80711472
23,2,11,0,223,42.49357521
4,2,10,2,229,44.70872503
18,1,10,0,218,13.49516528
11,5,5,0,228,63.91196786
6,5,6,2,220,86.78213903
15,3,2,2,232,18.10369496
0,7,2,1,230,69.89026819
4,1,3,1,216,46.00089984
13,6,1,0,227,69.40205314
16,2,7,1,223,26.87047978
7,4,2,2,223,79.22435991
6,2,12,0,215,52.21088971
13,2,1,2,234,48.56212696
22,5,2,2,221,66.17018009
8,2,7,2,220,80.83578628
12,7,3,2,233,65.708196
17,1,11,2,237,89.58968655
18,2,5,2,232,81.75189565
4,4,7,2,227,22.24289963
1,6,6,1,231,92.92054768
7,3,1,2,229,26.58137511
6,2,11,1,221,79.64131332
15,1,1,0,219,36.3548126
22,3,10,2,227,19.69275922
11,4,9,1,230,46.16988745
10,2,10,0,232,69.16962828
4,7,12,1,232,56.51706389
3,4,9,1,235,87.91464982
0,5,2,1,221,86.6098928
8,2,2,2,225,61.00680665
12,2,7,0,231,21.13182668
21,4,11,1,228,75.80175336
12,1,11,1,229,39.43816962
12,7,10,0,215,57.44712702
1,2,6,1,216,23.92644615
8,6,9,2,233,64.77454129
23,7,10,1,228,76.7146371
9,1,7,0,222,21.58338437
3,4,1,1,211,45.96199417
1,7,8,1,218,13.24915213
14,6,6,2,220,58.41400561
5,5,6,1,229,86.38451333
21,1,5,1,226,20.80717029
3,5,2,1,215,64.68902265
14,2,9,0,228,81.67217654
7,7,7,2,217,73.77566763
11,5,12,1,228,25.17050052
5,2,5,0,228,93.18860057
0,5,11,2,236,61.0462116
22,3,10,1,227,29.26832944
23,3,8,1,229,66.68846293
12,4,9,1,223,77.28305574
20,3,11,0,233,46.97396313
15,2,11,1,225,96.67686079
4,3,4,1,219,74.76860032
7,5,9,1,224,65.71933133
16,6,6,1,223,38.78468883
22,2,11,1,225,78.35832334
16,7,5,0,225,67.68212395
21,6,7,1,228,52.4398429
16,1,4,2,232,18.05410449
8,6,4,1,228,65.81950732
15,4,3,2,230,30.67147375
14,6,7,1,220,16.8912704
2,4,10,1,218,57.42411047
3,1,10,0,234,62.50183438
17,2,6,2,238,70.32788601
7,7,5,1,224,39.33029348
5,2,5,1,228,15.88310573
7,6,7,2,216,67.78828236
4,2,6,1,230,80.96492945
21,3,3,2,228,71.64310987
11,5,5,1,229,35.61926067
15,1,3,1,234,38.70178717
21,1,6,2,232,94.61431583
11,5,1,0,231,13.34131901
13,2,3,0,218,47.59594865
5,2,6,2,216,97.84803717
20,4,5,1,232,32.12117662
1,6,5,0,220,73.84582755
6,7,8,2,224,96.47549515
3,1,7,1,231,92.56603482
17,4,4,2,230,18.20711388
4,5,5,2,220,49.77864995
12,5,12,2,235,82.84605163
6,5,4,2,221,13.04174989
8,6,4,0,223,73.21805911
21,7,1,1,227,39.22161532
21,3,12,2,225,75.5909292
4,4,2,0,222,24.95135254
4,6,4,2,232,35.63761461
12,3,12,1,225,14.57956353
17,6,4,1,229,74.45621472
0,6,12,0,222,76.95226694
21,3,7,2,234,65.41118204
23,4,10,2,224,18.88737139
2,5,8,2,226,81.55615174
6,1,3,0,227,92.02224657
16,4,10,1,228,43.26284382
17,4,8,2,227,94.31280278
16,6,7,1,220,20.01277823
5,4,10,2,233,89.27886494
7,6,1,0,228,95.54434172
21,7,4,2,229,78.9222346
20,3,11,2,223,40.25187722
11,7,9,1,228,83.91277878
6,1,12,1,221,42.9686762
19,7,8,2,218,42.03258602
4,7,11,1,218,23.34318342
23,2,8,0,227,82.66009967
0,4,6,0,232,14.05450073
17,4,8,1,229,88.92287938
2,3,9,2,221,83.31301041
2,1,6,1,233,88.86938947
20,4,4,1,227,33.67494294
1,1,5,0,217,97.38245347
18,6,6,0,221,84.96750978
7,7,9,2,228,64.49852979
10,7,6,0,222,21.20013877
16,3,5,0,228,85.3554569
16,3,2,1,235,85.13323029
5,5,6,2,214,36.94862941
22,5,6,1,225,42.19967041
23,1,11,2,234,22.45293756
4,5,10,1,221,99.30035731
6,3,2,0,234,96.84277654
7,2,7,2,224,57.63887018
21,4,7,1,230,75.36562342
16,6,6,0,232,36.86497833
22,6,2,0,234,74.22683681
17,3,11,0,218,51.90705728
0,1,2,2,221,24.61193318
3,1,6,2,217,28.50775222
4,7,6,1,238,80.34259882
12,5,9,1,221,36.96722274
5,1,9,0,217,25.44243471
22,1,10,1,230,77.29310374
18,2,8,0,228,11.9888572
1,3,10,2,231,81.49238319
10,3,12,1,216,16.54373546
10,2,1,0,215,98.42911294
8,2,12,1,232,91.19843673
1,5,7,0,222,58.0704481
12,4,7,1,224,67.58937403
7,2,4,0,220,16.52597328
11,2,2,1,227,50.92554572
16,3,8,1,217,27.56530886
4,1,11,2,220,50.52286754
10,6,1,0,228,15.63383269
10,6,6,0,225,98.09135893
4,1,5,1,225,93.15393025
12,2,12,1,218,50.79367665
3,1,11,1,221,85.49500801
4,5,7,1,220,77.7728895
21,6,10,0,218,75.58272207
19,6,11,0,218,43.72836479
13,2,10,0,222,42.87000756
4,2,8,1,221,87.33663992
2,3,7,0,220,60.14538503
16,2,2,2,215,53.64598154
17,6,1,0,225,10.93079199
1,7,3,1,219,85.91723024
8,2,3,1,220,83.87543504
18,3,4,2,222,81.06060346
21,7,7,2,214,35.017848
17,3,1,1,224,70.87715838
0,1,6,0,225,17.75884668
6,6,6,0,228,68.92154484
20,2,6,1,234,13.33537305
4,4,7,0,219,75.37977957
23,6,9,0,233,46.08595948
8,7,3,1,216,63.38891366
8,1,4,1,217,46.31733343
23,1,8,2,224,12.1442236
8,6,12,1,228,44.62188453
16,3,8,1,222,44.45934965
9,1,8,1,228,34.1929131
6,6,9,1,234,59.28909667
3,5,4,2,216,37.10274052
19,3,12,0,230,28.84680771
8,6,1,1,225,26.95551212
21,2,12,2,226,27.0302233
17,3,1,1,227,63.31431725
3,5,8,0,213,36.5680047
0,4,5,2,218,53.8053559
13,5,8,1,231,25.17222357
4,3,9,2,229,94.66815314
1,3,5,0,216,72.33777588
4,6,7,2,235,16.07055208
0,3,4,1,212,87.75969907
22,6,1,2,234,81.06155956
16,5,7,2,221,97.11222335
15,3,10,2,225,93.54224474
6,2,10,0,230,58.83807064
23,7,11,2,221,61.33481857
13,1,11,2,227,20.55351957
10,4,11,1,231,89.14058398
7,6,7,2,229,51.00130373
14,2,4,2,231,57.36656025
12,1,2,2,228,10.39774832
1,3,8,1,228,36.63482885
18,4,1,0,218,32.65459267
12,6,4,1,216,17.79652271
5,3,3,0,227,42.88341519
11,2,1,2,227,17.75150244
3,7,10,1,217,31.95061168
9,5,12,0,235,66.00476457
0,3,10,2,230,40.58767049
11,7,11,2,219,97.84809824
2,1,6,1,220,29.04338374
21,5,9,2,237,14.41008079
1,5,6,2,211,60.26865647
14,3,5,1,236,87.81500378
7,4,4,2,227,58.95558438
5,6,6,0,228,41.44740114
19,5,9,2,237,10.33105332
15,2,2,1,230,88.59166115
4,6,3,1,237,54.56938635
1,6,1,2,232,88.98620713
18,5,7,1,226,34.72531606
8,3,9,1,229,85.05269505
4,5,1,2,228,62.67345908
2,3,9,1,219,37.02429836
10,1,5,2,221,72.18401211
6,6,8,1,225,24.04087077
23,3,4,0,234,96.62430978
10,6,3,1,230,73.23078716
10,3,6,1,215,55.64740046
20,6,12,2,227,48.94545976
18,7,10,0,234,78.69039784
16,7,11,2,218,16.44789584
5,6,1,1,221,24.67837983
13,4,8,1,217,91.38882569
11,4,4,1,223,59.18176349
14,5,8,2,223,18.24655536
5,4,3,2,220,90.30276198
14,6,7,2,224,96.4867906
23,6,4,1,225,66.70268489
5,4,9,1,228,22.22467513
19,4,10,2,221,17.72723903
14,1,1,1,235,67.4250141
21,3,1,1,222,88.01045354
0,5,1,2,238,14.90727169
18,2,2,2,223,96.52629511
10,5,6,2,232,17.39693345
17,2,3,2,230,64.56624554
6,5,2,2,217,53.90468596
20,4,12,2,220,22.93491275
14,1,9,0,221,23.13863904
9,7,7,1,219,94.90147026
9,4,10,0,221,92.75932042
2,5,2,1,221,29.47987486
11,5,11,1,230,54.31673407
11,5,4,1,225,94.87505819
22,2,1,2,217,25.47800944
4,1,1,0,235,42.75232577
21,4,11,2,235,10.25262739
22,7,9,2,222,96.36897502
5,1,6,1,228,24.21081869
5,4,8,2,220,33.395477
16,4,6,1,224,18.72591184
23,2,3,2,230,41.55332327
20,5,6,1,227,15.46065013
18,4,8,1,228,21.23193156
10,5,2,1,226,98.29418583
16,2,2,2,227,81.21767207
20,7,7,0,218,96.80366618
10,3,1,1,222,19.35875591
21,7,1,1,224,30.26763558
12,4,12,1,224,73.95742604
20,7,11,0,228,60.92082425
2,7,7,1,227,98.64258653
20,2,7,0,223,36.93024403
2,7,7,2,225,46.68526878
4,6,12,1,230,80.65889471
15,7,7,1,238,41.03349837
13,4,2,2,226,49.52124319
21,6,5,2,230,14.38266208
21,1,2,0,220,70.3584947
8,4,1,2,223,26.9149844
16,7,8,0,226,96.78733126
0,1,4,2,227,48.70556212
22,5,1,1,221,78.9453466
23,2,9,1,232,34.66577011
8,2,1,2,217,12.346536
23,3,7,0,219,84.68139975
16,5,8,0,218,87.49891182
15,7,6,0,218,52.58540841
23,4,5,2,222,21.66886964
9,5,5,2,238,60.72781739
21,1,10,1,222,74.39374368
10,1,6,1,221,47.55969975
22,5,4,0,224,31.08804906
13,1,8,2,216,78.46549013
18,3,1,0,229,61.98243865
11,4,3,2,229,14.56044766
12,4,9,1,218,93.6633567
16,4,8,1,229,87.99076446
1,7,9,0,230,49.35477126
9,6,4,1,237,23.27413519
8,3,10,1,234,97.94292268
10,4,4,2,233,83.9923023
7,6,11,1,226,44.77747892
20,3,11,2,226,23.15738918
1,2,5,1,238,71.17784905
15,6,1,1,226,26.81541913
11,6,7,2,236,48.58438578
9,7,10,2,224,63.83297777
19,4,12,2,227,81.65677144
15,3,12,1,221,70.86264058
0,5,11,0,222,93.96831344
22,1,4,2,218,94.6645939
12,3,1,1,228,97.65688736
5,7,4,0,218,68.82594416
23,7,5,0,218,91.34177375
5,6,6,1,223,38.91922471
9,2,8,1,230,30.26986926
16,3,11,1,223,56.91781422
2,5,6,0,226,99.45899426
16,7,8,0,217,84.4434121
14,6,7,2,220,14.37556155
1,1,6,1,228,43.93662872
21,4,4,0,220,17.45791917
20,3,9,1,231,30.15429544
8,5,9,1,215,46.23135727
7,1,7,2,224,54.41827015
0,7,3,1,225,15.71331393
3,4,5,1,220,16.48140517
15,4,4,2,234,27.98071376
14,1,9,0,234,74.77456494
12,7,12,1,226,52.63485153
1,4,3,1,235,55.59900038
2,2,7,2,239,29.39555266
18,4,7,0,231,21.52397164
19,2,10,2,218,86.47493815
12,4,5,2,230,96.59530887
13,1,9,0,233,11.55798798
19,5,10,2,228,40.98101358
13,4,10,1,221,78.66859966
8,3,1,2,228,49.28108545
0,1,6,0,224,84.87349653
3,2,8,1,227,17.31187604
1,5,9,0,226,60.1838373
10,7,8,0,221,58.46004648
16,3,3,2,218,73.94090843
8,4,1,2,224,26.67776632
21,6,11,1,237,95.89269105
18,5,4,2,231,51.06731623
14,5,6,1,230,32.93678589
3,5,3,1,234,33.47678262
17,3,4,2,226,67.70860036
21,4,12,2,216,28.23392408
2,7,9,0,229,83.63375941
13,5,8,0,217,84.3960271
3,4,2,1,235,21.69428703
2,2,5,1,221,44.88928571
6,4,8,0,217,68.80633757
17,2,3,2,219,64.24396849
8,1,11,0,232,51.5049407
10,4,9,2,229,64.15348285
19,6,8,2,213,41.96380256
23,2,4,1,234,88.65413767
2,5,5,1,218,18.1864707
3,5,8,2,220,82.65053452
3,2,11,2,230,56.61684684
3,4,11,1,230,98.99745332
22,3,7,1,230,81.62001984
15,3,5,1,220,73.26851633
4,3,1,1,228,89.64299196
9,5,3,2,220,36.53254646
6,5,5,2,222,96.28311736
14,5,10,0,216,22.80049231
3,5,11,0,224,39.26519879
10,3,4,1,228,77.60364805
20,2,12,2,219,69.18729985
8,1,3,1,228,71.15324119
9,3,4,2,237,78.59366142
21,5,2,1,215,32.6501115
13,7,3,2,227,36.32874046
22,3,2,2,230,96.89249651
9,6,9,2,226,33.2079437
14,2,7,0,218,75.88740554
14,3,7,2,220,15.9863022
21,7,3,1,232,27.6996056
6,4,5,1,222,48.58149759
10,6,4,1,233,66.38580682
14,2,9,0,235,48.69143991
16,6,4,2,223,16.53063928
3,2,12,2,222,21.92242615
2,3,11,2,228,20.16358634
22,2,12,1,222,28.89968005
20,2,8,2,216,66.00745117
2,5,11,0,219,87.97570546
19,7,5,1,234,22.17198577
9,3,9,1,219,12.73619049
12,6,11,2,217,15.26468351
10,4,11,1,228,87.29463509
3,5,7,1,230,28.44034568
1,2,5,2,238,60.1720569
20,3,10,1,231,58.13356878
17,5,12,1,228,53.59558107
21,4,5,2,225,50.87819021
7,1,3,1,218,79.80222068
9,4,3,1,231,17.87530889
14,1,7,0,216,33.71096914
20,7,10,1,231,51.1113805
1,2,4,1,229,68.44191857
0,7,11,2,229,51.63008374
2,4,3,0,218,19.56464569
23,4,12,0,233,23.28497933
1,6,5,2,235,89.06372754
17,2,7,2,235,32.57861268
22,5,8,1,237,89.94646846
22,3,12,1,223,64.08369944
9,3,9,1,220,32.66009029
8,1,4,1,216,55.66820196
